sample_id	TNFA_SIGNALING_VIA_NFKB	HYPOXIA	CHOLESTEROL_HOMEOSTASIS	MITOTIC_SPINDLE	WNT_BETA_CATENIN_SIGNALING	TGF_BETA_SIGNALING	IL6_JAK_STAT3_SIGNALING	DNA_REPAIR	G2M_CHECKPOINT	APOPTOSIS	NOTCH_SIGNALING	ADIPOGENESIS	ESTROGEN_RESPONSE_EARLY	ESTROGEN_RESPONSE_LATE	ANDROGEN_RESPONSE	MYOGENESIS	PROTEIN_SECRETION	INTERFERON_ALPHA_RESPONSE	INTERFERON_GAMMA_RESPONSE	APICAL_JUNCTION	APICAL_SURFACE	HEDGEHOG_SIGNALING	COMPLEMENT	UNFOLDED_PROTEIN_RESPONSE	PI3K_AKT_MTOR_SIGNALING	MTORC1_SIGNALING	E2F_TARGETS	MYC_TARGETS_V1	MYC_TARGETS_V2	EPITHELIAL_MESENCHYMAL_TRANSITION	INFLAMMATORY_RESPONSE	XENOBIOTIC_METABOLISM	FATTY_ACID_METABOLISM	OXIDATIVE_PHOSPHORYLATION	GLYCOLYSIS	REACTIVE_OXYGEN_SPECIES_PATHWAY	P53_PATHWAY	UV_RESPONSE_UP	UV_RESPONSE_DN	ANGIOGENESIS	HEME_METABOLISM	COAGULATION	IL2_STAT5_SIGNALING	BILE_ACID_METABOLISM	PEROXISOME	ALLOGRAFT_REJECTION	SPERMATOGENESIS	KRAS_SIGNALING_UP	KRAS_SIGNALING_DN	PANCREAS_BETA_CELLS
tempus001_Pre	0.223858836631061	-0.0149947464239046	-0.335278485397369	0.090528308638626	0.336801827808783	0.454114736089758	0.234451293006787	-0.394337446761345	-0.475335019983454	0.0419484905808606	0.220019256887129	-0.46405041044593	-0.430308140061153	-0.463638579024929	-0.117453644575862	0.311117742019897	-0.211389882079177	0.0737309164492175	0.138308493720774	0.191355557612963	-0.0298782339279242	0.446602591527443	0.127553437563975	-0.40628371698482	-0.215292348035908	-0.495240937602435	-0.570875636882579	-0.591769986665414	-0.592615176860949	0.509846030183579	0.270674108733567	-0.320345173495547	-0.452024408875373	-0.59645167645784	-0.39642019921805	-0.525882117462473	-0.154704938509125	-0.350634045959327	0.422183916265517	0.410492732116011	-0.153494784801002	0.148968040821503	0.160917359989193	-0.307798136418258	-0.444239610123551	0.224773859966527	-0.128437173131423	0.391714081436025	-0.0129341407561954	0.0754186894307342
tempus002_Post	-0.474596105497981	-0.328862120650831	-0.297488114801433	-0.0533563234581957	-0.451617788642718	-0.387770225834152	-0.398625000732875	0.15272277075979	0.267689562868847	-0.377587422243078	-0.440617030235999	0.0587470751077569	-0.47602203123516	-0.400804696545512	-0.2797839384432	-0.370857239801051	0.202150941088857	-0.383951129853809	-0.357936583900836	-0.399910592450707	-0.437966741948792	-0.412315318853798	-0.367369303668689	0.0979620367951581	-0.0929262104273543	0.0130269595115154	0.337523848485424	0.555291102615418	0.516442667131978	-0.521630955161029	-0.375673161094656	-0.300314749682576	-0.112952296546403	0.348492247065054	-0.253823027220261	-0.382007105142123	-0.325467559275406	-0.120410992084617	-0.125250813063026	-0.503465979266873	-0.0200399263856413	-0.413804821000928	-0.333510939366473	-0.193213216346811	-0.0522656730417959	-0.265564485179737	0.23931772939941	-0.237075076503642	-0.0539597596065615	0.139345440657992
tempus003_Post	0.0870092660088234	0.23434592914153	-0.0331909137110807	0.226442120176266	0.300234600940454	0.0660130051741832	0.296752265768617	-0.179813753254213	0.200376432763398	0.0148429361888112	0.0828917961538903	0.010411566697438	-0.110735229554492	0.00135939282765868	0.010480189646304	0.27593758135471	-0.0910907321360771	0.513624047635492	0.353493492965169	0.286990458775368	0.215933772405544	0.115645103763822	0.128817896812739	-0.0896895657902724	0.111721700114388	0.130352535524132	0.253318096345976	-0.196169450816515	-0.356038406524736	0.291545624737469	0.181673888423942	-0.163621452188657	0.0273752568005678	-0.0502657841853049	0.162275923696637	0.0440459254139212	-0.0330934005085607	-0.0465644418183312	-0.149445082320727	0.277193768920515	0.345888540485457	-0.117343840763245	0.0575396263518759	-0.189477658169848	-0.0125288445778314	0.0499672286813379	0.157904408604315	0.0839688498941905	0.156925387334891	-0.0711265938277088
tempus004_Post	0.261712021899379	0.18079447775588	0.223429069479755	0.319212355762483	-0.0806041442885179	0.199727811851764	0.428370996756488	0.0674787040215942	0.301743415675662	0.289316862260588	0.210363422832877	0.222395775272435	-0.372723976996991	-0.256983641997231	0.219617960910781	-0.0114979662081029	0.14731110504372	0.193047881961458	0.344031833243687	0.282528810243368	0.079055713542625	0.0322319821868835	0.376471663636902	0.124487619298654	0.210462133393182	0.299935229040107	0.319537253030455	0.249872552603294	0.183984084101199	0.352897156921175	0.402449479379445	0.235186832688494	0.0954783295125934	0.0635187611836237	0.146847310773424	0.280527158619076	0.197102103478612	0.0224490992544494	0.0121538272477411	0.42889140712385	-0.0201064020812651	0.365159740813787	0.272910184688448	0.0902139542272656	0.15922621173407	0.479031867153893	-0.122780029099507	0.290076598533287	-0.119507951396015	-0.291434735507682
tempus005_Pre	0.0639484940167268	-0.0938511804136151	-0.278289301118446	-0.183768621018999	0.30943183671182	0.287577359300161	0.260599586948798	-0.299661263223056	-0.60519595909161	0.0869382691553788	0.193480315779641	-0.112878669775534	-0.0332090776120001	-0.146891456493336	-0.0925705291557214	0.258215988160204	-0.0781349473058814	0.3148803524355	0.29137438421181	0.167984532158206	0.225826147591319	0.231467789870824	0.0652604443105362	-0.399362538517306	-0.184259123319316	-0.437778986636719	-0.577635396302975	-0.517477605878411	-0.580198400145793	0.327954755734767	0.162155780310544	-0.237621472968605	-0.162138638301465	-0.475445911260252	-0.304783534461805	-0.19254974791828	-0.0375293791211539	-0.301791159935177	0.406155001529651	0.128735273175845	-0.00917768701029749	0.121728637258496	0.112452874349404	0.0623380180764231	-0.162969082461371	0.317623955736604	-0.0795453422478507	0.324782742964694	-0.0136102873477608	0.0126793490305249
tempus006_Pre	0.283994610844315	0.247236506917185	0.154200357720705	-0.123318285907146	-0.0339818447766544	0.151977801391872	0.342492388774812	0.180604944990216	0.204160323252134	0.172934097430639	0.275287911680712	0.384193348680279	0.188359972280566	0.241442564233711	0.0324301895706203	0.138754368254987	-0.136081817306429	0.583257225900033	0.47095303141352	0.20224365895897	0.00489626769244439	0.0906902184035051	0.416467743577548	0.398256083979441	0.155908924517152	0.409966314124588	0.366758051138892	0.524214359936717	0.402026025848577	0.403904931003706	0.341796471101386	0.494001094004636	0.387169191614217	0.433649675821609	0.293353307056102	0.437516983326998	0.0806896676277361	0.415426253253644	-0.110975582847488	0.385199034103117	-0.0909803934200223	0.509588006225389	0.190987241904641	0.352011531881762	0.378749285183393	0.397488632646277	-0.077785327195094	0.186669424585052	0.0304522078886272	0.364623296790685
tempus007_Post	0.217419076300025	-0.0387563279007265	-0.0443966641794739	0.236955481950413	-0.0416095474637011	-0.388250035903192	0.344060841825368	0.135801699959624	0.516743016425972	0.0501009068154185	0.0495585327364398	0.0309267557483746	-0.341737767674583	-0.207535098958581	-0.221528029038072	-0.173139799192491	-0.117722305900025	0.598327027487353	0.490380260541764	0.0558558506624523	0.0818308615340226	-0.130730094269098	0.133051157131402	0.238215978578764	-0.0491284366685576	0.325059185448974	0.550865856121188	0.647470206326378	0.71161461039461	-0.00823854316184666	0.305092280624886	-0.195023211937488	0.00145153632576087	0.280308631658725	0.179566924080383	0.331296904562927	0.00744721128192136	0.200520542349708	-0.290448707001107	-0.108345975362678	-0.229147087095902	-0.0680784024462921	0.0470386244595535	-0.29907080877382	-0.0800696575137695	0.352289937196486	0.255221638467389	0.00366164466995145	0.120000134634456	-0.0949805566643628
tempus008_Post	0.581476407119617	0.409840767613187	0.335286892593935	-0.256033238230265	0.0749211361392643	0.320716593169282	0.561119249176421	-0.0394560894892963	-0.543884058866406	0.370056937726773	0.116981613511731	0.250650492109118	0.520750735224752	0.422130873374913	0.382544368563763	0.00317673039985075	0.385512388952298	0.358056162232349	0.446156092830847	0.19343260007232	0.118909615051141	-0.0747460296469318	0.483617640717846	0.234980148858071	0.381368046840851	0.309559413770542	-0.613421824211726	-0.0176774560680827	-0.196990721254512	-0.0859402315479299	0.487531541881402	0.278225198374632	0.259827414568857	0.466884801000698	0.251218731931476	0.634311116029691	0.431287038951529	0.376806560490307	0.0241480883652752	-0.132437033538184	0.287567660764454	0.242402115386019	0.409223278430898	0.21101841026795	0.284036463283293	0.5012089741444	-0.119373336476564	0.269600440451733	-0.00305799273579971	0.338392155003377
tempus009_Post	0.210222915538662	-0.0988393040590106	-0.233122542815458	-0.200366266836814	0.261777611301004	0.0960596702735482	-0.0247932079467636	-0.0608988258607719	-0.432775074382916	-0.189988835170298	0.0596538698869938	-0.338900178710682	-0.00312360536976897	-0.0992934736135184	-0.235211056761171	0.0215792197087087	-0.317777598710433	0.175068344741304	0.0674703656614791	0.120345815793394	0.00470956029548972	-0.0672424367716159	-0.0720192137869687	-0.219001765722475	0.000891546583927677	-0.339149775724931	-0.564107963408802	-0.44312241432608	-0.233268574407481	-0.271351237179853	0.0339663335933845	-0.239287494014019	-0.340919947574374	-0.488300275588988	-0.225094925059663	-0.0730307563572699	0.10552644363963	-0.0827768806122004	-0.146372186271749	-0.249602600705506	-0.0505180005937241	-0.234483872044827	-0.122345333882056	-0.311246412848413	-0.334182874386626	-0.118438143362704	-0.310329061427734	-0.204729577289144	0.268438907428042	0.0481522436751878
tempus010_Post	-0.415922609700363	-0.281614790585365	0.0222482348849349	0.24500387303651	-0.363596175656706	-0.336134150090226	-0.236847306717427	0.309189882962593	0.56299319207508	-0.243291544131059	-0.357490494675399	0.107077539579939	-0.427749936559193	-0.243095899952876	-0.0445042241244237	-0.34662709531043	0.0684983295252835	-0.27403228352502	-0.267749803252338	-0.246554745986433	-0.0413166478488194	-0.458229804223607	-0.178854137747645	-0.0719623604972469	0.090217062516362	0.247787681697874	0.655783773953921	0.462698174705807	0.0827582212815608	-0.42511965075888	-0.322179262374749	0.318073381319447	0.295165472954293	0.258796475871846	0.047428924735883	0.183024352460532	-0.088602143516423	-0.000763557721088881	-0.285069863680542	-0.370533214292224	0.0235575210726795	0.130669617040114	-0.280905443140874	0.336403953333165	0.218425874045613	-0.216728686255547	0.187408108460458	-0.334558674109143	-0.0521589573184701	-0.195743699708799
tempus011_Post	0.48374094577717	0.0877594382575593	0.285322498933753	0.0760316692108703	0.0648790035348807	0.0732569448368979	0.293225903613384	-0.0663629703524467	-0.104707484333842	0.340333793084433	0.0796969120398038	-0.0651868937392487	0.35447584514625	0.193160542581437	0.275471361497294	-0.0518518780619881	0.416990139613922	0.0838276098191329	0.21239297835023	0.127548836815678	0.112097446822543	0.0493536400415074	0.11128149326432	0.366995951557819	0.165013877248835	0.319519684813607	-0.201444204234303	0.0778321352813671	0.147961782464326	0.315671923465465	0.377667003321974	-0.185305224520008	-0.0913095857988361	-0.144667224260173	0.113967758520577	0.00319321173376796	0.326287790668575	0.198792673754831	0.187043762192773	0.0508594513623029	0.0670029312949821	-0.130103182310469	0.103269723435148	-0.106988548856659	0.0371274882382142	0.165284579042558	-0.104613420092966	0.0693825046564985	-0.111015257236144	-0.278335600423965
tempus011_Pre	0.630724455745817	0.301485957886931	0.331136540515973	-0.0667510004862845	0.0990594732312359	0.409934688558946	0.51602525337933	-0.172983180697599	-0.333725036636379	0.415269189812852	0.270445905550207	0.122384975539608	0.397415502354777	0.309380933234871	0.25909259252852	0.115322292240198	0.303218656491602	0.115997714070882	0.376283266629324	0.351478556286699	0.371796868670293	0.0415960955719791	0.350034109260224	0.209721807645475	0.233213794857552	0.198741283517476	-0.374352072451248	0.0590004902272075	-0.0540537019527924	0.564878832836076	0.514410709111243	-0.0929457666877786	0.104047020426864	-0.155892061238074	0.127292263494213	0.227112335808849	0.342176654557075	0.236196021294917	0.362077610524026	0.191288213859349	0.0203377244115258	0.155846676738476	0.379090197938655	-0.0761642328363046	0.108787032689447	0.489326476223657	-0.167508771554209	0.412924137780179	-0.0123805233033484	-0.164737500102642
tempus012_Pre	-0.254760966168679	-0.156443185268275	-0.0636363886965794	-0.25534287103548	0.0681413446334368	-0.225579280254739	-0.449037528410874	0.166841148106478	-0.351864464224926	-0.26630238741978	-0.00350624239321828	0.129759804812696	0.214780600370475	0.0851339351336349	0.00875394596231918	-0.100077560927268	-0.30309794138862	-0.53924277266269	-0.492338833641893	-0.166643937113533	0.0292751619214642	-0.538091864672418	-0.403447061092167	-0.0483202527695916	-0.182521162040518	-0.310918524522208	-0.332909434770752	0.0941235478544479	0.204368136121588	-0.551071335958413	-0.455746056608543	-0.242587412478432	0.0331420759880243	0.435138406924116	-0.0472934298817331	0.0538242304535753	0.0388711331919104	-0.0980859190933676	-0.0955046423115297	-0.400989798507995	-0.0611228719840411	-0.340400258608773	-0.251695219909266	0.029628255738238	0.0601951557391873	-0.38283847456814	-0.100711056134575	-0.352820243357833	-0.0182698382248407	0.117968682576061
tempus013_Pre	-0.157554922066478	-0.193936051174276	-0.400908650981193	0.138621274035791	-0.229549097201172	-0.244384123297309	0.217729315690328	-0.168937774054955	0.218798709885049	-0.105307481771775	-0.0979965032745687	-0.305694937152598	-0.0320883601269486	0.0428220216927225	0.00563861892196443	-0.324965562847832	0.219442584813691	0.55188185377106	0.398179280589755	-0.363462336441316	0.021003285635619	-0.226434646913421	0.014606935892474	-0.0332463314577693	0.0150334736800699	-0.099582396507141	0.364107806971631	0.0240043424187587	-0.221230452219791	-0.413946853949747	0.0671251079264014	-0.32209882900751	-0.302047440767552	-0.226186840421592	-0.144275971826108	-0.307115548985912	-0.14936535785412	-0.264366268785019	-0.111079609855541	-0.206854915624108	-0.0501554539983687	-0.244794498117657	-0.0710862811284195	-0.272262088381867	-0.305315619483429	0.146428079879055	0.225166028406428	-0.0119757083614988	0.0411832487772481	0.0562173512084006
tempus014_Post	-0.242628180616002	-0.160435146051738	-0.28301807911614	0.0823875069097216	0.216663478972708	-0.089182031049219	-0.319772182307207	0.0929915888241446	0.462869942328862	-0.112848869987581	0.0075846618304089	0.0433210932688543	-0.308027377884769	-0.227357694943905	-0.217544942075298	0.013805630981078	-0.103625021949184	-0.0418583566105463	-0.181016701864763	0.0422393012759041	-0.293942998240805	-0.113153710082381	-0.103736389985375	0.163837777588397	0.166036128240764	0.0972575521499516	0.343560316446537	0.526174171072467	0.572132346160267	0.158699508410977	-0.259746057468014	-0.269603150838132	-0.071988172687094	0.486839923502826	-0.037796971519454	-0.106985134317921	-0.141824718119341	0.220529219174541	-0.046659389002574	0.161446079787673	-0.189553410589675	-0.0379906593995719	0.00261829977207834	-0.326861445133463	-0.107639036421775	-0.162335775698755	0.111021036665248	-0.184910814621598	-0.169694715092563	-0.0243825565196303
tempus015_Post	-0.0861973993876466	-0.150142289647319	0.0785600402315449	0.0307211973146826	-0.27667303827894	-0.0921427350292429	0.211041821420151	0.168866514234718	0.205321344508593	-0.0139788768805588	-0.253572924523984	-0.077144305430886	-0.122574120042453	-0.117227149387498	-0.0827533653268521	-0.253860073516124	0.342865125846031	0.613713654346415	0.441372499735814	-0.128762973651791	-0.0523187019117574	-0.172513340697684	0.219020669797859	0.0680905081933159	-0.0473418608943751	0.291014021489253	0.326971654241453	-0.0135044005593998	-0.199765822553885	0.0595600089805086	0.165802234514126	0.161631665730238	0.0235921969064175	0.0671926344635296	0.108231031580124	0.0531130872507946	-0.160765064270803	-0.0510035140909786	-0.0225945651094489	0.0393488260983413	-0.0490227806267114	0.147258711746211	0.063586208360313	-0.075789279913027	-0.0631671555486071	0.0132922109951278	0.0972243625920747	-0.0110818749661488	-0.0847833755859233	0.0515642885771442
tempus016_Post	0.332162855314119	0.302144306001384	0.101212095277095	0.188056601183972	0.0302582305723189	0.0163719488415897	0.106531546801126	0.32502399782958	0.493014893227201	0.187896112053527	0.0353229536110261	0.0705382233413309	0.203546193769357	0.231580686096419	0.105622672105178	0.0494741819556329	0.035885400694527	0.164263390847248	0.029171024467337	0.136359456489461	0.0703265137884496	0.0607668805177061	-0.0465822493009043	0.387864903925608	0.0925555615149628	0.428614245681743	0.494165804287337	0.46416806846233	0.621173073777609	0.471741767446047	0.158524446155687	-0.0966259475780641	-0.105829596104009	0.0231502830651218	0.377027703734414	0.0853538404317607	0.139403714457684	0.278760611665025	0.03681980041819	0.135503575499936	-0.159292228420468	-0.0202345986485132	0.0756273234871427	-0.293250546532671	-0.153310029610169	-0.131973352789949	0.234406219993109	-0.0268282447248664	0.0194322238938369	0.0774562769362662
tempus017_Pre	-0.236522772187208	-0.232079100085649	-0.263720096702915	0.161890394002097	0.0921385857658907	-0.0112817430510902	-0.282917557989214	0.146916312601724	0.0714051533426186	-0.0633562475231996	-0.198204452188591	-0.0997859081567949	0.158990575944615	0.0487446178628476	-0.330218083691742	-0.190225150011081	-0.212342944343429	-0.216266293989468	-0.29167128669478	-0.201347381553654	-0.0687322253014878	-0.367635518505074	-0.282571301499477	0.0246444170790096	-0.128323633110487	-0.317052198197902	0.14635941595177	-0.26977790163602	0.220124442729116	-0.367853622220645	-0.188522662439348	-0.166011234911252	-0.305157624634938	-0.220000170210829	-0.189435667739042	-0.347435141370335	-0.136716779960468	-0.0165885220048199	-0.239636876733845	-0.357861326620722	-0.208236842218583	-0.285475104367865	-0.182135583773171	-0.0968222332817681	-0.14675582785718	-0.253426003603775	-0.152952742380997	-0.365780950622413	0.0426491527415523	-0.328164162774487
tempus018_Pre	-0.254781395433273	-0.165219358607992	-0.28609142496247	-0.199464899334674	0.0549287166830925	0.0776144084761236	-0.367751415657599	-0.252527473686949	-0.549747190927726	-0.257575980886004	-0.075385719356005	-0.361838571168086	0.141554821597425	-0.0904819683832167	-0.241418574536559	0.15745718859285	0.0494227246663574	-0.220794706403391	-0.323168966805464	-0.0380585248060787	-0.00749359512115347	0.2820760708224	-0.331437181569111	-0.246322113019947	-0.3287309875083	-0.497476955390431	-0.605563389883536	-0.438209777214703	-0.488870363160993	-0.312501203987208	-0.414442455160973	-0.295986468722889	-0.373711740617669	-0.417975831455419	-0.364735408146314	-0.438832443030096	-0.326686593755807	-0.38009218605658	0.242609747178359	-0.108066537055264	-0.144305203846355	-0.31203745320476	-0.209422565094544	-0.0263633552218644	-0.193270585957578	-0.449120967782437	0.0213611090239064	-0.199597865800479	0.0714632872765568	0.0548497446959424
tempus019_Post	0.121636455358409	0.0379814797133523	0.227222709012963	-0.197368222227848	0.149941759111854	0.10140279625972	0.219904907878254	-0.28694368203439	-0.180461726093711	0.132837633589404	0.303905320507704	0.151680563813391	0.0629152453572672	0.182777347817423	0.189392671140821	0.231179399817096	-0.266178983229939	0.498348991811818	0.382818416914072	0.244017235709774	0.215392210563261	0.0799606259562234	0.0239105869727934	-0.115145750514283	-0.0321960956039266	-0.093083487329547	-0.233738781185214	-0.284921540298373	-0.189867359405493	0.102580049078392	0.168561642608134	0.234248472984464	0.268579682348221	0.197552593237821	0.148853807026334	0.0886856697721176	0.179766340678224	0.0435802771347591	0.108538051057372	-0.0419560794342386	-0.197179687685728	0.0663544606920055	0.266151439862301	0.00421423546025931	0.0365327432255668	0.264390927588848	-0.042805213076657	0.203907162254128	0.309953035808339	0.324325761435452
tempus020_Pre	0.340317727658344	-0.20606628416069	-0.513955385739684	0.140691315780405	0.197034666818268	-0.0393830624040916	0.341414558386188	-0.276239240985059	-0.292742003982294	0.028418226052093	-0.277951101730248	-0.492756905728246	-0.235589622352882	-0.323892451537716	-0.299198629794905	0.0212140640437433	-0.445107873814281	0.463486151617773	0.457655799048569	-0.149125739240435	-0.0885887819948818	0.0670424767602602	0.0282256886179948	-0.317130048500856	-0.117514092178436	-0.502501031592531	-0.400541136078875	-0.453259725572168	-0.492226359966176	-0.133993504502931	0.270516012433111	-0.430416766868882	-0.48326419925483	-0.579959037679028	-0.450569703259481	-0.410600409460862	-0.204615081661274	-0.291320589978908	0.161629605356939	-0.228468935285273	-0.218608223956973	-0.401879136076778	0.15090436061185	-0.392044450755102	-0.451247806945361	0.446820732600013	0.0471149231972156	0.207129913300083	0.192121598884244	-0.175004713519005
tempus021_Post	0.198855907769049	0.239839322385465	0.179065418040671	-0.365852939071766	-0.194662538380417	0.141589460414954	0.370711517497638	-0.185526420620402	-0.595701463732295	0.0945647402231079	0.274494826039082	0.30073014040407	-0.305118714140213	-0.126139168863493	0.154985707392476	0.0174868705904243	0.280857837718117	0.2238016196215	0.241893139888451	0.174206960511458	-0.0630688183453555	0.0927490594732725	0.332389513093564	0.00409938277514274	-0.109207796317828	0.169597874758334	-0.597393782516172	-0.36414987110293	-0.385274663570927	0.299656896250837	0.187720841911199	0.549519714530433	0.48007292717722	0.320342408503723	0.290316497003129	0.330263592756056	0.106313284808997	0.138170941681096	-0.00386250467887109	0.339635115456728	-0.0375560318184363	0.543744126701575	0.0914638271686098	0.526224620564056	0.269337715564656	0.120252119919692	-0.23518302836237	0.241834369269971	-0.0264060007258423	0.315883384198623
tempus022_Post	0.40046096615917	0.172783535892269	0.0609873612414057	0.00879004193122535	0.0401598355963386	0.352810119881623	0.413271095816768	-0.0408135882922875	0.0614310381721225	0.174030847020862	0.299419186287487	0.264802823656153	-0.287454305972318	-0.188962990558529	0.241522802692071	0.327156332924266	0.270258498923428	0.329375639252675	0.325137104508417	0.315896358947857	0.124744875736363	0.354112423238065	0.359245001494956	0.136942187398789	0.293444117810597	0.113790969440773	-0.0729504596915508	0.108323350044343	-0.354779394968019	0.562821650869901	0.378795605931594	0.0434770146723212	0.128532434584856	0.0569672513119978	-0.0333450200430142	0.339958001832602	0.154606235826459	0.293927937200247	0.197246958039898	0.613109215426409	0.0230265099264707	0.295280261610961	0.30814355103404	-0.209007722539143	-0.0741864182783617	0.393520438295565	-0.0861311804830077	0.405548731482819	-0.0854942695885225	0.345830163122415
tempus023_Post	-0.224680249504381	-0.227633987994243	0.0736402571200505	0.124916905118118	-0.155907859463526	-0.341860683598419	-0.201209949052482	0.297417772751805	0.491602360333864	0.130109611635329	-0.129260903152771	0.0106045221599072	0.302656965109115	0.30086979145018	-0.0566305043648825	-0.275779685874529	0.218513645333596	0.461133330168816	0.182935681247922	-0.352395916636775	0.0114282767587547	-0.241803410526852	-0.209818674080753	0.135344992622	0.0939130740880945	0.31953254265258	0.550288959177409	0.305740043156612	0.355571806628867	-0.472784809092853	-0.263736872210913	-0.199362755868788	-0.0520946678010561	0.141159312610213	-0.0175112775946554	-0.0309589741765036	-0.0464618910195775	-0.0990037232669479	-0.223344597473671	-0.249883319208418	0.108210979700202	-0.263822320262556	-0.210122920930112	-0.146381395785088	-0.0628487176903107	-0.386693948416693	0.135922162059809	-0.307921968961158	-0.00405477689111833	0.113805376867166
tempus024_Pre	-0.103888200818293	-0.172695083222253	-0.473092790347698	-0.0224543583583078	-0.134270422988456	-0.260923214437911	0.260854212070641	-0.274127276319807	0.315710634283108	-0.087543799832841	-0.133670372480482	-0.228120424794295	-0.16038721039541	-0.0431015879448302	-0.117131201516627	-0.137889750695632	-0.404609459340709	-0.396927079279409	-0.171632688041739	-0.0102910069537467	0.296774820357134	-0.0653536396675395	0.158445432802923	-0.472342485978303	-0.117256041424614	-0.277096211068323	0.297612552983642	-0.395180857784135	-0.551406830376015	-0.30031288132124	0.153975265031545	-0.215405276860765	-0.264500680126	-0.455388776532583	-0.305599205577981	0.221639958154715	-0.0659823246014133	-0.214776829303515	-0.0895367268827252	-0.204549169045266	0.618448682297931	-0.0656106544445478	0.118094250708916	-0.250698684291163	-0.391445969510872	0.403908049142406	0.295532268778917	0.303724910925696	0.225777514329506	0.199689701953879
tempus025_Pre	-0.013220579226649	0.0607365262601202	-0.292659857386764	-0.0331894862388548	0.266964495979321	0.251599020522687	-0.386329213534024	-0.146319057497283	-0.374660904436169	-0.0729511556508406	0.299344363238553	-0.187728195923905	-0.0675214573278068	-0.229485090452177	-0.369398411481744	0.514448345353468	-0.380293554249009	-0.372854205299984	-0.37507003994161	0.329748873300822	-0.0258095114899392	0.37509645740927	-0.375047868895936	-0.224101844465144	-0.170839739338374	-0.399145805747107	-0.445389286058973	-0.407382844743001	-0.0912266187579017	0.463710626708174	-0.317891762989595	-0.335590759206832	-0.439562342572033	-0.232825941269817	-0.14633689711281	-0.307880404626164	0.0411366367168436	0.0715465287817988	0.173978349851345	0.437525659780125	-0.206745166219537	-0.0599680201874199	-0.116579067088753	-0.205756796380091	-0.247550080061329	-0.384230694473511	-0.0612673530637294	-0.208182550188649	0.205978019981084	-0.0503054751048211
tempus026_Pre	0.178548539731259	-0.145887778864646	0.262672146895482	-0.181460811128759	-0.000375736336964444	-0.127447125148911	0.334690363949015	-0.102179968773261	-0.0965669248204394	0.0830301688005038	-0.15482112659053	-0.15966249993715	-0.353971886512681	-0.315329844512852	0.0669796348568693	0.0591914172296932	0.0291561991806917	0.624716709938378	0.548297759222406	-0.0527846934020536	-0.112316750802391	-0.312831174126497	0.247006703008923	0.120172758879128	0.16886044088435	0.021637359874258	-0.153201494534003	-0.200925756199049	-0.269593163254274	0.307395421342105	0.305542837311964	-0.283380740564738	-0.130397191766399	-0.266777904021824	-0.0802255033637217	0.0160664663862949	-0.0317816546184275	-0.0385099582125229	-0.0755892272572904	0.092121479362965	-0.212648329970969	-0.0844659674149988	0.214836793551108	-0.287162635904496	-0.0412292902444929	0.386772188682428	-0.0701349111386658	0.177175921336955	0.100811329629151	0.112678042078389
tempus027_Post	-0.250507414078239	0.0106068690278946	0.412509475176641	-0.389762991086584	-0.21512328596181	-0.333982128196493	0.103501580571123	0.0452643358194765	-0.454363854722459	-0.0381568515525811	-0.0506056712587977	0.320434218791333	-0.178775522265284	-0.0255714919827098	0.139636167084537	-0.213943969748458	0.312188703019043	0.302461215995121	0.258908776082489	-0.208390015922699	-0.0759125310791084	-0.40650261762306	0.300062340199976	0.0489660521289907	0.0445305799654142	0.0732289427973514	-0.469485863895146	-0.307710038761644	-0.19526271616684	-0.487609873697301	0.057083930516993	0.537640297610013	0.435844745898086	0.360589072601109	0.18079538841334	0.272462389326137	-0.0673607922733373	0.0960864119467725	-0.251996324483627	-0.195580398447427	0.152035397691413	0.448952914085889	-0.000839557498721277	0.492590663589764	0.327129742546081	0.0697576855403482	-0.0508571481934769	0.0569296276848036	0.00426700188632156	0.0797625986195509
tempus028_Post	0.0816737173296751	0.00928677297787048	0.0830487792307789	0.125622666108966	0.19197036970804	-0.195376627329988	0.166943702471977	0.143251303490337	0.402847637716709	-0.0936949357806044	0.00168685048681097	-0.0150736159059174	-0.338639912736143	-0.269588270837469	-0.148202651074749	-0.158598229377962	0.108984892418633	0.281337133684897	0.263535886168718	0.124286809912853	-0.14924581414035	-0.100234272102933	0.104113365760396	0.260505527460335	0.0848268483529826	0.339913335451215	0.49631516462619	0.600114274352259	0.691721691809406	0.0866710700954848	0.266497286248379	-0.247988490958389	-0.0416660927393347	0.305323869135609	0.154905016418101	0.253645926780251	-0.0910170961024086	0.167520398841937	-0.264056721541847	0.259886937423817	-0.170868365393075	-0.105116189388593	0.109672340017347	-0.269595773202189	-0.0639647264000745	0.38972217862826	0.241450892173135	0.00465626455958365	-0.101011403707513	-0.0509197641209351
tempus029_Post	0.134351655574481	-0.168855069114129	-0.166458768473402	-0.14972414681223	0.0184687902956067	-0.35428290670502	0.0562256139608539	0.193667201065037	0.317654402228052	-0.0473444520700093	-0.332970267939715	0.0420621455751042	-0.338289774255805	-0.204218485436769	-0.36251487047571	-0.206018142152813	-0.440316237544136	0.141162685524599	0.223639515751198	-0.131942557609443	0.0137195094307698	0.0116188939601791	-0.109259280961564	0.0218086269147707	-0.00682201716147304	0.0921794544304679	0.467256888015253	0.51375210464445	0.661708312869937	-0.348133815905714	0.0132219747974658	-0.278212580164924	-0.093783752850874	0.298151302234548	-0.158676459474757	0.111197892119743	0.215600874868391	0.006098820544472	-0.37408610615619	-0.210585985564878	-0.223397944951441	-0.329850717361992	-0.015998869554098	-0.307445625842137	-0.214703893315672	0.283855260438398	0.084518301437567	-0.106824753188085	0.13882873842515	-0.0374592644851209
tempus029_Pre	-0.209291849417747	-0.230191517062499	-0.108499288976984	-0.0524935950383968	-0.1469558720282	-0.246180965809524	-0.4250412421729	-0.0729780697969094	-0.275574042082596	-0.220520304225473	-0.314179554206776	-0.053900296252111	0.153472549089211	0.0524607118930612	-0.219440396910818	-0.106982092786648	0.0442166669135526	-0.354918380914985	-0.419460696107608	-0.168722034612243	-0.0339365019446624	-0.0532358373515021	-0.439953850565501	-0.0609097152254318	-0.141523365638435	-0.136306192461493	-0.230213348571083	-0.2509959527553	-0.184590185861288	-0.408083547958421	-0.461684404488371	-0.266125241396264	-0.181121459753006	-0.035514923573547	-0.213446239494319	-0.214366052476787	-0.272154599813643	-0.18296979938881	-0.15800724114534	-0.273531136528057	0.0768391228746456	-0.413232780312718	-0.334042994797783	0.118861243987673	0.00705135900214404	-0.490476724325217	0.0358292828222727	-0.297354978328841	-0.172053247857014	-0.0069101273053129
tempus030_Post	0.411523814071528	0.148183919473785	0.481404266253815	0.222531554120764	0.0155781831535797	0.144746405662729	0.454282992571117	0.0580657548185448	0.213607105091675	0.211389701531703	0.125196524397336	0.130829307335208	-0.148576003368335	-0.0938543008484152	0.0727481296196656	0.235389926570143	-0.0780605800407494	0.279952056681524	0.391285696750031	0.354365974321159	0.247521525158329	0.32363669351565	0.335941431964402	-0.125337465379699	-0.0101623070677559	0.115495441236455	0.365873515336503	-0.105062183061322	0.0170372259516532	0.419940183456629	0.395400660774119	-0.0204716652653095	-0.00161442080561944	-0.113143084387635	0.00160862401741685	0.143667543729648	0.232324500067071	0.178117603355051	-0.163042122011464	0.311292164802021	-0.200663051710679	0.156092329095054	0.281280908357085	-0.00751714760180411	-0.077270261786103	0.468976504397961	0.00740319126839017	0.18147143108573	-0.0321444382286163	0.232083605961139
tempus031_Post	-0.372323163369101	-0.24664521348539	0.00718182578909504	-0.01126252551035	-0.206260072933378	-0.193843456271235	-0.25941359413061	0.351812949945947	0.267410509114752	-0.234613390638209	-0.226889866492635	0.0530390550464681	-0.301825835187727	-0.130693454043266	0.146156170244489	-0.201836499507338	0.253149233968921	-0.324375992747685	-0.330744853812931	-0.167856937936206	-0.254553467688798	-0.375968955394608	-0.347264754912472	0.0968202479427682	-0.0056596857296837	0.0513877306320886	0.300476859169212	-0.048356097041217	-0.060233548957851	-0.365849788858173	-0.442192375752685	-0.164671175909628	-0.0364842412926555	0.139490600194556	-0.119100911849709	-0.176164391407209	-0.0093248170609862	-0.0880901432234813	-0.184192174575306	-0.459149432166061	0.0464303769030769	-0.35313756546251	-0.2496154715413	-0.237932318516166	-0.110186813530101	-0.346867809506554	-0.00108031976344256	-0.352189051499034	-0.0395197627665798	0.16184239797143
tempus032_Post	0.0890074750919106	0.218741884707289	0.44641872898583	-0.116507247211892	-0.425387468075569	-0.221834182506703	0.331374730638995	0.132988265178114	0.357158871197754	-0.0511023360425201	0.0379206888913025	0.539748517482606	-0.0241063648956154	0.141338680470134	0.251810581918446	-0.141178375091801	0.0449345077128108	0.499784216935018	0.378479330175495	-0.0793433970035441	0.0656959762878325	0.0120337763267891	0.33720048473473	0.189360723683096	0.0204846902227026	0.434273047097975	0.462178272020188	0.341387793007843	0.46904497832746	-0.210715147797303	0.166950114360026	0.667360548619161	0.6634020989204	0.61943853465599	0.346203438389769	0.514609718216408	0.0503865457870928	0.381866636078625	-0.148119048053667	-0.123947271521384	0.166413035098507	0.486343770005907	0.155444994390367	0.595861678342079	0.505100044982764	0.161796987924465	0.0629641323273986	0.0357078390177437	0.0236170346029201	0.339283854542039
tempus033_Pre	-0.337534869351224	-0.339338830970335	-0.465592184244794	0.102683945462626	0.147728992692484	-0.306771637057804	-0.177217603598907	-0.0235577333589064	-0.202938465608293	-0.235796809951737	-0.173155461158476	-0.345970809345359	-0.271710382001645	-0.289008351475327	-0.364420413075176	-0.190260446061499	-0.260172433544799	0.441005828471066	0.271044515356438	-0.0746562252521558	-0.0432271907975997	0.100682605548685	-0.208071620619884	-0.36911634233802	-0.105372553022542	-0.423445614619127	-0.210687150916078	-0.482776874147851	-0.228215520511168	-0.332925964313752	-0.173059346265364	-0.465220991482224	-0.416251857126869	-0.445296640794418	-0.341948186282283	-0.462936141278093	-0.38105215779254	-0.190447862244543	-0.159755764120166	-0.233780294079743	-0.205492213092319	-0.44428450138363	-0.202706525582008	-0.39352578847734	-0.323389151325813	-0.0354503803443108	-0.0753080092492182	-0.247126282682169	-0.0149000305516651	-0.238661379517923
tempus034_Pre	0.218196443814077	0.299846854899127	0.275574457399641	0.072623943338496	0.315855852043447	0.37735336659748	0.0972135721550149	-0.249125414209743	-0.38024638377812	-0.0285194555580038	0.283794418629902	-0.148983087888617	-0.162400326428523	-0.24654277147007	0.0699086708199214	0.35515985872794	0.115697042650323	-0.491223586565018	-0.305819081402989	0.333110644528189	0.109203568508872	0.279025383617816	-0.0186278037627635	0.045049066715878	-0.14810128004278	-0.00149382651590232	-0.395993572788325	-0.281161149374336	-0.0636665049820548	0.607446222287609	0.139175896849252	-0.135330203452898	-0.134778517236682	-0.346373700650181	0.221886563176603	-0.183637178832732	-0.0130037591382619	-0.117181501158601	0.25253683959492	0.423423401752875	-0.242275507166471	0.219203544533528	0.143280955710737	-0.17470396186285	-0.170349304283013	-0.0977662902840354	0.0209813362682666	0.175630348161076	-0.0553223871730774	0.0111899983343842
tempus035_Pre	-0.189180411780431	-0.128540262169212	-0.253703765952278	-0.0884399518009433	-0.22639860181423	-0.294954739289091	-0.0577932728203995	0.0553676206351771	-0.0713104678846234	-0.0770345909559246	-0.0955688151994701	-0.157113072868949	0.00490107010150065	-0.100810473668128	-0.118116675054213	-0.230073473279176	0.028327318927589	0.273453555175644	0.221404482133605	-0.204356694231299	0.160271478663857	-0.259660001649313	-0.11568039545363	-0.199237973095403	-0.0679274116074778	-0.362541180124217	-0.113466994827794	-0.187762096281924	0.262972108575991	-0.439027344321131	-0.0815667672449901	-0.311696639111458	-0.228136380035854	-0.156086664949385	-0.228245306271249	-0.165472190136223	-0.134967875942559	-0.291620816341801	-0.238671463142771	-0.390508354653645	-0.00151390303111759	-0.379473373369936	0.098781226997562	-0.241873060539126	-0.0993399310947108	0.288650742855928	-0.0102373390552984	-0.0513826583285249	0.0310467700772379	-0.275473829625645
tempus036_Pre	-0.0972088585240119	-0.266913615318637	-0.104113238049739	-0.0342349871014986	-0.214157381769219	0.0684834395149317	-0.123006277525672	-0.307532394785256	-0.390416482269394	-0.0830578568295196	0.0849008099495404	-0.277727017751624	-0.116282359166953	-0.202240211245801	0.0612442890750512	-0.149854716576904	-0.0828551934527531	0.322824731150614	0.197168594514977	-0.2316465532603	-0.192919647208816	-0.362555339186389	-0.010585828526789	-0.320512095870129	-0.0152667363085882	-0.310512310981639	-0.540765884813588	-0.479659653503605	-0.499737489272644	-0.465254744372194	0.0539415417342967	-0.106975662347199	-0.31093622755488	-0.430246020242993	-0.314042483608276	-0.245853061989181	-0.0729961647289635	-0.318371236176813	-0.0303043661244261	-0.447893830377564	0.0151276189499304	-0.166496302644431	-0.109220573039788	0.103846614286446	0.000846272248850533	0.0104687560431831	-0.05323525727584	0.0188089400125178	-0.00314029990673087	0.038331629028001
tempus037_Post	-0.224848881910534	0.0962888191303138	0.0146596869880169	-0.144272227353746	-0.220300830074874	-0.180028499321356	-0.404886020322513	0.29163354624496	0.0359317198251218	-0.0974370765555856	0.0173692811667255	0.219621539710173	-0.268132959570305	-0.179375571237267	0.0535377181810744	-0.12795212021212	0.154135676267137	-0.10912742692885	-0.261455520495292	-0.160892149791507	-0.470426121920334	-0.257965052638311	-0.171297803987496	0.256430165243383	0.130807499276479	0.251996847868493	0.0499762109274194	0.245254172256079	0.0644572770640248	-0.266588688259546	-0.364309463115917	0.0157805181241391	0.0372304225264026	0.390950173573514	0.198222384881803	0.0250791431701123	0.164773572599324	0.0489676996822699	-0.233015937276514	0.0282795476256984	0.0230672994377047	0.05639593030845	-0.249890885514687	0.0384887138647804	0.212970416943488	-0.421693791478893	0.130212801443458	-0.292088850494452	-0.0109824857140482	-0.221614952885098
tempus038_Pre	0.383410700674867	0.285230160359728	-0.234856244396482	0.258791465783702	0.258939574275114	0.455444505174865	0.0503436381344067	-0.0153680499500463	0.153675670608093	0.231714682318794	0.0521899205346017	-0.108374314113275	0.387547940915564	0.217478625659959	0.238323144861615	0.125824875824467	0.224668892825005	-0.536151508389435	-0.381183424831327	0.160624444024903	0.0840404528531443	0.271483941335029	-0.0969708396810338	0.385809581586573	-0.0943706696747738	0.245652426574612	0.11722856472894	0.336191805804013	0.423737715277482	0.520896176874047	0.121178668152621	-0.0768110859931891	-0.280700118071771	-0.151517960436446	0.0248467083466659	-0.0429227862123174	0.0862282904429346	0.199489406697923	0.329924608904577	0.407967600937342	0.0768353727910108	-0.0548143568156033	0.0745695868387423	-0.381453151126849	-0.271420193567746	-0.313619339071087	-0.0199621100369552	0.0519009039708121	-0.179673774205146	-0.0983964096786956
tempus039_Pre	-0.0353040934959018	0.0103206635809499	-0.133140177579537	0.0565164487360198	0.162739243553961	0.151546289458819	-0.39229925585046	-0.107738720495316	-0.258198765703265	-0.0978133020706587	0.0825615338188933	0.0540983387215392	0.0321575292530448	-0.0948891900820081	-0.173888159844084	0.0508895612841395	-0.0216630691983652	-0.3469432242436	-0.340698363706042	-0.0126722902920906	-0.0168447251924041	0.333513365308703	-0.279153525232063	-0.0553117014886377	-0.141496083003606	-0.218877938345904	-0.325580347286335	-0.29580757647568	0.0621942740128041	0.111144761191489	-0.245665867458432	-0.259226574163756	-0.337950889411741	0.0495557476528253	-0.16048102698723	-0.229028279363332	-0.0159038229821978	0.0628084142058545	0.151023846480723	0.195889419872516	-0.0461626859091782	-0.195953401003177	-0.153311645760074	-0.136332626957978	-0.144008700879233	-0.286508915341013	-0.109075440422793	-0.158250764542074	0.024833106714229	-0.0134729351707851
tempus040_Pre	-0.395334362596888	-0.152601003118654	-0.197303729709762	-0.0435022996048296	-0.0665060097989211	-0.389877880572174	-0.442220080250494	0.264467280205429	0.262223542479894	-0.382344194276437	-0.245224549560401	-0.0294022076418036	-0.199050894838919	-0.273060892176073	-0.351995125041134	-0.310319824267274	-0.24024427523021	0.0265088014524189	-0.228634335237185	-0.158755713085438	-0.280776531885802	-0.136577124094209	-0.390463244439022	0.172638051305435	-0.210111486189152	-0.181368521839635	0.268171887785171	0.360213032294755	0.356829925985956	-0.478166536660617	-0.403685263890135	-0.270312094004777	-0.211035213145966	0.0611857445813657	-0.023388417013295	-0.223173250126923	-0.17805027699438	0.0162407293908522	-0.346998088566673	-0.360653007040833	-0.324866981051754	-0.382120750096019	-0.258006045321493	-0.324439745147494	-0.213441167770406	-0.379688967658885	-0.169782899571312	-0.380365582692243	-0.0487950181213624	0.0309380598097585
tempus041_Pre	0.377115222376332	0.360411949560625	-0.112499055949653	-0.0926955307013814	-0.0297864452919682	0.120013023644838	0.401478016372023	-0.163016210097013	-0.253675090089248	0.205338596926187	0.139479929499394	-0.187826220788769	0.0746235262933033	0.0441631760230438	-0.0717926295621787	0.179274327740839	0.186305855763933	0.153444479509631	0.300772069718333	0.260348418919444	0.184017991388747	0.107381797236908	0.291829947019232	0.0726836752130428	-0.119246275510373	-0.0295655575919668	-0.275830004790239	0.120685201534043	-0.148550541966568	0.600447373979672	0.418544465873683	-0.17972126623064	-0.237621395137095	-0.195185678311438	0.0977377918115277	0.20656442848423	0.0699671857663829	0.0926336581067098	0.190182462583988	0.524437121312105	-0.157012317919054	0.285507349657754	0.243500334758384	-0.340037372637352	-0.174617296393951	0.36721630789554	0.0762546513098347	0.2421832642124	0.180406582366001	0.0974446712988399
tempus042_Pre	0.375185237575457	-0.0823829542394954	-0.264065090033587	0.1120512160833	0.323611642523546	0.183252999047911	-0.0189132444124796	-0.308068953519121	0.00824979809042015	-0.044257108181278	0.123692663867439	-0.337332156629902	0.415652411903699	0.214899446096658	-0.259220151396799	0.152556351231286	-0.555836552257952	-0.098415174699728	-0.176935331840705	-0.0811727087679741	0.137222050168499	-0.216341822536362	-0.34577969044787	-0.347850804270731	-0.312108470914007	-0.521119645730207	-0.105434931515574	-0.492949722923468	-0.319661092423523	-0.23150311041701	-0.0756092935499821	-0.358440951127102	-0.371466592675647	-0.583362301152532	-0.324307006884615	-0.372935152392805	-0.0516951888264884	-0.227360634497854	0.196250400358034	-0.24763719971	-0.294591164304536	-0.42024610035218	-0.119798558121445	-0.223290330888906	-0.318223981745711	-0.384812728828449	0.0888924700841114	-0.22096702146559	0.236727152706087	-0.291022635516484
tempus043_Pre	-0.0891789909999836	-0.257351977557511	-0.283795944207547	0.106521955213634	-0.0410569566892625	0.139449023931548	-0.013317111208544	-0.121869665909902	0.0229866363004994	-0.125348700177241	0.00376377689127985	-0.276455758995951	0.0793664489803054	-0.0218054689120798	-0.128705881943067	-0.183809718454367	-0.120097093038441	-0.0184978095734892	-0.206105206376801	-0.261743296201781	-0.0169954836894817	0.011234801893572	-0.226398418760034	-0.126913128576279	-0.108321893231063	-0.306271157955171	0.0532964286379215	-0.337772395463965	-0.514248782715768	-0.366962493631944	-0.0209163469856906	-0.154181823548143	-0.345420362039471	-0.29643514456672	-0.264832574994889	-0.501147130035055	-0.0232959285819892	-0.129298250108927	-0.164807147763605	-0.178977853509135	0.0190720837161165	-0.245777371674332	-0.196192576065817	-0.169613147628546	-0.18162392776467	-0.181384732856423	0.246082804852431	-0.152806109190755	-0.00951072701300512	0.163517733275101
tempus044_Post	0.070893401345454	0.13152006926276	-0.383801746097499	0.185976829344438	-0.149254184027761	-0.181263046555055	0.217164669928293	-0.13399740180214	0.497808952986788	0.125847197482404	-0.358978659137887	-0.252628979534967	-0.308566912205065	-0.130382298179826	-0.178618149785963	0.351974671646047	-0.43195719802639	-0.0938478614069992	0.171448504022406	0.125611811299079	0.153876041181707	0.0995837244904682	0.248548143436924	-0.312667710438681	0.00578745304936104	-0.0447500364255819	0.554735254050768	-0.0705808782255017	-0.337417189646904	0.332228788842699	0.333112685601298	-0.0847993994854199	-0.235682651932242	-0.375413801138511	-0.207103787883789	0.217937535313019	0.0703352715414516	0.0947667876575848	-0.0827221237404759	0.227041170350278	0.717648305051672	0.129840914449873	0.148982399779402	-0.294917284006048	-0.314883182872202	0.410399538752939	0.245223114214786	0.286581135955259	0.268318931426825	0.0895923669854288
tempus045_Pre	0.393490437148299	0.161469437227758	-0.0973282131511625	0.0978340217164799	0.422962592606028	0.303832530231506	0.503593181275352	-0.295733137983981	-0.348911151306095	0.304020736775583	0.316106655392366	-0.306505620619779	-0.323941741092472	-0.274747689871912	0.124696010637214	0.117323394941523	0.0737011225033694	0.528405267923675	0.518824059967558	0.222483112652482	-0.0296826552248061	0.331201509903014	0.405397379905842	0.0364763946825716	-0.000144598870781637	-0.036583008306542	-0.450543537610844	-0.315637522844095	-0.268687949767437	0.582709487856155	0.472507708635492	-0.238020736016784	-0.359333134131047	-0.360582987579105	-0.160270147637764	-0.0896877573200291	0.171002575483768	0.0304485215645354	0.242175014954339	0.455478164628923	-0.0653796107835836	0.342337336529316	0.419082577658438	-0.270999693757023	-0.257273552965912	0.588043090130607	-0.268606907623678	0.385030590083547	-0.0191046113413987	0.0487061349417579
tempus046_Post	-0.133160654646521	-0.116664710087349	0.104008076439798	0.119990037308267	-0.255507573240083	-0.124810988350248	-0.296398033190609	0.34421749594303	0.466950020726374	0.00362210309442984	-0.204072010970224	0.233320846832279	0.180326296323499	0.331758854107942	-0.0420232459168435	-0.324693065429316	-0.00644223772281666	0.0998865025965105	-0.229838153609242	-0.268686460630468	-0.268314485015914	-0.320372840976013	-0.0660270712054369	0.0421890251442638	0.0882414985629337	0.321840253946407	0.504775135434984	0.400467747286029	0.193979655470867	-0.29811154666275	-0.225529647358965	0.449039291822347	0.342850628681106	0.363676788929139	0.056568038411268	0.075165451974096	0.105152874532099	0.194975583705101	-0.121762677434744	-0.263442475320116	0.0664091192201125	0.223663882760935	-0.302642930209692	0.357664803552565	0.275366487555512	-0.441916339172771	0.115002404973096	-0.290693908811034	-0.0896722875404262	0.348511889895914
tempus047_Pre	-0.253686419481973	-0.0763973413243982	-0.21792631067552	0.150737053061981	0.0389657662266811	0.100545138282318	-0.329618520712708	0.0234476474797519	0.140155282120706	-0.0618541858036919	0.00468237616781117	0.111893252526474	0.098250738001518	0.0723495188019435	0.0311172603934716	-0.0588773820869997	0.116714524276738	-0.561928039273372	-0.502005282139461	0.114360000428097	-0.0865387928345831	-0.0209625207307154	-0.197202660480785	0.203755438421017	-0.107839698769213	0.150695155551546	0.121245691170227	0.282114386596824	0.243956032315864	0.0351827429025379	-0.317360855615884	-0.115093842524444	-0.0245525849219412	0.385788616619167	0.105850465295432	0.10348086613452	0.0804468229090249	-0.0259942566012416	0.0538815554730996	0.235839240994511	-0.176211236430167	-0.0135750442333827	-0.0234485863182419	-0.157060536661301	0.0471348033925802	-0.320931488950627	-0.0303633045471415	-0.103674031933939	-0.066604242229743	0.198589391229972
tempus048_Post	-0.331134270176916	-0.0750154776265097	0.230563477559909	-0.126273985763794	0.126755930085172	-0.0236213883530182	-0.20776666551576	0.1821177723627	0.154675162938617	-0.0988178379189657	0.117067949480329	0.32952605135223	-0.206836833713429	0.0248622626045777	0.21056879419723	0.0914046243360726	0.0336266235725193	0.120457404493217	-0.109467912097935	0.130729117836059	0.0303407639365225	0.240481826798652	-0.156274061672074	0.283762048581157	0.0700872672683114	0.359229797955965	0.287638235175878	0.403793715631697	0.571888815820476	0.312758132122159	-0.173087690428393	0.0181201716703523	0.265737300961647	0.388789777921739	0.291132215592356	0.158616388855026	0.101039508033677	0.24311915530729	-0.190462493778331	0.211649478937443	-0.169035860669032	0.037811498909461	-0.0226676232271405	0.108213495453543	0.27555584519733	-0.144872758631494	0.0755289753787379	-0.167026673916509	-0.0395890077293669	-0.167974190721263
tempus049_Post	-0.285653692473127	-0.126840622377996	0.304313663439164	-0.480185089094438	-0.208135917592262	-0.276963755002876	-0.221262284032199	0.0393353683475099	-0.51529310484219	-0.176783877854797	0.206831587445591	0.19372930404558	-0.247347387360883	-0.22036041181743	-0.0173160037653559	-0.233237103077243	-0.166894060993692	-0.276543142087611	-0.265310406105273	-0.257609813814266	-0.174216694505855	-0.417237082404627	-0.0531962299362036	-0.278216820503639	-0.265171363842184	-0.107932337230722	-0.503517694468418	-0.27205881937436	-0.32916035993999	-0.525992404072163	-0.274140133694064	0.520653364040496	0.468721836710766	0.415807788825569	-0.020833319360038	0.257280957004587	-0.114825924198833	-0.0376426297138647	-0.317084208234158	-0.459610839558539	0.102283042003861	0.218284313648359	-0.280926711851858	0.53283638102264	0.401879805559675	-0.354901226158522	-0.255599924981088	-0.168483755965302	0.0532721429981277	0.281704411741481
tempus050_Pre	-0.130888677714677	-0.114153997671271	-0.357198840524359	-0.242649251303264	0.385082943963136	0.0210769994975352	0.214363106151306	-0.241113558527143	-0.561031463532555	-0.148170975378847	0.121448523292496	-0.093557153364091	0.119895736781846	-0.132445202081175	-0.270116975269949	0.176780054625047	-0.444889963109579	-0.193929330367803	-0.0484384821024701	0.0135782050046007	0.162922139831828	0.049007907290968	-0.0774074007502562	-0.2987109321213	-0.18826840393195	-0.513815624485226	-0.573904709453133	-0.567705138951255	-0.120784221112262	-0.17147763101429	0.104279577987293	-0.164919882864743	-0.151773416372405	-0.424462737644384	-0.282817460012345	-0.303351630867825	-0.0241762630224641	-0.248558483013082	0.0141294925852091	-0.264979944924296	-0.161663243236396	-0.228691777661614	0.143311037457871	-0.0820357622232993	-0.0754964408209469	0.219113225996951	-0.258394375160001	0.174707744516089	0.0676538194759036	-0.405397481070503
tempus051_Post	0.451514712123845	0.258814286602085	0.263602993630448	-0.114340805316355	0.342688470393049	0.0100948732111336	0.125794580447648	0.0999440621052337	0.0646900893603982	0.305534559317237	-0.00466068703545286	-0.0100085632145741	0.474126933111214	0.44951795060446	-0.0825613926291617	-0.0281049021716503	-0.0887856153527541	0.255050504462709	0.0915123285549117	0.251370861713995	0.323874802237366	-0.168242792425688	-0.0411015922301728	0.258492537821234	0.118422171727873	0.203249977826675	-0.0269544873039036	0.316940234124923	0.460340282727726	0.374507815484526	0.129633262803936	-0.0488906508750848	-0.0669145949071573	0.130294526986194	0.2164784198785	-0.0689805992971639	0.254716184524374	0.303668335475797	0.0303200048751357	0.247276227696945	-0.00114883181154496	0.0947125363446786	0.14862592324638	-0.175219768859028	-0.0503918987763749	-0.0634249159216493	-0.0508986989823321	-0.0772272454908237	0.102361729535574	-0.0564704975297003
tempus052_Pre	0.307999452223723	0.107037336381265	0.0364580003135673	0.0854814787471315	0.314234463001497	0.38104162241127	0.387512990820247	-0.171320950477191	-0.0892012239772074	0.265793529551511	0.181649692559384	-0.214264927628351	0.000601119495827723	-0.0514341518762833	0.174604685146965	0.0601350401763441	0.0972779620980652	0.641852277230018	0.559598321576247	0.236660288586874	0.230998574515031	0.317503577735694	0.259194931868703	0.102213519322779	-0.0454728680680205	-0.0266560837097564	-0.264349453636678	-0.31010941546863	-0.216452637690656	0.55123655890732	0.434713822059615	-0.187415301883631	-0.319379696668759	-0.459828036766161	-0.0695745001224212	-0.100877594426261	0.162323011010538	0.0552382702926348	0.220024605760503	0.351243525949227	-0.187786888459807	0.121198611166474	0.353069237704494	-0.360415777058994	-0.357484535425872	0.438472971509665	-0.0135701079585484	0.276974862776585	0.0569998092415188	-0.054271223506687
tempus053_Post	-0.43411079221861	-0.114018903404357	0.104226986067496	0.274043373120842	-0.303371426503835	-0.324518788939892	-0.408457954333314	0.139092610069589	0.484494921253832	-0.183719272688108	-0.275006176705413	0.258988347571378	-0.232027752589533	0.00640118243664814	-0.0147365172479307	-0.116431684058874	0.237678707983998	-0.624389812135819	-0.559104575101328	-0.117116771185809	-0.269249252776072	0.133181366515086	-0.0319027281997852	0.193510562598715	0.0278246704864379	0.322090682986623	0.507539142300487	0.465163244038066	0.213163813261901	-0.192988697445485	-0.436874481063178	0.34810736489164	0.308892643716087	0.372071747249084	0.123172982438382	0.31903186508466	-0.323857624065184	0.160727450091029	-0.221694332647722	0.102019275499062	0.198512561290247	0.1929578834159	-0.366935697977201	0.271457329593477	0.227367788262592	-0.443183185433356	0.215808989021157	-0.197377319896827	-0.128804291350288	0.317245831696664
tempus054_Post	-0.19176156259047	-0.27810721277275	-0.297196023384543	-0.263102389667749	0.223382114388276	-0.0625797129190928	-0.0281789859826757	-0.116996412765317	-0.501689206823187	-0.123403686022006	0.15730019379265	-0.332712509757982	-0.204788818414278	-0.330161216612265	0.0443656754861451	-0.00195528061263911	-0.103177459512535	0.153641142900423	0.101148571629601	-0.127245596903451	-0.0487637477243463	-0.281919633621355	-0.113825692268434	0.0725001856894693	-0.0849420425855842	-0.327627594607405	-0.472511612381117	-0.271993794320481	0.199736633783269	-0.203380320687393	-0.0141502694079671	-0.322223756321553	-0.406536166118751	-0.35143889071604	-0.267038199922195	-0.233578008063824	-0.0740117700105779	-0.205215272564675	0.0883560229318966	-0.243650047632263	0.0808591030458171	-0.302383723749991	-0.0341225629696524	-0.256259659105585	-0.313512637167971	0.0351499996364048	-0.214457507625891	-0.137815779271628	-0.158321668036804	-0.24871375928872
tempus055_Pre	-0.411941956413222	-0.245384203310696	-0.327890146359273	-0.280023343807271	0.181789627668003	-0.465173390463827	-0.256907136394301	-0.200024741588958	-0.439220424276645	-0.271442639740983	-0.158783880417907	-0.0534625961020418	-0.269301539398787	-0.293167856491605	-0.219350955512735	-0.160823720484136	-0.428369621370395	0.152672495922683	-0.0921717192606002	-0.336290574467182	-0.115457486776196	-0.112900982199508	-0.135378396822916	-0.387149937500091	-0.322238847093455	-0.298275347235311	-0.42347946191441	-0.499955940495788	-0.298558219227454	-0.536798533910411	-0.251161652696133	0.412246789951244	0.256191549641147	-0.137785473746134	-0.0727122882941905	0.00784360108884528	-0.119761977720515	-0.153197164345022	-0.309411763501465	-0.381506236112405	0.099167608765644	0.113870443314517	-0.0948682265317823	0.475919395512608	0.143613596820963	-0.318303578395644	-0.0839645817864555	-0.129310405920869	0.0162605373608091	0.18868291230574
tempus056_Post	0.351865062926209	-0.0275201546506691	0.0204328035094792	0.340373925451229	0.108474751657097	0.372301272229142	0.430549192418206	-0.102813879426483	0.290333445262972	0.267300039429763	0.25845055113905	-0.271251601497287	-0.268459201293086	-0.264101646772168	0.0219667739906101	0.10410578822733	-0.0324319804321923	0.54784502450147	0.473943692569562	0.101300995528239	-0.0200364624336875	0.387100909365598	0.146637216001209	-0.175888942256194	-0.0150680773467777	-0.128061133860986	0.177094654048398	-0.480785166643689	-0.329104137505314	0.429609571677751	0.439114326795503	-0.157241369067612	-0.388808506888778	-0.451458246815401	-0.167498976896289	-0.364477701352853	0.128054430734276	-0.103911229310604	0.214838076445553	0.35448161931973	0.0657907724475368	-0.159604513114179	0.201044033503214	-0.345321363352531	-0.337186863210492	0.379250346062269	-0.0160902105478208	0.149643504284995	0.00239470581196713	-0.17734778658355
tempus057_Pre	-0.216527762858356	-0.292243354881163	-0.222492348953065	0.204049422650713	0.0999705055058456	0.117417568606673	0.0393751450986095	-0.0195635721435757	0.385036153039164	0.0353049001933322	-0.0642898741869666	-0.408307281855618	-0.178651244410934	-0.257844334532005	0.0955989265878981	-0.0805785379804395	0.0908036746920509	-0.150284549141882	0.120173267806629	-0.174838009430563	-0.0640446739503462	0.0479802357676747	-0.0590839318563928	-0.0756412427232646	0.152753680789249	-0.0654362665711741	0.476349461668462	0.107164216662017	-0.342136257250474	-0.00831974807583997	0.0140638732051295	-0.340140989505549	-0.41337798083662	-0.38918157382156	-0.291420454105158	-0.293325677243492	-0.135920235566627	-0.277635603722286	0.0606746711529392	0.0422772392847221	-0.198843537212286	-0.316340205156415	-0.0613846259353539	-0.346242161390215	-0.398658332981188	0.347303132653674	0.262277903547788	-0.0129767654333369	-0.196786195581533	-0.171994029538578
tempus058_Post	0.36363388311606	0.286301024324642	0.466384469276345	0.0655481924462653	-0.0317429031568295	0.0324150202924269	0.374913280747621	-0.128025831062857	0.234035823951451	0.12714661467824	-0.0440882665897595	0.134972828899338	-0.203822289371569	-0.127176945672943	0.093387780799287	-0.0254536838047209	-0.103012466860003	0.346015609973156	0.38343225071703	0.0455044539152077	-0.0159938823710578	-0.123991913598439	0.0350004163213856	0.324668058674935	0.226598403198877	0.375467350715849	0.323777286182324	0.310339300625184	0.366735482429814	-0.147124880867562	0.359721206104714	-0.0237892327538803	-0.0012030984049089	-0.0421485905003816	0.229732810005163	0.00527222574081546	0.122555171653422	0.0251220817537857	-0.119306735992305	-0.0952363928654381	-0.0293106065625634	-0.196397585199212	0.247197544806957	-0.168548713134326	-0.0166236792406072	0.414597354765683	0.105813739913247	0.149727763958636	0.166895502891418	-0.382983042473242
tempus059_Post	0.606896852710702	0.265280261186132	-0.0669586260367516	-0.0110529536746717	0.043881375408261	0.192099876180002	0.534361135944729	-0.157173592724984	-0.241400917159272	0.309881942251843	0.0836840071778249	-0.0272024173072298	-0.22534447362789	-0.234200041981879	0.0255789985056816	-0.14271185934814	0.0617682958364472	0.565776068166371	0.585131736473991	0.0141747326101996	-0.137844973861835	0.0228004353472123	0.507908308628236	0.0419721858524211	0.33363154054337	0.114171745528795	-0.396142044331888	-0.289768063595444	0.00470731835184168	-0.263687982856833	0.559314413933228	0.127163889549922	-0.141926488660361	-0.172844425895108	-0.0741374115706631	0.353820767801108	0.217761939136856	0.2331510470815	-0.173454390044046	-0.158474255707433	0.0555152531381522	0.101104110103123	0.435428555087921	-0.14100356299778	-0.0286652189419748	0.577182134376834	0.000266394284691746	0.286032007736399	0.11513050106034	0.23518211553567
tempus060_Pre	-0.213771937367159	-0.039874328655943	0.158825046747564	-0.161531180163749	-0.100590498194419	-0.0261013532054065	-0.0285328658207469	-0.118716721435098	-0.065784810638684	-0.206420801818173	0.123308170594639	0.102754679054393	-0.175933790021232	-0.0800895625380247	0.0358036697819583	0.012220548479208	-0.201478996431664	-0.436521003697681	-0.336535806982957	-0.139403175440422	0.152898340563921	0.342698182727846	0.0944336280469096	-0.305944010682201	-0.31117320989893	-0.124424843913461	-0.237462794132355	-0.241403116579345	-0.17364166680118	-0.120700305609042	-0.208629180484518	0.470981376685936	0.396137505546701	0.105455123183426	0.105701480131083	0.268184149104165	-0.175050141464928	0.10129844215508	-0.0827406074950413	-0.154831256526383	-0.00983669570084936	0.376839653274182	-0.175670394121044	0.520667602987547	0.212311523311379	-0.262351098680265	-0.00104147562344173	0.0326610536340399	-0.0715890062212244	0.494230760950311
tempus061_Pre	-0.221607573287281	-0.172505736008139	-0.536921633866596	0.046171224960806	0.12398455550691	-0.245569826680304	-0.403009850015354	-0.379187979649101	-0.405314488608139	-0.353670324739557	-0.261254111342107	-0.493327652261329	0.0579396518360797	-0.237329907507496	-0.515527353237257	0.0728476819549358	-0.572971379399636	-0.465688893820599	-0.427836273467346	0.0313432005486423	-0.102276209410744	0.16317437679031	-0.43945103686273	-0.412445018479623	-0.401572678059078	-0.595805570618848	-0.477694059882544	-0.624758053452552	-0.415374143006722	-0.198775080502108	-0.299980829103422	-0.46392437809404	-0.53531408170784	-0.687506267216452	-0.336578477114618	-0.438760834809925	-0.264572254032045	-0.380161609390386	-0.0412805845974047	-0.406431540276046	-0.304536491603992	-0.415605224458603	-0.290961051709694	-0.395812156653615	-0.475687468995708	-0.402988333037668	-0.121656715981839	-0.356030202208915	0.166169178434241	-0.232366211960792
tempus062_Post	0.0862989239818466	-0.0891931974302497	0.060142292697996	-0.116349076158271	0.0954230596974261	-0.0271194400456909	0.182113017160731	0.0499742026709861	-0.130996017139004	0.178456617038336	0.136419618973012	-0.0645289880304908	0.196789690792587	0.06913264768617	-0.10336611414548	0.190163801819324	-0.356218773796215	-0.119153778784011	0.078635558770017	0.127731831675668	0.154312356531053	-0.0161522180953166	0.131478077334482	-0.278620801799979	-0.0957560638207209	-0.146037308268501	0.0798294129309054	-0.318662344508076	0.0861491270826385	0.248590079325402	0.261432847704397	-0.214676279095851	-0.204586531706114	-0.183192004476748	-0.144174291032662	-0.176004826517499	0.135217581133765	-0.0338184075119938	-0.0753804037261905	-0.0566400117579001	-0.0798030149040394	-0.0369972004968292	0.206696565444588	-0.0279705884471368	0.0228556797244618	0.3126757550161	-0.115837517085386	0.0368685819742042	0.216565592906697	-0.259946345418973
tempus063_Pre	0.156929244232823	-0.101964669359655	-0.119482942218131	-0.282051763298802	0.439713451471963	0.142127810837641	0.357685732627845	-0.33541928243812	-0.584146994778358	0.0866046521201683	0.273542881375791	0.124411899547889	0.122410176156204	-0.0107749464743861	-0.21294346077221	0.320942293686511	-0.298447690835756	0.658631581602221	0.524389256469318	0.300259709172262	0.2939876555394	0.365506879562421	0.20296627103448	-0.356614475746131	-0.127094352425847	-0.416066061911845	-0.635902349386209	-0.613947480817215	-0.502848095039382	0.339002811834629	0.349735106664351	-0.189207606618146	-0.0926864938759459	-0.38145398049881	-0.312384487324201	0.00960485035095443	0.0962391451531112	-0.150633818697018	0.173099148268368	0.321674581125401	-0.158811617577403	0.176263938655728	0.25292578487598	-0.171473148390671	-0.199200590143473	0.373187841921024	-0.286663624069113	0.279892230161781	0.123574020113747	-0.172528178490954
tempus064_Pre	-0.00849175403729077	-0.0319205481288046	-0.308211257633167	-0.33801469412851	0.348393143193334	0.177967596252539	-0.359408702381942	-0.24024483684768	-0.514119856485251	-0.174987400861164	0.198268626596699	-0.0754822523347102	0.329508979768772	0.0850022147631333	-0.129200562207321	0.0647464442676759	-0.426645844204102	-0.530648927620709	-0.450706229031196	0.0283555633157051	0.185607930374387	-0.00406128547684306	-0.33062399798241	-0.209290647591873	-0.215060851280252	-0.485466894611774	-0.57592616409759	-0.496788527833084	-0.0711389959436901	0.221964707608292	-0.285660064929273	-0.299101688360789	-0.253048017895461	-0.320069647210092	-0.244458608110548	-0.211005015338566	0.0635328617886836	-0.0181522232968328	0.25669974464152	0.123589622538717	-0.113948589066501	-0.16328357110753	-0.199013038517198	-0.0970661214510678	-0.216139234229565	-0.456605678090951	-0.249448774910877	-0.0831894943346155	-0.0495669135730504	-0.0389289971552281
tempus065_Pre	0.34869167699179	0.419238634735405	0.220202094577558	0.248213666121575	0.355843073454097	0.369270393933687	0.0960080253275235	-0.254952257892175	0.0252757941089328	0.0960272979055449	0.325245768576633	-0.0571239364725032	-0.148564110580674	-0.165116315369859	0.0218335452400052	0.298399128690463	0.0334528758347955	-0.337090460348382	-0.147058769262807	0.490254175113682	0.300953240748321	0.446863138633284	-0.00965854125152721	0.130670154549149	0.140404271062015	0.186724764365126	-0.197546642691269	-0.315097674942388	-0.262420412923639	0.571166628024755	0.129909729431483	-0.166581574195951	-0.148747869528396	-0.132538165796912	0.183055731377214	-0.0630172367396617	0.101513876702044	0.137452324878185	0.298626931311436	0.443691187571896	-0.124281293240988	0.116432174713082	0.0627103946102416	-0.305816530416762	-0.206478868352314	-0.0717856656512742	0.0685417260738461	0.12747574980232	0.11759402206734	0.20979283938552
tempus066_Post	-0.0720440387647107	0.140787090658173	0.303091760295886	-0.350200365264058	-0.264413249746946	-0.189548955310464	0.239082127545106	-0.343152675626857	-0.487154092712266	0.150438882898706	-0.105625392350769	0.238787005226395	0.214910869140355	0.262756864483005	0.262967809413997	0.185115778744186	0.130773148761319	-0.0893866579557665	0.146249640111985	-0.186041317149157	0.00989844164658088	-0.024249466475214	0.31656287100181	-0.180118908463151	-0.287825802963831	0.014289156701655	-0.501217466743834	-0.13563352762846	-0.454973970114789	0.0433534524484968	0.24734076387337	0.521578514677977	0.497736859812985	0.177016765896323	0.027852262001069	0.329865628891846	-0.154973895160593	0.0711032524626736	0.264870819087976	0.0690948887800961	0.146248567752101	0.489300601629631	0.168832655652016	0.542934118119472	0.316190793321991	0.373010643769894	-0.0767407347736232	0.265943757446982	0.106431494007169	0.507519876704454
tempus067_Post	-0.296981298855001	-0.259729754863962	-0.224642901413066	-0.284901055622491	0.282348386072675	-0.0329747743522807	-0.203540671242498	0.0370700815257095	-0.349786411747166	-0.122714075056306	0.0895362762719396	-0.0324167511109068	0.277440563853129	0.146901719576303	0.0472754620274549	-0.160164962197309	0.0665497837568803	-0.362164496312536	-0.367168834802434	-0.351658589286711	0.106732896604136	-0.0651984439902034	-0.121356259463128	0.00254134344720257	-0.197958815477553	-0.178785943399013	-0.280814513825197	-0.0664722768553509	0.00330105243427513	-0.300420189654181	-0.182773858782376	-0.134606470558118	-0.0542036448105637	-0.0404736085736518	-0.208940893145926	-0.185819263513747	-0.202513510831331	-0.212522399161224	0.137265410258578	-0.0937773785995938	0.372552970746483	-0.191519904784778	-0.117195159303085	-0.040686590762143	-0.0736418287331698	-0.257656808613066	-0.127014178162342	-0.214372400662594	-0.0501843272840943	0.139974544079407
tempus068_Post	-0.168868849056971	-0.0275389740503554	0.260959227613448	0.243633958976405	-0.506838045684294	-0.0800062549988505	0.143275938366184	-0.0808279052023362	0.343645085146545	0.0874374274609635	-0.337584400266301	0.110954391910964	-0.355767970265323	-0.219422081763747	0.246616111292995	-0.129169057937793	0.383646903798557	0.35615059418698	0.242491040325295	-0.106273599550271	-0.0883097117004223	0.211069793803838	0.26169187077915	0.00525908333876654	0.0482671659981475	0.399627717366427	0.425663306002032	0.268332809959408	-0.333985426569021	0.0859359171741013	0.144359570895521	0.374920895479883	0.28702742106836	0.0760099033996067	0.0748608427144883	-0.0239166356337752	-0.245846181041698	-0.0376705272836647	0.0716184102288275	0.063371905672664	0.0981060780202326	0.317695033101535	0.0435690625171283	0.396950770047411	0.124601051076134	0.184149670101546	0.339463047495183	0.288728156650469	-0.064828137817342	0.141054091781595
tempus069_Post	-0.0124094034890048	-0.13920353989439	-0.18781340697409	-0.0377452560611222	-0.0303795100080288	-0.0949155567678122	-0.324052241408191	0.179884971517864	-0.256737892163494	-0.0943680211289094	-0.199164540334336	-0.154199052995417	0.326675794161025	0.165075737638292	-0.336186193857249	-0.303888729337808	0.0110414186956145	0.632887749593016	0.261268739942708	-0.172850213246872	-0.250782975704605	-0.312817545409555	-0.320950034006686	0.175827338038576	0.111628539459982	-0.15329419259251	-0.225106625932984	-0.289454258395939	0.00398933724052208	-0.503514746303422	-0.292122578983963	-0.0111280910870206	-0.169951380711256	-0.138522432451628	-0.00421985030909561	-0.145684897677054	0.221570507745818	0.00976890934876118	-0.326104821152758	-0.466895293471602	0.160004496771593	-0.193069062939964	-0.256417020618814	-0.0799900179626626	-0.0308163680254642	-0.459357675868525	-0.187654966771029	-0.35452453231319	-0.050779349158615	-0.414518764712438
tempus070_Pre	-0.395205214306	-0.333392292803388	-0.388763015617868	-0.247181661909134	0.186767991036761	0.180312634478023	-0.34666182258399	-0.1699765545034	-0.481713805344501	-0.290049781108494	0.153105378098789	-0.327253739461659	-0.00992799811737125	-0.220670031175755	-0.147162500372161	0.0606581732817606	-0.287747551021728	-0.495968482184211	-0.482508210271168	-0.224826060676126	0.0635254937812838	-0.205465186320611	-0.296756318581305	-0.42218986574562	-0.260160754265867	-0.491033117362706	-0.530631832961504	-0.546472617026878	-0.469528206409201	-0.308731497867774	-0.360737916589344	-0.373214956890776	-0.369604747555706	-0.381711561522075	-0.347074196149863	-0.298244530685593	-0.155144521675407	-0.419900400706688	-0.0177218226241362	-0.326167645576568	0.266661761993457	-0.320106936881116	-0.234114058446257	-0.385294247955624	-0.386281235143557	-0.442753418622306	-0.139312241602538	-0.151380405470612	-0.0921736300053875	0.0126096967285706
tempus071_Post	-0.429977652373237	-0.291686736942558	0.0535928581298689	0.0602770640944309	-0.0347393971297598	-0.130104691848325	-0.502742226939128	0.227501560814814	0.024464782758649	-0.202306771884633	0.0297613392019524	-0.0756132438648138	0.427570519720272	0.350991299426842	-0.382003091608111	-0.0983800544207011	-0.107129648299577	-0.515339093589635	-0.552042790061065	-0.188795305010365	-0.124845071378814	-0.373540279118275	-0.321588905130153	-0.110525819490557	-0.201688487017079	-0.171066774882814	0.222917345133588	-0.304679226492634	-0.276490542675203	-0.414167954999195	-0.464094025021448	0.174382874698498	-0.107765082535131	-0.0090841741459306	-0.00341115308292145	-0.179323565513786	-0.0434542775795264	0.00901995394773505	-0.253406618326578	-0.188183191109582	-0.072192596510639	0.00139338558751537	-0.439660250914511	0.306747002738788	0.0893378235985337	-0.578493102618737	-0.0959583898227543	-0.388866204828202	0.0375799322632352	-0.108593260483821
tempus072_Post	-0.182318213702075	-0.0301768683604993	0.239207110724848	-0.448240246413855	-0.26865801527018	-0.269665971562916	0.0905017585180444	-0.180082927152846	-0.625383240941582	0.0464371982463516	0.00403327203508766	0.393277395022521	-0.0990003398202618	-0.112863976022219	0.066832681534982	-0.00665440252774854	0.159360236466468	-0.117074161732783	-0.0990419776596894	-0.213451268751292	-0.286594222768425	-0.290919466479953	0.157598654728418	-0.363744393305389	-0.164115100036602	-0.106615789042157	-0.697775544293501	-0.495159265645341	-0.421961225315452	-0.289336301979471	-0.0171608299807807	0.57562932318685	0.520488872849754	0.321484010856443	0.0551194237745397	0.338047104448977	0.0324297263335664	-0.0285624842863594	-0.107519495984265	-0.143782605977698	0.236903786931754	0.432892144658066	0.00478562474249264	0.595059164901205	0.402871317985773	0.00664599464396824	-0.165968297554872	0.1254811620762	0.0193065757743782	0.304730866279773
tempus072_Pre	-0.389892807896885	-0.122561222432149	-0.140495048200305	0.227854055920136	0.0152914370760646	0.305856613191747	-0.272211214672005	0.207401890072774	0.198784567868939	0.0799767841398582	0.0244122442632735	0.0640515343972748	-0.21146398831783	-0.176278290146968	0.330890364460618	0.133746394428825	0.449508879222258	-0.492153452593459	-0.457406147763084	0.0238974637597269	-0.222292941910924	-0.00561373023656961	-0.180564528463448	0.019211632442766	0.107198084311226	0.196171308183116	0.100136627127256	0.104944075735857	-0.0997635821988607	0.350666767223446	-0.301229958433281	-0.126907401052265	-0.0125223796611901	0.0357431153712926	-0.0044711765200291	0.0389664924666182	-0.0138453417211558	-0.165646083561864	0.139416508337523	0.323060984674612	0.0790933252747677	-0.0686132847636159	-0.266549707406544	-0.0106378756594744	0.230700297088297	-0.495945730307651	-0.0219640601180082	-0.168291529420486	-0.180811287653082	-0.180786267776586
tempus073_Pre	0.375351062481141	-0.041466764607488	-0.170590755922118	0.217849875714078	0.283749263266502	0.0715566589297329	0.499287295411672	-0.114303097996643	0.10594618024614	0.214758800181432	0.150742320097681	-0.334075605483555	-0.35421353660576	-0.305669442479306	0.0152241889247309	0.0311993898458361	-0.197200684381026	0.594967609607538	0.602197433087563	0.215191980636553	0.178129643910755	0.0819836662840189	0.435952412601369	-0.229930789133109	0.190333487881794	-0.220888595032902	0.11967758492722	-0.0873349511022824	-0.239589623938625	0.322667359025112	0.467060937682699	-0.334121224818088	-0.262720546492823	-0.301769918134596	-0.276106347983575	-0.0552802383704923	0.0574612857585751	-0.082108708235379	0.135668570594412	0.0536118335999193	-0.0959907230084302	0.0525506078553474	0.334175945481574	-0.354452141100532	-0.235553154710579	0.61849473367967	-0.157948469972838	0.338785284646625	0.0739359272047928	-0.22769233506737
tempus074_Post	0.1500736470488	0.212191084401617	0.435851298916503	-0.142033901724556	-0.111342561689332	-0.243288956882304	0.444888439727812	-0.224028046390525	-0.218683045197218	0.273359622264555	0.165767008195485	0.41656351852486	0.291717668605355	0.337712871242209	-0.0453365816940435	0.272260174986039	-0.183503610614964	0.402728774506137	0.36103166583372	0.190240456494316	0.00712399778175801	0.119396692810534	0.361141962908359	-0.242770569209713	0.000315612867983484	0.238667990584866	-0.212253562207087	-0.234416223532118	-0.142245746881454	0.323062343275583	0.339987944137295	0.631086057542941	0.567575079315207	0.288762171789778	0.294103791787384	0.351362427707067	0.174502423565751	0.288554081417202	0.0762082313300728	0.30065217825792	0.0532163523037446	0.5688687472122	0.270341524982358	0.577145024544782	0.461384533465823	0.282796141382609	-0.155602348560096	0.333684953310301	0.23187513524034	0.254460177734945
tempus075_Post	0.405435700734985	0.165266232181432	0.31090723265661	-0.224708955879635	0.125191668686266	-0.325235480309267	0.451122360960392	-0.0815714392650858	0.0916792143457486	0.0349229919408674	-0.0982069082251839	0.11578226517816	-0.0850988808965492	-0.0137681980199807	0.000823390149996689	-0.233691177634994	-0.0642719240130186	0.532322331416248	0.547747009790415	-0.147815844889009	0.0421759637922893	0.0461507277142368	0.360478342001192	0.22438638898412	0.0686376466174012	0.346213325968305	0.0231381104779947	0.354485605577398	0.44423058934021	-0.456569965826732	0.391046328590494	-0.00545206126968104	0.111291355950301	0.238214614100604	0.167359458570504	0.417424803467256	0.128776060506553	0.212990078777416	-0.315151069522982	-0.36954485803572	0.206682227632074	-0.0143573630386471	0.180181641231704	-0.13759161758687	0.108698146981569	0.555337095372308	-0.0601026729099907	0.124552014849246	0.114860370090177	0.00163770474485697
tempus075_Pre	0.578112814428068	0.342931909618368	0.33569065422575	0.013321146079747	0.273333616836501	-0.101409810763792	0.474263232698196	-0.114246483618721	0.267324842023624	0.281320653538653	0.10170837040477	0.128450792920691	-0.106581038967566	-0.0528633712278547	0.0531215354748351	-0.0638647470294788	-0.173409582846673	0.657690763073836	0.657373563002293	0.0281195675500319	0.0728308772365635	0.134581123257818	0.39062417912101	0.332810091784875	0.112583475234938	0.321902496845054	0.25889631021811	0.390495121081317	0.479822554790031	0.290975273333313	0.482786013971821	-0.075837659763492	0.0925962180524292	0.272795933895861	0.259685674977381	0.207199828540941	0.282807439807969	0.191334099850968	-0.219921444294484	0.0377092250231066	-0.0386329164905094	0.117735912671206	0.384270004499545	-0.175861126561531	-0.0288193665627459	0.599293611297703	0.00608754003958623	0.250901209705456	0.111523159657036	-0.0920553139184305
tempus076_Pre	-0.196743752380049	-0.116755756144381	0.00563644093143248	0.111539688747105	0.0187564556150995	0.173675856758518	-0.0467253407017731	0.0973053543495167	0.258294598977437	0.0901764738456594	-0.0184808466187049	-0.151671675463046	0.192832234552501	0.0980736486928291	0.0822146962648518	0.0893788420622462	0.156723211971194	0.618244194490335	0.491578775806361	-0.0426130624732404	-0.058224129251485	-0.092944441301259	0.0770871266186415	0.222848941022554	0.271163716141626	0.272648825012488	0.227124782189809	0.300006445360451	0.123227800994061	0.0892653979198197	0.0670657985140623	-0.322499786471804	-0.0899303391310597	-0.0272789241838808	0.0039784014805373	-0.173585700716311	0.00159144286862309	-0.158344336925696	-0.0321984889198443	-0.168181457959517	-0.139836438487897	-0.210646551115795	-0.00345090045144644	-0.0627820049228946	0.0160650886423254	0.324281691446451	0.0578835213061392	-0.053197491314153	-0.0504206002405741	0.0233794416445333
tempus077_Post	0.214504691477967	0.215774055466193	0.342703515571788	0.126160176460497	-0.289016149271193	-0.0337774099835848	0.342266363634952	0.155587945971527	0.362432567066004	0.134599711599703	-0.190355507208567	0.180604008513709	-0.383226295302511	-0.254064213052973	0.247201884221605	-0.373169486805569	0.463824568925465	0.379422348947487	0.497502373427719	6.34840976393991e-05	-0.0977952964744543	-0.251884479256537	0.248141259999987	0.282332197936515	0.324242563318161	0.483673416553664	0.420157327605735	0.318788719881442	-0.177549860516211	-0.344859898529293	0.385181974383833	-0.033943763297735	0.185397317972719	0.477353846911861	0.234283068331551	0.11356502651918	0.12280737027705	0.0293807018886951	-0.297325910547556	-0.329313402229644	0.029338747778403	-0.312002729981246	0.153673993364925	-0.123552030280177	0.0609612015573671	0.531459693773184	0.0919063530115198	0.101808310057344	-0.0346644791391038	-0.367722376470395
tempus078_Post	0.322032171229012	0.392226949697865	0.0709910353358702	0.239667595967321	0.362063920473532	0.143122798526309	-0.262989100828316	0.219396006094919	0.322148399855791	0.0375942887163936	0.0528319362941963	0.219821513227023	0.22889360930828	0.250420466586606	0.251269113763877	0.119790166889269	0.313205301645033	-0.448760829706888	-0.314585911853799	0.179356182584991	0.195030432793847	0.111488415894789	-0.0799211032925651	0.352086121768275	0.167529512966047	0.430465064417053	0.418144716655518	0.533660630140465	0.359963190855106	0.45837421959352	-0.00527333650701803	-0.0818487232005424	0.287637007601602	0.411394424861933	0.374355813891908	0.313491744757375	0.0604934819974602	0.301189989937264	0.205715102295457	0.4775718263406	0.000850034698375912	0.104135202363086	-0.00858377000874769	-0.101931155451114	0.238366669294668	-0.311173284335168	-0.0348448222940803	-0.0295902739465675	-0.0798326231400273	-0.120340277506215
tempus079_Pre	-0.442490464964684	-0.25060978777196	-0.413812775596867	0.268374929822019	0.25612825589772	-0.294773139699114	-0.444604801765908	0.333237598311922	0.518769223245979	-0.350274872809783	-0.0986548133623258	-0.243461872804061	-0.177560378433461	-0.144871154232814	-0.318501589511383	0.0261936368387086	-0.190575505277873	-0.148498607256841	-0.353752091567854	-0.227345329110844	-0.337676100337071	0.0906835393256129	-0.420074868655245	0.0865068982445719	-0.0690328541979451	0.0670402269364614	0.634389001568712	0.376845913425537	0.426513452701109	-0.302214676497037	-0.433007340637981	-0.373911050674926	-0.371701741737787	0.0246441964245868	-0.125071971862046	-0.451330407612181	-0.269205836134083	-0.104527893208783	-0.238067674245953	0.0461204923448992	-0.166380566376922	-0.474771014805755	-0.370128053115184	-0.344414312409536	-0.215035317396655	-0.445758818617981	0.228587113884635	-0.359382259274608	-0.150963104729933	-0.0322671938861452
tempus080_Pre	0.185234387110301	0.121481243114395	-0.0529150948414067	-0.0577200160269471	0.192366156888923	0.181345617439216	0.0932085855148444	-0.0861171262319637	-0.245643566059621	0.320995694567239	0.305530090675402	-0.288352271668386	-0.115838841275821	-0.237034359062099	0.155683694874827	0.213796713935237	0.138539572890267	0.657260317447149	0.540667610785017	0.261912208015288	0.0568562571381105	0.155461668950684	0.303522717514377	-0.109942890762078	0.135543364502759	0.00229209967650934	-0.34346150649629	-0.357059365511919	-0.409467114891504	0.580750473518614	0.29196144798115	-0.244792129363538	-0.249167050704704	-0.342305924439618	0.152433878705801	0.0565272201472278	-0.0411998099280696	-0.0366948508554092	0.134070668894546	0.334130350564151	0.00855883955146537	0.24010539437934	0.300201450122425	-0.30501064833044	-0.308819540280842	0.394173617369446	0.0468242657562279	0.12639197767092	-0.0820046482261498	0.0180223168371512
tempus081_Post	-0.108660199965291	0.221132059783802	0.460502232581561	-0.307401861617549	-0.37387565700182	-0.0242783678826084	-0.194827681246972	-0.21336216549689	-0.145048170266762	0.09014551149181	0.13953402862962	0.441273059523944	0.0953342693414709	0.162119130376119	0.227555820541383	0.12326312339589	-0.00740480645417618	-0.428681396686386	-0.337571513353184	-0.0354340972789526	-0.0528910511621027	-0.156675025680448	0.185634194505585	-0.0355251088103062	-0.0289418717812352	0.085423103133616	-0.100676752251845	-0.170706174861428	-0.339474520951559	0.148677233357626	-0.0970235004591721	0.601061576394641	0.589308523838671	0.438687331688491	0.292182073200851	0.185295199577532	0.156739276404377	0.18908303364142	0.0967300658464734	0.00102656319006217	0.125178743837422	0.519760890664453	0.0196699636207145	0.55593943627994	0.468102322997866	-0.306204329363207	0.0452617768829692	0.122583279592402	0.0961185070111174	0.338633327040039
tempus082_Pre	-0.203057775080629	-0.223996226420936	-0.269786329481869	0.00805398524793115	0.201925477721826	0.268357070914832	-0.0668476958956326	0.149481045772078	0.0202207856893381	0.00926630141366841	0.0705968541887146	-0.048484227393551	0.249203596700084	0.145083889019532	-0.125142197009879	0.119798813971245	-0.403889554527482	-0.234397456440247	-0.291020512637607	0.0957678753367334	0.159833349769473	-0.154360148733461	-0.186416907774421	-0.282363777279001	-0.11237731629896	-0.382878413429297	0.166201390271055	-0.276068568169019	-0.253423157539438	0.131190609378045	-0.13056666330926	-0.251859859929072	-0.0945126651833542	-0.27278542012535	-0.261594429769141	-0.165403162586159	0.0516157425138108	-0.0962820730023572	0.0119474106767612	-0.147949367976358	-0.148880861114768	-0.122468278086169	-0.109987031520509	-0.212162378437437	-0.085815063277153	-0.18537756856473	-0.00625629095979338	-0.16946080540728	0.0930497866755042	-0.228540774943455
tempus083_Pre	0.568028304511596	0.150579810470923	-0.101491002455203	-0.0977254265578911	-0.142882157494764	0.0489151045579105	0.541557365951688	-0.282608281840675	-0.416184764483556	0.258848211344832	-0.158890943850434	-0.281847339165269	-0.214326140625676	-0.265026079787899	0.0751203780705913	-0.316059132623623	0.24421426810057	0.409731188456626	0.516799628429933	-0.0813651444452961	0.0138672863746478	-0.160250965964581	0.458053121142802	-0.193310540412745	0.242242608870135	-0.00632689946681347	-0.500589488230587	-0.353195704615269	-0.46498887676223	-0.480235765645679	0.506189025691811	-0.0487623154967703	-0.216801086271557	-0.343541633997657	-0.193873080160707	0.109145491340489	0.273031642096052	0.0678141396045138	-0.207388214022621	-0.419932303121709	0.0890323289871846	-0.00125276913234121	0.261811516003873	-0.240114471644424	-0.120466723001743	0.566286263688505	-0.0734549087823214	0.234194206798911	0.106680011983416	0.129256610029598
tempus084_Pre	-0.0411878905832483	-0.0475948533197314	-0.0921189987512654	-0.23500007820194	-0.0301646764462045	0.297293532398768	-0.0331556907327886	-0.419963628651246	-0.609431840544147	-0.0221606423073052	0.165205522641356	-0.341007573422242	-0.406975152231108	-0.411228559388438	-0.176676826084567	0.383333812630955	-0.262025283620592	-0.456735080095542	-0.368117164662062	0.243441490137815	-0.0535825740382648	0.30279743348716	0.141694758083263	-0.430526353642649	-0.280981366916496	-0.449288688899954	-0.681005364365341	-0.610721791434289	-0.651177108307633	0.319082407557748	0.0537412595767664	0.250210907485034	-0.143207997725596	-0.434791739704802	-0.318414446410479	-0.281866100497925	0.00491749652241814	-0.319476477432101	0.174370611767582	0.0807606461251863	-0.0037123879870526	0.385973163276053	-0.0617851126265364	0.363759263865586	-0.0536931642343947	-0.131552904757461	-0.236449373415478	0.211388534447681	0.0874812186535806	0.321973681151754
tempus085_Post	-0.393372752202878	-0.206222089230208	-0.0513022457930034	0.141600528005189	-0.0257400906755703	-0.231106735115274	-0.394620822039042	0.260766171384865	0.346581497029754	-0.145798676401752	-0.117620416158228	0.106147236344493	-0.13922966489374	-0.0235360950269843	-0.0229152833041109	-0.297016322169839	0.100518127088587	-0.56229859288042	-0.525359029200372	-0.235631268794663	0.0105249964325051	-0.29574500190407	-0.332293080055544	0.148414555132147	-0.0110778574209161	0.121109071540936	0.477904864842144	0.285628787104937	0.205630014180347	-0.507390527164564	-0.458875187306745	0.119698485445677	0.238094253102344	0.44133134325272	0.15092980589471	-0.131680604570998	0.017923519142617	-0.182914332135179	-0.344726179117366	-0.44517201191743	-0.0896946253711971	-0.134994281667072	-0.356928845562078	0.0406688571662689	0.197844493814303	-0.533267221500665	0.121100142329333	-0.308607852705761	-0.125600714441457	0.0236983726381594
tempus086_Post	-0.264813209974509	0.028242360289129	-0.051930787791729	-0.0523620587231733	-0.104191229386786	-0.378849203380862	-0.139510933145742	-0.315949556583082	0.161512534701443	-0.197118568144622	-0.178979493669597	0.29415897922557	0.121902023945795	0.244035133452902	-0.065546156574869	0.0108207807534228	-0.470362451421461	-0.302297371470614	-0.222887714353324	-0.26380270443816	0.0451162719655352	0.218479260010779	-0.021481048288075	-0.279213538739771	-0.328447929093014	-0.188447890319042	0.150833929829876	-0.454502885830576	-0.0467329458796353	-0.428364424175546	-0.228427037718834	0.59260145021197	0.480017813604244	0.123512431712715	0.109980878226874	0.147472361853333	-0.246199917329165	0.0592532907606509	-0.164697822992169	-0.219149101816985	-0.0597204718487168	0.355918146951411	-0.0314264740340219	0.607536915114967	0.31155829705843	-0.336862132167982	0.24755148588957	2.46819934869025e-05	0.25914329877418	0.400694891309206
tempus087_Post	-0.337456100619756	-0.326660277746248	-0.0264762603123783	0.145595878886576	-0.31117396224701	-0.279945474720729	-0.267282701585	0.319685546901906	0.394023252279428	-0.255355323860435	-0.456182034459479	-0.0522190361649928	-0.377599674296806	-0.309692175157507	-0.203576644242428	0.172964058447101	0.00220255339874248	0.0444138366366362	-0.220255463502757	-0.235125290024523	-0.2771786378557	-0.0676495742399193	-0.138346369449406	0.181024526251998	-0.0837137571324068	0.104827709610575	0.420183598663554	0.224035346102399	0.225090985151184	-0.498859185190245	-0.264055873760374	-0.0211726562899894	-0.0629191829291539	0.223280390613165	-0.142234403323064	-0.409475547427906	-0.238508595956621	-0.0850813070144053	-0.409876989692478	-0.12074062698301	0.0137652340803804	-0.105475421747444	-0.284514636682435	0.0132785623411438	0.107461969133027	-0.277913783888958	0.261580663857039	-0.0748475620197452	0.0230683298482253	0.225239370869647
tempus088_Post	0.235155142416646	-0.0011471883894226	0.234490550024576	-0.202315649798727	-0.143248167873672	0.0268706316599633	0.252735413032385	0.091589986525594	-0.122731440733433	0.331365363553249	0.0620387198464533	0.170309269393481	0.486967995507606	0.451312501404613	0.253790050835186	0.0167270677746847	0.432436392522972	0.647503537970906	0.481083976795001	0.0316334596955207	0.0687456702551998	-0.0526447893146375	0.312532564102286	0.31317977497626	0.143094388578385	0.402519539058737	-0.250411383506453	0.411847739814922	0.222361980388794	0.283738399797589	0.329644297716927	-0.076638829881949	0.198884458436569	0.162163796545446	0.0936918186771178	0.157611483284257	0.196010564479207	0.119113698248954	0.165545189839816	0.215836606370573	0.0759077899112839	0.128420707338895	0.0271801116315481	-0.154487223856848	0.0326550463692519	0.230269131519266	-0.224948324530974	0.0529282685185286	0.0335714210865067	0.149518878488677
tempus089_Post	-0.408233832115403	-0.321209071111025	-0.0299458245207245	0.18614493867698	-0.480492285562512	-0.354317898153968	-0.457055076757523	0.333565288339212	0.531947155969044	-0.270281664442551	-0.58595030854001	0.088568410476927	-0.34140404082475	-0.144715330952388	-0.201227919947511	-0.339849535090668	0.0727607205088042	-0.354524021179575	-0.336735840687805	-0.338365170306016	-0.389012715589952	-0.107906807330563	-0.351615911674412	0.172743669881289	0.136566369353003	0.287440639486377	0.646460596545768	0.495575992358887	0.47767528418409	-0.519089335033344	-0.43962169115124	-0.26624951716255	-0.0200969960596822	0.490738466897578	-0.0255620795459309	-0.133012991985061	-0.215552318898438	0.0611824228472429	-0.304217462882957	-0.481952087418685	-0.101199334899925	-0.452962642277726	-0.345487193580345	-0.143687984787482	-0.147005347035336	-0.359662921081684	0.337384908413079	-0.314032282954432	-0.247103199757755	0.345982594926912
tempus089_Pre	-0.384759296068263	-0.32420633381008	-0.186812537144157	0.0443191385567642	-0.184423567056022	-0.32034335951612	-0.136005041603004	0.301447444712155	0.373309602000058	-0.240704779746758	-0.336699992319585	-0.200325447203098	0.00620265751777835	0.0377936605140077	-0.0790760155419189	-0.111244015908879	-0.319492791995079	0.55657328728963	0.374313540492117	-0.193904282750248	-0.235580847349224	0.0870560253247039	-0.23066491825752	-0.047405898381326	-0.00244351827561606	-0.0951945054094334	0.46390987326599	0.188684186393383	0.337809286759702	-0.455237188070167	-0.297621678969626	-0.307121174960288	-0.293712632020654	0.244697583077106	-0.15741748957018	-0.310736745738183	-0.0149348090171272	-0.0286606826703603	-0.313222752194951	-0.379934479020363	-0.197822242096565	-0.376803227798164	-0.152132127310667	-0.171462026690501	-0.167531428856665	0.0843008393544102	0.17415117773751	-0.237568977591649	0.0467961661396251	0.144215544662174
tempus090_Post	-0.128718553643643	-0.0188509290947803	0.353129516627253	0.0871668277810723	-0.171690473486706	-0.0778997180333136	0.0270462608472359	0.238721803011521	0.44533528561247	0.111585259897791	0.0658153883277271	0.38125915947598	-0.197297671874623	-0.00157051420460194	0.162621193905498	0.0828035993631919	0.142323767893042	-0.470430255884215	-0.306970959702131	-0.142511744561098	-0.0494524548955672	-0.0792059008258377	0.21234521448921	0.00268768321131002	0.296352816626353	0.350094425628377	0.483978840839726	0.365899703134073	0.303348572865421	-0.189294044673974	-0.0876608405831577	0.507321938873498	0.484480260745683	0.469080430959649	0.328040243043298	0.439381888217304	0.0694237752956431	0.16016491856469	-0.234221679343492	0.0530156780078852	0.0638810152264046	0.382652043317618	-0.0139911851337031	0.425775050382729	0.416558982773168	-0.040970804602852	0.159243043429335	0.0183156517310675	0.00635362291946701	-0.032791735250961
tempus090_Pre	0.43333151844762	0.273160760736412	-0.0509868654402329	0.122419537298735	0.139096407903529	0.486119952011881	0.065717585533011	-0.0361424681050347	-0.289212012039457	0.350676475391814	0.331483074273567	0.110907019708876	0.203066370624235	0.0306228030011084	0.231971806454778	0.273004629524747	0.0914977774052929	0.0550613116940132	-0.0571027758544995	0.305606911162518	0.134216787563909	0.220487494337666	-0.120920353470217	-0.0694569956552333	0.122815188880552	-0.182778844378758	-0.318222242082215	-0.145582504542916	-0.228790364131286	0.586533355136613	0.0427921543864856	-0.177635538913793	0.125984661885905	-0.0114854859717592	0.0683894264770509	-0.218994697681504	0.18303573902843	0.0991813137513417	0.402298550882484	0.419881378485154	-0.15247757750412	0.157383558993764	0.197189163472716	-0.119983992515032	-0.0174813998022592	-0.234531083045524	-0.160398399638719	0.191731301645387	-0.0498355249672505	-0.255800562971381
tempus091_Post	-0.419960743599953	-0.297483443752659	-0.247167024276297	-0.0315118306272802	-0.163343614728713	-0.264040603098318	-0.072609263534308	0.191892005613218	0.292998663844854	-0.258130487731869	-0.0174286492920199	-0.187476391383573	-0.307364916962814	-0.193541132965796	-0.361722264720094	0.197653664394354	-0.385587804219929	0.454910749179423	0.203184004471328	0.0243602232998872	-0.00358638687859431	-0.0637228153935228	-0.125159781222283	-0.428327849645213	-0.249586508113375	-0.293400967001073	0.344297073801292	-0.33341583043699	-0.0649079141339263	-0.227804943168081	-0.2749005281617	-0.230156297548096	-0.174484142481282	0.0904851291023578	-0.132008382604612	0.0168105857440216	-0.132876692421198	-0.206506196357357	-0.312590543039022	-0.0533660732548387	0.59055669679894	-0.233523711764048	-0.250173729541938	-0.170249449308068	-0.195620108719661	-0.203570265152263	-0.0295111817768062	-0.223800445964475	0.116901254372306	-0.0385176484442181
tempus092_Pre	0.233582984399799	0.0865964903486737	0.300243584206689	0.0880467443424192	-0.131613766876984	0.395963294713853	0.30223295191575	-0.326457851304741	-0.373676058803254	0.249110528176246	0.282548566185737	0.00868256374568283	0.294251684609758	0.263998979707918	0.0516309358919728	-0.113544373769099	0.330358340599749	0.115234745494142	0.169210300686179	0.191206204463462	0.0479326338774678	0.272831649427499	0.338307920473257	-0.184540242627526	0.0853439093882829	-0.0147661367278538	-0.454346379612643	-0.315612430112829	-0.549257308288042	0.19435447799419	0.290280416908032	0.350583532027127	0.172746255091022	-0.154657046975718	-0.0736364429711733	0.0659752832400614	0.0949861432036347	-0.0714649106013329	0.135277910924401	0.170668466800248	-0.0561349702836349	0.448944375935207	0.164384395829136	0.382659735604358	0.168859528183195	0.313689812223356	-0.172174568064066	0.323283530678691	-0.151688767808921	0.331993973022679
tempus093_Post	0.410837121636953	0.483549470913992	0.277687859478234	-0.11595244230595	0.367307338278842	0.399646519023931	0.297666124481588	-0.292179977839408	-0.400709517753413	0.236280583982774	0.294652471709925	0.0772290405477044	0.332126595045206	0.256519578594776	-0.0100389039790001	0.424688014077689	-0.0064372507783477	0.618165695319193	0.47576948317813	0.434869935968762	0.292097280723941	0.388796048316212	0.202433268446712	0.179724896977102	0.019685973711337	0.0653721140324764	-0.485688196443325	-0.336704391553206	0.180690941120407	0.6785249421053	0.390854123632491	0.0395589587036142	-0.0142286133457365	-0.258514304798053	0.273637422156959	0.0827082645443613	0.245905560822764	0.245944123162941	0.293922674089778	0.56223281135816	0.0561971431321127	0.401921983791721	0.295802610420024	-0.247088734258822	-0.14127741369652	0.104621685278172	-0.254631196463547	0.223989891340871	0.157519945830235	-0.0586465203132666
tempus094_Post	0.320486325315342	0.030407919168073	0.0357773448489823	-0.228930104559971	0.28177625655251	0.0368365752054106	0.262878811033736	-0.422756027922311	-0.453515680329234	-0.0243895274940358	0.252671648353872	-0.231970381362939	-0.0304250931661011	0.112828858518366	0.155812362121683	0.0513294061256976	-0.182171144974835	0.274506165968834	0.259214343301457	0.258306258103482	0.0764753240298575	0.191926313942329	-0.0450087382441768	-0.242563123981109	-0.133900110761033	-0.324831231916974	-0.604311257484275	-0.586448365052074	-0.49784663788932	-0.121879457886326	0.119039244062324	0.0282992286911671	-0.211863583772313	-0.466443522811753	0.00221444216534855	-0.127540678159228	0.251140557320175	-0.157342477693028	0.157243901517719	-0.0962089826218549	-0.166292103633293	-0.0676150709599066	0.130457768731569	-0.139373472672636	-0.257533940171235	-0.0208230239648081	-0.167118260934841	0.221676989551349	0.300381370394498	0.30111532224842
tempus095_Post	0.193527607719582	0.243711304148487	0.0579914073309949	-0.230984827708459	0.414809780851494	0.0523483364430903	0.243576874746738	-0.16600421618344	-0.384652988009738	0.17005763760519	0.383067393287105	0.0306233310867558	0.119420693527857	-0.015636790958537	-0.273711319783215	0.451455898989693	-0.466449429042702	-0.146184108488316	-0.0646648013073062	0.38974216541271	0.36668680449298	0.44068598841256	0.0187296425665636	-0.38847140738791	-0.209566187180913	-0.36276451782245	-0.429654149468249	-0.507718485522681	-0.133993257969155	0.499374163542781	0.168888312696201	0.0377047285875304	-0.118756640260986	-0.390191159344963	0.00174415854937723	-0.0459610136680396	0.222708456435687	0.0563921425048817	0.182695319370311	0.407782673260578	-0.177829596744182	0.321040470436671	0.22881763106103	-0.115652833353275	-0.0930376188563621	0.0595216160570231	-0.206907681019678	0.187423197997863	0.296457694363988	0.0340520946984378
tempus096_Pre	0.190874759416186	0.128262531323161	-0.164555582625835	-0.359782644910606	-0.0891961082102536	-0.0304752620135313	0.283415289852959	-0.294879867243802	-0.512648128942179	0.250069255209784	0.0183723206314369	0.105937572979059	0.108903508860427	0.203502120967	0.118342633929677	0.141282507594444	-0.0973270853158151	-0.25893173328164	-0.058524589034242	0.171358285167678	0.242286361151907	-0.153698902691691	0.157655590962032	-0.297048239992824	0.0512064896892026	-0.056264076473217	-0.540949713504269	-0.500651595458412	-0.466528184105362	0.175841670241889	0.25722678855995	0.140546503257611	-0.029409744181285	-0.33431281783884	-0.0155607027813767	0.067872624818117	0.145790421348136	0.0641499571454037	-0.186468762871614	0.179978517588873	0.401670592096527	0.121932755965998	0.0451363749115698	0.215683967492898	0.111425336642852	0.238883848886068	-0.152649389585281	0.194686642055549	0.290745706794944	0.170495261317146
tempus097_Pre	-0.478554843144632	-0.116413914361023	-0.345319557176351	0.213805860852708	-0.126109691383783	-0.343753266032572	-0.433260892314112	0.210178884286005	0.485327061899812	-0.356836982782928	-0.498929615629724	-0.335042660544318	-0.122090891772585	-0.112447234808482	-0.219274055990369	-0.408050178174235	-0.130830791862297	-0.59407649722349	-0.506856904586763	-0.276997245579284	-0.143170472500021	0.0424809287913686	-0.337397620121169	-0.0461986771750015	-0.095867173631542	0.212391346042009	0.523411388424646	0.328914641506379	0.18861833111111	-0.545195759431159	-0.424642755164831	-0.339222818925527	-0.240024796143317	-0.0589080793041226	-0.0133378682385341	-0.416708107015988	-0.413379363572975	-0.225280891025148	-0.322343861700432	-0.289032778310804	-0.0242030675808144	-0.404125042945971	-0.353074375655618	-0.169975434656515	-0.0529478939665681	-0.35056915487151	0.306115469543192	-0.352699940449509	-0.0860588117010169	0.0778479879192901
tempus098_Pre	-0.18036807803004	-0.123919032652271	0.261810786675823	0.097541329287452	-0.367241171642233	0.274803234184267	-0.304115915836522	0.0928595721131914	-0.177619012428536	0.0228196158727567	-0.209147551772221	0.0571233807653988	-0.0940649910745332	-0.117691609932584	0.189176567896459	-0.117772169323032	0.470358981263124	-0.284131110854457	-0.238674480301582	0.151875822353074	-0.246478442660381	-0.12341145774377	-0.00170939543154583	0.0990291872190009	0.375483578093984	0.209422516534102	-0.220180363180248	0.145318041651128	-0.174885961549608	0.24657773778468	-0.150960292754247	-0.0896870823579788	-0.138114049867411	0.188132613283116	0.0977015735662323	0.0837881201996523	-0.00997367507379893	-0.168993112009614	0.101877639112641	0.0626155470682982	0.0516020069040605	-0.00316007352668755	-0.197317874031802	-0.0227927409158747	0.140005300113064	-0.244989979164212	0.000850251829618287	-0.00690613154966056	-0.134912952829517	-0.272813935022278
tempus099_Post	-0.237558683974312	-0.237584981693256	-0.153654754262421	0.0167664108847572	-0.136183981743342	-0.306365373054969	-0.268420991456245	0.338559856026951	0.435704401704868	-0.347009008395743	-0.351437549150366	-0.0716719030072668	-0.281854591764489	-0.209019081065817	-0.344745587778471	-0.268389451341956	-0.210232022049684	0.0220767284914133	-0.235645222834574	-0.138490966901085	-0.247668832729766	-0.218400893877207	-0.236216306953566	0.173146543202128	-0.0428938113481687	0.141453138159694	0.488870438388139	0.567070604023914	0.64631241068741	-0.441679675236434	-0.291295329199782	0.0805419438150408	-0.0717166842937838	0.163230222860464	-0.0562595223526308	0.0118897898187766	-0.137208405887552	0.230783174554335	-0.411050490836683	-0.352873838107181	-0.200520318912042	2.48221190564391e-05	-0.179773052503641	-0.0810419355903735	0.0843872514568998	-0.264388969312566	0.205569178941472	-0.3096450542876	0.0895318574212223	0.254909507229216
tempus100_Pre	0.0190093370834824	0.025404484127517	-0.35768152147866	0.0728728603258859	0.180458689906765	0.0582274070634635	-0.25848606328362	-0.15084469914116	0.0450232320656553	-0.206003522050995	0.0142505964332945	-0.259622741858803	-0.276165812575865	-0.247915149031448	-0.185990966632116	0.346777402400989	-0.312838538538661	-0.326911702284845	-0.268379131613848	0.0668113513051712	0.104376134897707	0.251988423796151	-0.244240251957126	-0.312262547108432	-0.124379454451826	-0.271085749453017	-0.142482121621597	-0.29269311571301	-0.240675795634428	-0.208188666914728	-0.145741541656244	-0.303412347754265	-0.328822943235064	-0.501671373507236	-0.256986403635091	0.00529332519656942	0.00354941465358075	-0.13755064066677	-0.0758432182419666	0.0865679526155147	0.3613109180344	-0.311207734854831	-0.15383737220786	-0.347750058237593	-0.337496454262782	-0.136436377307968	0.121331977684581	-0.105920586015355	0.320513181975522	-0.166630123063337
tempus101_Post	-0.419184748481219	-0.0211275683001963	0.264546881217034	-0.392053579359933	-0.251878649876584	-0.284966899354993	-0.309941279660016	-0.357119062754847	-0.619267930409176	-0.172991948966167	-0.22074303716239	0.283213303854309	-0.224978294510751	-0.114564811682121	-0.0411178865317881	0.254394809638914	-0.0785106892352943	-0.505486566448462	-0.431894825551155	-0.173369675655691	0.0374291863013054	0.29839757029685	0.0346352238270936	-0.250743276981036	-0.365766306410458	-0.205538522412775	-0.647242313289913	-0.537428307625208	-0.579505862048998	-0.196336283863492	-0.314605606933999	0.560161844672775	0.454098880421009	0.191540057947079	-0.00691985071307935	-0.129239317030088	-0.251399899673823	-0.0849052146590809	0.0962984708753376	0.0176504035724815	0.0791159460790287	0.466391224361607	-0.193902220329762	0.633357315643845	0.367905691135229	-0.274574809367332	-0.0510010062596534	0.0372278580409757	0.0992388814451626	0.385252378616702
tempus102_Pre	-0.321400850555627	-0.199778952606771	-0.190541364257123	-0.058590230614007	-0.0671449959238439	0.0890572869512024	-0.0914590822499423	0.188142703967732	-0.217666573735064	-0.0646799383107247	-0.130931833828818	0.00788247651119076	-0.0905397502926285	-0.147834868358653	-0.186715438470206	0.193193940845546	0.301479477868875	-0.0728308254641154	-0.144132644773078	0.0958541946260173	-0.0511253867613515	0.0456671622187005	-0.0026112591475647	-0.137459044116302	0.1349569746103	-0.155371260948351	-0.2857896336876	-0.0391346339307862	-0.297696402922092	0.311439865545239	-0.142150592105133	-0.294094092283687	-0.070135289299139	-0.0342666591997807	-0.0935817634232788	-0.281988186552161	-0.207464403774292	-0.236906628918932	0.0211670955105032	0.171620732259831	-0.200221155697048	-0.1287999315799	-0.0998837853115944	-0.230338906036814	-0.210184988486375	0.0629627423992781	-0.100855086870808	-0.0170987472439549	-0.154783084444027	-0.166539755615671
tempus103_Post	0.013151503685646	0.15942893103992	0.419187045380815	-0.505527928152286	-0.222770071040525	-0.152751713137183	0.308889937305466	-0.391713008182504	-0.538787273044366	0.127587314833587	0.022163664941852	0.444467698033078	-0.0223986277438371	0.178152642901177	0.144662994040129	0.132642388346622	-0.376634293071098	0.222422539910706	0.269039613958318	-0.0842332655226569	0.233932616742287	0.0592645304779398	0.299759008082944	-0.404333691837805	-0.267787881532576	-0.0264195179840863	-0.54404057764768	-0.552696857993318	-0.457879178707223	0.174769672439771	0.25345200785066	0.651809441885167	0.573911916613136	0.431776169274268	0.189372423006619	0.432518353021476	-0.0281535049362023	0.0493269337713921	0.0527191292562233	0.176333058749394	0.197748951023181	0.552167121321321	0.120181295620236	0.675416163386729	0.48603404597171	0.249094883895722	-0.0360110311588322	0.292997702525909	0.363288279340902	0.497747539422751
tempus104_Post	0.0281878267023939	-0.00378408169621419	0.104969526122718	-0.370658505986578	-0.291335010599307	-0.174468256433251	0.181322920843162	-0.252853480897939	-0.454405085116929	-0.058604257370641	0.192265455178961	0.140867579518751	-0.261217446927801	-0.144838337720882	-0.160696604501617	0.241445087027008	-0.236806270704616	0.592898329570135	0.39052665020381	-0.0760450051009628	0.0572216916490626	-0.365459060191301	0.173731411079734	-0.353353865110099	-0.230248377637073	-0.198203081948591	-0.402279036917247	-0.566404464809612	-0.481633965182984	-0.324027556883168	0.184819515582496	0.538541112095325	0.370967779186588	0.0226772151228238	0.0776121887153618	0.0791127822511646	0.0158774282648596	0.0519357380980802	-0.1381730739589	-0.0225071630381994	-0.0096537114795146	0.406939132534397	0.0806417473228917	0.53341801271575	0.300754567200876	-0.177774441149998	-0.182194243418959	-0.0479590719985564	0.187712807616947	0.242682526481144
tempus105_Post	0.435862932359604	0.163176143397381	0.0247764718732333	-0.0634291531090212	0.106313797175322	-0.188846619402423	0.244125587912381	0.118814714372971	0.150141876455784	0.155125140985366	-0.157872321058045	0.0105776395271321	0.391213085974563	0.345189000464767	-0.169049062762924	0.158236112493839	-0.386698536930103	-0.389286803695582	-0.132325389050548	0.00377845162695016	0.195465112891241	-0.0958486538011366	-0.0787839459729648	0.272743243849408	0.162354169454813	-0.00936776463433667	0.126382948239931	-0.0086286684780183	0.482912218281172	0.0199076166284556	0.322656281152766	-0.070293330703865	-0.211578439106925	-0.352158124737464	-0.0681174899694443	0.198875167589232	0.216408175915598	0.232169208091576	-0.0257034065395259	0.175569094310003	-0.0543978516988766	-0.227312385361636	0.158634103946315	-0.233662731305867	-0.139995202478048	0.182389800700591	-0.0155172721984834	-0.0131886434579048	0.147121732282981	-0.314969854497023
tempus106_Post	-0.423968316153152	0.0307320877818779	0.241297056223931	-0.283848241902161	-0.361068493515562	-0.312569683354079	-0.347185849751845	0.0872172338598882	0.0213449273059862	-0.241818266747735	-0.230253699013152	0.36456522005027	-0.220641251704183	0.0239047898067227	0.119795169382741	-0.225911999789263	0.288075144073937	-0.1656996605806	-0.295480875503435	-0.280435483735348	-0.172257532579143	-0.281098070580016	-0.127906211636843	0.177164862529375	0.0821871572671205	0.254619945343761	0.0765840264674064	0.319887447429897	0.0931984225404813	-0.4150541953015	-0.438934354326504	0.488965967242683	0.498628200027243	0.49651525453446	0.339171934812856	0.197899488293576	-0.109985035079221	0.0761006081923994	-0.295015258669353	-0.308804978598205	0.170067253120884	0.317034202746686	-0.272555144632063	0.496227106964813	0.381020561136238	-0.416182102631605	0.162987882554644	-0.0678255378529917	0.114673906662262	0.375181027970434
tempus107_Post	-0.481508250816937	-0.0697447873779449	0.0355570531328627	-0.139660587313404	0.0208544046777568	-0.250616612380062	-0.393468252699329	-0.0789892917026691	0.044981892646616	-0.206442148925058	-0.173657766112183	0.0568774231612815	0.366119134556411	0.296660831471392	0.0760936539342585	-0.112899835655952	0.315988853693189	-0.578636011798978	-0.540346019261839	-0.0950942121130541	0.00431039050041049	-0.36010556055073	-0.259905722582449	0.157967759589378	0.106602147862001	0.016545116409055	-0.0187524787135783	0.0915776804261176	-0.122704260873001	-0.298289513617327	-0.412729750817297	-0.208274764444643	0.151434801115194	0.127643510427435	0.123459509758678	-0.255526221525901	-0.196028534964811	-0.0739174153553855	0.103885128238321	-0.069751892650983	-0.0790765358639837	-0.265401704226558	-0.246862933031401	-0.0903209202515456	0.0141020595010955	-0.534111699730607	0.0811770600221651	-0.358631956912505	-0.0454408925421688	-0.215483064525657
tempus108_Pre	-0.45230520832884	-0.30482037166463	-0.0353756982060338	0.0253237771380054	-0.215859068063402	-0.270436734308332	-0.334332059883812	0.173153894336358	0.310914444636688	-0.294289111959522	-0.0574431385400759	0.0102588668591579	0.127146049920814	0.00372559403393191	0.0223277840825735	-0.306948265937485	0.280119853730617	-0.336130339211543	-0.25724807318568	-0.213187402181619	-0.100154212346922	-0.308769274329024	-0.260054779020391	0.140881528093499	-0.287098243012298	0.115556674939421	0.327413796688032	0.522859580528639	0.513634477725326	-0.299666801815852	-0.353830454117502	-0.303412600370634	0.0652960672491907	0.313867827018683	-0.0400835338701643	-0.0355104343527624	-0.303236620376358	0.142052928751571	-0.155685318439392	-0.404247412090167	-0.17789041984416	-0.319657585480634	-0.235040662848525	-0.077055052058914	0.118896109793773	-0.0974003387901014	-0.056449103061253	-0.324939244350647	-0.208280105673708	-0.0855796259487714
tempus109_Post	-0.320817250944047	-0.00305745087792622	0.0760601059003885	0.16455121052203	-0.180806619028344	0.189984017087493	-0.334471536613186	0.0444871402389104	0.0985931626715163	-0.185958851911235	-0.074856518784431	-0.0476350795994248	-0.282644433031999	-0.23717869075548	0.077468121200145	-0.141082648738278	0.287504429283991	-0.516985148099973	-0.458955212032498	-0.0999193865233034	-0.256402846303571	-0.264750861271891	-0.27536905737027	-0.0287307996262312	0.0551636377786121	0.138781216643434	0.168011643643303	0.296261918217342	-0.366618320089847	-0.125395020389016	-0.304504576771483	-0.185006263796929	0.000290173479191413	0.0916101471850674	0.0694047224110008	-0.187188976824395	-0.166207267056472	-0.310638239597969	0.200994290505534	-0.0255619188755001	0.036892533961468	-0.142100637844364	-0.291148740130975	-0.0939105239664977	0.0557604958389297	-0.449547082466924	0.0339886073684146	-0.258270123607908	-0.11743684640307	0.170455895946573
tempus110_Pre	0.0366311571390411	0.0682593312199308	-0.00720114885922504	-0.0344725036972002	-0.0548167469830794	0.016694965255033	0.179633277580223	0.202986112509166	0.0788530097994125	-0.0796732475688888	-0.1162195586587	0.142952740210021	0.0230089117579773	0.179928604680892	-0.161023677259443	-0.208927819260043	0.123730828922406	0.49750770589524	0.395486119793821	-0.102262361267528	-0.205328122542312	-0.067565047879512	0.235085213157702	-0.0011326608580893	0.0084855860356578	0.0429781242378328	0.0865169499825536	0.00241733385481466	0.049405876354624	-0.236161787980153	0.230476517921859	0.442949703615732	0.23711277611735	0.0372692288148473	0.0772364522797198	0.252448112267925	-0.0610681840272916	0.133905735689156	-0.244781146608093	-0.171718043935202	-0.136441620793609	0.440858777369734	0.0132862195495021	0.355828056462735	0.178381035534457	0.0371738991824716	-0.0799826728244429	0.0301584575216674	0.0929743970417394	0.143126579892098
tempus111_Post	-0.513849854282394	-0.300632074351347	-0.178251918157049	0.151868931680704	-0.149732574504105	-0.376248645430834	-0.455951332711047	0.319747397974994	0.241221100310554	-0.289503189615416	0.127230570813887	-0.0477345116352093	-0.146329106960566	-0.136023900280357	-0.252132507480276	-0.222692684075458	-0.103610439618466	-0.550972274770267	-0.535682217907465	-0.284803037352061	-0.112207056148146	-0.330597507801722	-0.391855522410667	-0.0769012008554704	0.0225317133293011	-0.191001696135451	0.372216982619914	0.105879794343398	0.206141175978672	-0.527340641704344	-0.543800131358642	-0.22198366313812	0.000385336117513901	0.415657321916471	0.0349374577817023	-0.301672640543789	-0.216449974389588	-0.166915157359164	-0.303753705388436	-0.28800114211467	0.0113259468032382	-0.38197066319425	-0.397195938902402	-0.00400310426090228	0.0793896777230194	-0.510531425243731	-0.0267013093554553	-0.38304945719901	-0.0749127932119056	-0.0302749269696087
tempus112_Pre	-0.0837260406836802	-0.230619378309357	-0.206800126760369	0.158514425262746	-0.39685255060692	-0.176559096939101	0.215565662685307	-0.13612588431651	0.159196174983304	0.0340000473440362	-0.382364123986144	-0.133193538215384	-0.303064922051513	-0.308918316606418	0.04211323837646	-0.363678629586662	0.366503226239398	0.533890338466723	0.510826918903021	-0.256468711848131	-0.198569312218398	-0.294680350727686	0.208753141088895	-0.0620967332995866	0.157373988381551	0.0954762604000476	0.0979801284958522	0.0815411526564622	0.0742047517129399	-0.235185875573622	0.203656404580532	-0.235586364271443	-0.243017138209268	-0.24430101302448	-0.263863404449513	-0.348921287987652	-0.205107584769106	-0.197516285491296	0.0959244202231824	-0.311698871494991	-0.0713234323097585	-0.310579066658171	0.114725802862564	-0.207615073393229	-0.19336727577057	0.449236481540037	0.0847987855000701	0.152317962167736	-0.124006855605099	-0.229247928954292
tempus113_Pre	-0.240147877800988	-0.104858941777608	-0.219471141702853	0.162169268477714	0.0431279549699202	0.215499696495213	0.0117514871737731	0.00675006734711867	0.284578239406208	0.0328936042882193	0.157541983444017	0.0571259469554974	0.0886041627892504	0.122527348283875	0.0606523660345679	0.057759338448541	-0.010681447146046	-0.415628064860057	-0.298893909693153	0.044813451688302	-0.0817627995484597	-0.166009235730414	0.0297902334788198	-0.0669345174991653	0.0393489409171357	0.167548295084994	0.313388040826085	0.0933254899703901	0.15307326220987	0.139703380104328	0.0263567636130482	-0.0152675036182465	-0.258767344774328	0.0207866654990812	0.0380948470302807	0.227971860598237	0.0345521499070988	0.112285707424519	-0.106285000796875	0.187641909750486	0.307702502731611	-0.0451141107752818	-0.0855864033038027	-0.269358716732575	-0.0678735571327186	-0.14080866810364	-0.0596877026285908	-0.177867314285595	-0.0520854872858818	-0.05586062992265
tempus114_Post	0.133839309149661	0.0934803473179396	0.159550027721949	0.0870839314090843	0.326893063482952	0.147732601980691	0.204361757459402	-0.172606317363522	0.0471466905042313	0.23324001950958	0.352425136792814	-0.258055867402141	0.101421112852323	0.0657758922997758	0.03763857118797	0.304459606926779	0.0837388577597583	0.26578375664415	0.245814699846246	0.203723944315755	0.157436870807428	0.300106426504349	0.105406144767988	-0.290381671231884	0.0720712138582994	-0.130233641743121	0.0707450348282503	-0.0973638830250359	-0.245804055650388	0.416306076726674	0.269861923366237	-0.226671224749629	-0.133018690883096	-0.380354616963352	-0.225784522070742	-0.114139568891422	0.211271357691053	-0.0348743017854801	0.29571387144392	0.263939364392775	-0.139156166722935	0.060133543206789	0.203495408957623	-0.142503864851261	-0.110624417961247	0.307993893045358	0.047284773194633	0.27089381536373	0.120638591866369	0.0423233754832988
tempus114_Pre	-0.131565737500794	-0.261647090295452	0.101162228657039	0.177750447718961	-0.307456484126283	0.219593184436172	0.156648198251196	-0.223911262442991	-0.0183110090978445	0.0105180043177367	-0.183695741066086	-0.142688937834948	-0.211912947650887	-0.319632819715394	0.313843633178692	-0.107875152438758	0.413761085047587	-0.00183530481123234	0.152653622931796	-0.0920131801646256	-0.195874236780463	-0.294895228438378	0.128548695775061	0.0688872275538575	0.059101656863458	0.00215816435791821	-0.0160009307615994	0.0653449852629058	-0.341539578008342	0.215213391276069	0.104085418446998	-0.288432688807581	-0.0801875003628716	-0.210688459747174	-0.274724746810034	-0.299077511280001	-0.239341418676698	-0.25480872912076	0.160507225646761	0.239243741864697	-0.0580399414297163	-0.274943096964902	0.0501461604380422	-0.231696727654392	-0.105215200713203	0.299610195056023	0.0969742454803481	0.127678930133672	-0.173026892994959	-0.000153139410906833
tempus115_Pre	-0.417595614191914	-0.36513136969948	-0.223984413610745	0.294045428598416	-0.0263509257956565	-0.184367334632182	-0.393957617140948	0.158384240332145	0.48995201411067	-0.244321846651661	-0.27326899015341	-0.259695202967184	0.00923335857054461	-0.00751858913766543	-0.00620344489731112	-0.278612165124225	0.0630039780231164	0.310039668190849	-0.0912276609178901	-0.302778782152632	-0.236029631564869	-0.130516589668516	-0.393014829556595	0.126145455583465	-0.101842021618497	-0.0295077739705626	0.588422641926306	0.395580460272816	0.0990524557205233	-0.322305501933481	-0.392917349977926	-0.403248904874767	-0.299390863401326	-0.169668664842326	-0.144365422004918	-0.264265787589587	-0.313090726971078	-0.292265862348784	-0.16553990835643	-0.148293697412237	-0.266805461915887	-0.473747688644909	-0.333309594934022	-0.181551139500056	-0.125664488679898	-0.405190903063398	0.205107620010629	-0.243627189804804	-0.131055417141234	-0.0833518148787781
tempus116_Post	0.305424872734059	0.476242185174994	0.0457036420952062	0.222589932724268	0.368613254590699	0.366581795964958	-0.0920588835935619	-0.224297473178949	0.236526481368496	0.0459647806836789	0.24184689761898	-0.323849292620312	-0.284063554492948	-0.142788130183851	0.058657208357244	0.223867883808571	0.0819333158529924	-0.462397246847693	-0.337329489922589	0.321097873080337	0.144171589480619	0.413678656065533	0.000467073862771644	0.115287471353379	0.0307316901729917	0.250602573155905	0.0668635677744901	0.282751733305322	-0.238625646241278	0.592224619648027	0.0668420971480713	-0.214066307740059	-0.312336205865684	-0.252879349500125	0.243246573077205	-0.175936153808201	0.204950668964156	-0.00256893355284227	0.304960676810832	0.506135117940245	0.167525001109284	0.173483855768908	0.00456581126547917	-0.297449784610338	-0.259609790299642	-0.270947824121564	0.0928508223486772	0.151159191599435	0.0613575160235057	0.26111758087661
tempus117_Post	0.543293085317581	0.149389791111983	0.110984347080352	0.0182204987762929	-0.234328897460016	0.156658142162318	0.419869387023213	0.304640294741675	0.283736053846831	0.242926933516045	0.0102775547272784	0.244888323145971	0.305872992148249	0.298167025866198	0.193216189266643	-0.207436415344507	0.0129665745808784	0.375338511493583	0.401258680614499	-0.0498952330626129	0.0523979545319334	-0.292146136907616	0.262766357270556	0.567899916870387	0.2944835762512	0.45087167706307	0.30233609759173	0.57000004132495	0.616890569706219	-0.0357147700961292	0.369608336978531	0.44708009401457	0.272018895032486	0.407309994564461	0.160024587214038	0.448184608627544	0.260090237988574	0.418299578493898	-0.133108791334135	-0.0193348653916552	0.0544085000771747	0.342456886856321	0.0817553736790275	0.155754925907762	0.350836158871723	0.179061284120281	-0.135893440943723	-0.0550883786379339	-0.00712150723764751	0.113321976618192
tempus118_Post	-0.199793729239813	0.122331392747579	0.15432727615978	0.258720924811083	0.0108293761613868	0.0384807205045821	-0.399820934759303	0.317809476410899	0.514686579975359	-0.0114651846473887	-0.174725787571313	0.108270496280888	0.122132786407005	0.21551492439813	0.121269991814635	0.020687464344551	-0.117973109805568	-0.129553076417683	-0.260899030544483	-0.0513445903918749	-0.149815074538856	-0.100855130818654	-0.124780040482943	0.255405440991036	-0.171015327773931	0.0910771672456198	0.557423017126983	0.347761813485284	0.496294636185891	-0.144872446586748	-0.287899674807005	0.410931442322143	0.258671894962534	0.23967207320964	0.173039991723301	0.217394775312118	0.0358395626794946	0.123960819813398	-0.234068714663802	0.099772845267889	-0.0759307356496071	0.322074410786555	-0.19307623001375	0.379797293444479	0.352806270146916	-0.454907943003906	0.0939887617548676	-0.223683160845557	0.0856237536627992	0.0587600209576876
tempus119_Pre	-0.0431353182494126	-0.12294072766511	-0.480616860036121	-0.129330498107744	0.328957505599034	-0.167686147282809	-0.363372123390357	-0.192649667361002	-0.429374360232057	-0.265846007389212	0.0442927255442083	-0.355791884007442	0.262495451188178	-0.0398032559909788	-0.360200077282808	0.158950021074408	-0.656130344869964	-0.309373609950903	-0.364302096831	-0.0182787909974527	0.124665344164858	-0.151061868817539	-0.3272331105814	-0.359108897603165	-0.296749532855514	-0.552625297388298	-0.515090560932219	-0.541940069503941	0.115053675705418	-0.418067748809963	-0.359378613577532	-0.326010636013686	-0.353317266411722	-0.574553707835691	-0.36353328472993	-0.156474967486052	-0.0662773398163689	-0.267821404968141	-0.0690170991666398	-0.239213562708516	0.254658782250854	-0.326553957633151	-0.242259883871795	-0.299532082920693	-0.333569974509514	-0.380798303753253	-0.226322802739835	-0.273622031522424	0.128661571414875	-0.202667804061835
tempus120_Post	-0.00892188570699326	-0.182220035148209	-0.407647037307993	-0.18725436549907	0.230282066638195	-0.236288902326162	0.124319442782588	-0.121723206917218	-0.39922835550922	0.136918085512449	-0.134798789852447	-0.0518859554436762	0.21032672497851	-0.0207091712904656	0.144382905667373	-0.273261598728999	-0.140611477349357	0.160582581435551	0.277241247416991	-0.0410738297076848	-0.165375123434002	-0.212867213587011	0.0684848114438981	0.175132316394252	0.126577275252158	-0.0134377765039513	-0.375262770949155	0.0109523786375974	0.211408111795087	-0.0282945574665392	0.163724784967923	-0.246661390953356	-0.00520936513797765	0.0579537833082206	-0.18509761837247	-0.315583563070252	-0.0252777939263355	-0.0205584740257823	-0.0401726244851142	-0.195232947372563	-0.0780424490708487	-0.199078714842832	0.117055381879859	-0.03742585447822	-0.0575558928032612	0.419023643386778	-0.0804223054859913	-0.0913511993540112	-0.0653592119802373	-0.136656944851388
tempus121_Post	-0.304273531804729	0.268368706790929	-0.00942107227794312	0.0371900514765927	-0.114872995619831	-0.225870136702743	-0.422487322677529	0.0749797550167204	0.182579297157575	-0.201087225685893	-0.156489326076632	0.0316663175644079	0.205370607336034	0.266170220376732	-0.046811012329303	0.0995542746207783	0.0765724476881011	-0.58658808645884	-0.503598497949815	0.00169405607845149	0.00259112250627022	0.334424441505305	-0.127161511721732	0.133349370860592	0.090189914793449	0.171978328957916	0.110995276436679	0.339340886212796	0.245833919421387	-0.0944548603809773	-0.407213652497354	0.21310988193069	0.184320461073417	0.303308303424854	0.356686005627391	0.0962293845605376	-0.121632688470801	0.118682473933477	-0.263283739597452	0.0395459325495838	-0.0422199177114519	0.343052597524754	-0.265062681610662	0.0405415238424754	0.191231199511024	-0.421957488572726	0.00299323976323221	-0.211682300292996	0.091952166108024	0.0262870056608364
tempus122_Pre	-0.193561353419831	-0.137859450414919	-0.368487587305692	-0.0261625890929262	-0.223793621634831	-0.124915113377721	-0.280064174384074	0.00298046273640279	0.254892084348147	0.0714817596261607	-0.163913824853394	0.169354621632278	-0.149838244259675	-0.0769741861016923	-0.179645930359823	0.051471428819302	0.283710652427366	-0.148535596698103	-0.180517378382417	-0.0621032095357481	-0.258739631880502	0.0454823798955208	-0.005496001957883	0.0729788408918005	0.0078008640420002	0.0857034449082707	0.342647702096335	0.452276049628398	-0.0931582317870915	-0.228172185006517	-0.148905452950424	-0.248748601254671	-0.0167811879440218	0.0504516313038951	-0.0339134831329151	-0.0981871893909635	-0.0897603495294452	-0.080968453675868	-0.00215455823666613	-0.0427906773925442	-0.0435315801848028	-0.106526268263595	-0.0866651592633742	-0.200266090113574	-0.122745161021777	-0.158103375716704	0.298695997013067	0.144315971673792	-0.100765592432274	0.457375953744281
tempus123_Post	-0.305842139029431	-0.313119549579563	0.198142804151553	0.167859665215166	-0.269869790259575	-0.402452220460647	-0.24662661079716	0.434241042816236	0.5475505939627	-0.0933505405988998	-0.189871271030767	0.13372042273952	0.285823131839644	0.286828576149597	-0.0234888183318324	-0.307360175606814	0.17446664749345	0.164786974660332	-0.122592279950391	-0.263503234116955	-0.156308877139435	-0.357030688763984	-0.235084783608707	0.407127201038189	-0.0282795416113364	0.402594094277258	0.670377285301481	0.605411370436536	0.684061090582601	-0.311581492500502	-0.244317247866849	-0.156418259838199	0.145833116816345	0.41903702973598	0.143802235279306	0.184325799707192	-0.22957961551221	0.0929702124256123	-0.427222070798534	-0.176939599533692	-0.0199788132616122	-0.296012192441311	-0.298529737377784	-0.236840572564532	-0.0907996582451775	-0.237296019637473	0.271941420786271	-0.333346906634864	-0.0605399906450369	0.0874732058130747
tempus124_Post	-0.0760958803286618	-0.0213183695154889	0.276403991536661	-0.25808083640646	-0.17696442738529	-0.356164926386704	0.145921055174341	-0.242718316565832	-0.103164111990811	-0.0285529843669217	-0.182040360107018	0.240131658707188	0.0766242630992672	0.214373353643192	0.0429510554145136	-0.03607223823714	-0.267631122851847	0.308648376867198	0.203991983240678	-0.297309129746475	0.088042315187907	-0.247049901512297	0.188250691865171	-0.400559992900078	-0.249117604193352	-0.189308537388047	0.131807600214051	-0.463216938254899	-0.594724469105473	-0.225031940330401	0.135433124438709	0.548517742411794	0.513385177671653	0.162261741537628	0.113470384166986	0.126464097565542	-0.222048044263861	0.02232734313776	-0.132362576242528	-0.117460910070817	0.115967821508235	0.481871069253961	0.0208123012711597	0.549632798690535	0.389321003955959	-0.0370792705130109	0.0698840784880204	0.23654600647439	0.313006394617511	0.456807782038027
tempus125_Pre	0.0477154258057069	-0.00854915331734017	-0.281570854221788	-0.178497373213386	0.338152237314566	0.198331669508161	0.322636370707379	-0.263119326880175	-0.481022767542991	0.170125522065897	0.112690717729348	-0.0165550129353144	0.270751823352769	0.0509681909283034	0.0641531155294724	0.585235820516137	-0.0624103032180089	0.359967233686297	0.342393096420986	0.152242101018647	0.288598323098051	0.517004523547146	0.159051970696714	-0.364271097258323	-0.044125549555494	-0.364104364040347	-0.522293143213326	-0.48184563506548	-0.503510611478124	0.328119960042015	0.205353034276924	-0.242671366517712	-0.19810871157299	0.122193869001093	-0.230924453805479	-0.0232999397453946	0.00813782402071844	-0.0601645945911729	0.300022699107189	0.363761402098602	0.214555120396085	0.0145835388285211	0.180081106113727	-0.0645083382831346	-0.233100727596559	0.337722477082786	-0.0961227609873471	0.22231612552174	0.0897717022461742	0.00255499372972853
tempus126_Pre	-0.373828100445841	-0.114733434776522	0.199409905565652	0.108628393947321	-0.193905409134979	-0.3301540179819	-0.129433708542892	0.285505958279577	0.368144045090303	-0.115008744077193	-0.104242716193169	-0.0755899306194034	-0.18439072182786	0.067367217459199	-0.227364803627116	-0.194214871268033	-0.0588071806807564	0.32955745138512	0.0768385534156011	-0.225121376526047	-0.287929099538046	-0.326824255667666	0.0430381734272547	0.0808771956729228	0.12364969936165	0.12279289462968	0.536388244361671	0.165595643295006	-0.0826237679557696	-0.328847486038364	-0.271080649051328	0.231843014187457	0.184620329933098	0.179108347775094	0.209976561147797	0.0650679271461945	-0.0819467552950675	0.0374105841844107	-0.231588851318774	-0.329516506912681	-0.0327596902342024	0.211980535297143	-0.164986721749494	0.348212516747066	0.22693897719431	-0.205103812263092	0.0241520491793511	-0.22579080776661	-0.0330982074365908	0.0516508234242742
tempus127_Post	-0.375920743559021	-0.2727250206389	-0.352599191499133	-0.267749987330625	0.0485401698806886	-0.0477674370277085	-0.10083418477522	-0.237002928867241	-0.452847438481619	-0.284988896155305	0.133695374874234	-0.146519132813179	0.0961093725770207	-0.141946670558418	-0.028562962079423	-0.280906574109297	0.141447579950302	-0.455079545280623	-0.378297116442135	-0.211043057073165	-0.177217922245402	-0.176098245184927	-0.276347846540783	-0.0305149351500626	-0.194755389019895	-0.309881866271273	-0.451671824587049	-0.157595578896186	-0.284809238994352	-0.2739089002762	-0.259219600203341	-0.312060737574208	-0.17659239964434	-0.123032768845491	-0.22233097555776	-0.240748058482623	-0.304103148719828	-0.315355437548517	0.0327651558072128	-0.244667800916373	-0.221952324735359	-0.350657859730061	-0.201973666240886	-0.0933756151079615	-0.0298989128457471	0.104001561464877	-0.0557034877360077	0.0573412146542187	-0.184603013397338	-0.0744044741730543
tempus128_Pre	-0.13409906278244	-0.0374366366397356	0.2765635710117	0.0242585851359552	-0.483824646168528	-0.179258336676174	0.204255163703164	0.22281517689892	0.149999121037419	0.0964973742765975	-0.232017561322751	0.411830135444997	-0.0511445176938443	0.166864724614582	0.286641211383716	-0.10825082890103	0.421578314154823	0.276234424366811	0.248411542024035	0.00348381535742945	-0.179100595011609	-0.333566080240746	0.372964060329972	0.165671262324085	0.0987385234272056	0.476185492085205	0.351862579164266	0.423295671225286	0.213459510831177	-0.00183046467496165	0.159384169942918	0.508363022948491	0.472010123869553	0.485541752805542	0.23763004105161	0.238414498275865	-0.10438130567758	0.217250789008369	-0.240237507071553	0.0403778581189243	0.135415948728349	0.464643787469767	-0.00663530680679496	0.476150254209625	0.444708673408771	0.155390685900004	0.172095712850041	0.105193217672563	0.0398536390052299	0.356384695587237
tempus129_Post	-0.0343607179087906	-0.113392457966844	-0.114456005286869	-0.339211183757368	0.0416708104135248	-0.0289172318968177	0.371894649533556	-0.0815844384257183	-0.45566320353809	0.0754971168577031	-0.190885813338163	0.145276026020884	-0.182250684928102	-0.220829314300457	0.173983484006496	-0.0451806251209017	0.039091232853131	0.462291764783162	0.412296461731822	0.0169513546489482	0.0762808850569963	-0.0337753750829507	0.11909572573775	-0.0340300123076407	0.109875846839618	-0.0355300128312881	-0.50869501127248	-0.301238098139094	-0.310527551118117	-0.217647644467285	0.123178747254842	-0.0638539589706915	0.121608715493285	0.18357742222447	-0.163611106704507	0.0349731078768076	-0.114755565624809	-0.0877690343654517	-0.00026137794488959	-0.355908702382699	0.159315205378115	-0.219871251508748	0.044589571995095	0.0987645713998113	0.187115223388393	0.390946954721726	-0.109200864585503	0.0329271551962286	-0.00203302014261159	-0.133433846784726
tempus130_Post	-0.249478248534399	-0.12740182299465	0.105402622378684	-0.0860435658176274	-0.13711764402994	0.0918389724596604	-0.247995121137068	0.0811266611307005	-0.119809964199634	0.0608888829760766	-0.0686859921439713	-0.0788219840885027	-0.126598121389953	-0.153229605315637	-0.0469486587982408	-0.0871419091391168	-0.0895315750186396	0.267405835214941	-0.120292555979689	-0.0157629561182663	0.0293107057453606	0.196607534485965	-0.114753082123011	-0.242084493482993	-0.128255854412014	-0.197690108131057	-0.229403767401916	-0.347657381155322	-0.394624101705038	-0.313106345233714	-0.298559987285893	0.108351154010884	-0.0733706621828927	0.0146674138194083	-0.0622841971624132	0.0286071694501221	0.0445950858936237	-0.0401025281530527	-0.0663979658127125	-0.0401512095182348	0.0312946798631477	0.134883047925268	-0.201026854743021	0.360509417485555	0.203950960661192	-0.286705878010987	-0.0896954381562331	-0.217186787464243	-0.0566895942758272	-0.0208180030169018
tempus131_Post	0.38362593248373	0.0048216340377642	0.36526200302342	0.212245880977098	-0.0244666251438306	0.295807883205772	0.372347493422869	-0.163436813773683	0.0702865567497697	0.288092151644782	0.0811271626127087	0.0267458954211622	-0.28163623250459	-0.194923040063442	0.19493476935169	0.0160893443215462	0.339700201175785	0.20708030244261	0.335828352418852	0.15421150486706	0.220822998712906	0.143587998980766	0.199839181816172	-0.157257416249165	0.309147999051486	0.203417462556216	0.0736950980512884	-0.134740469384242	-0.219761164184048	0.453981529513136	0.333945398996009	0.0362678209761482	-0.0932539731246953	-0.284133078684599	-0.0134665943333792	-0.0340261775779916	0.189935926200033	0.0629044683153732	0.282172747930314	-0.00993814639448554	-0.194150221065219	0.121054803251696	0.267851972993068	-0.298909754080406	-0.158479271527561	0.404966131885732	0.167171007064485	0.296023786596948	0.0190149749482741	-0.268017978199525
tempus132_Pre	0.0935331200455653	0.156484943315633	-0.336001366602522	0.0611653749902166	0.338017094193827	0.379051479441317	0.104664568168785	-0.18068225707328	-0.455161187700131	0.0411896782057072	0.231971612283351	-0.217413300379224	-0.11952316213494	-0.125419180679784	0.00879251102183995	0.292147409373194	-0.117703413941748	-0.40120096136261	-0.306585136442823	0.319774166234607	0.0324101026809063	0.505338318986135	0.0524833828990278	-0.216775462235733	-0.092648452059247	-0.273106095361005	-0.517564993129249	-0.412486151773811	-0.383683039643497	0.489965363865385	0.010477098425006	-0.198283713575081	-0.300707360369309	-0.307124020238253	-0.140023446896529	-0.234767771564365	-0.0340003865608312	-0.0100404641063882	0.354556719876513	0.613251245240233	-0.0426982456026194	0.0440594204751987	0.126341086395768	-0.274059198749519	-0.280066792145011	-0.176095872071891	-0.213414179356507	0.0734287531953461	-0.132482637392416	-0.0123457239737847
tempus133_Post	0.238645184564851	0.23428842214614	0.17588170185458	-0.00514075410111925	0.0834435014111747	-0.00762932094247196	-0.208577358706144	0.345546684390679	0.371820376125862	-0.0143910595981087	-0.159596742329578	0.0314442468743391	0.523743032820442	0.424479711694771	0.00452655463001791	-0.283202106903047	0.169603043307406	-0.412093884628573	-0.341778355405001	-0.0807425780046243	-0.188287976456083	0.031550823328856	-0.239374766226018	0.379377996764568	0.165455785222191	0.246503904540393	0.371815680725184	0.442604215297665	0.478942838563117	-0.480944951556559	-0.220716033214114	-0.201678595019141	-0.0322702211991678	0.415095585694498	0.2394763085694	0.0692658564219252	0.175106925928017	0.311844552820038	-0.151604467990092	-0.293033460669521	-0.0225248213713275	-0.348995582665428	-0.093197094151332	-0.140755565527276	0.146369550555108	-0.251883023693191	0.128107765502571	-0.405748359752271	0.0884464105673382	0.172077334011822
tempus134_Pre	-0.364895529889076	-0.0960936293134121	0.365495846153528	0.0733184004988045	-0.0740495962333573	-0.0502443905821396	-0.421973641962639	0.311415057237783	0.438678970097559	-0.153046627029838	-0.0815721805129287	-0.04884112346322	0.320970447651318	0.226818705608487	-0.0139373493476169	-0.180230311175725	0.0790153096078502	-0.304614900610959	-0.370576079672128	0.0075227163360749	0.0872543574126259	-0.167942296821451	-0.395024521403669	0.394447471718114	0.00728870041366209	0.234260496959876	0.466091388010514	0.349857147143797	0.520279288827994	-0.0702950403224606	-0.408596422333253	-0.27343561384907	-0.128204038493649	0.180943151651461	0.102172265288887	-0.250559084710136	0.0841485970041198	-0.0542652285175237	-0.0891868552861793	-0.286045098285263	-0.181620463020999	-0.332823378595888	-0.315154362933083	-0.16060838123229	-0.102705121859123	-0.488213821740337	-0.0755695140022413	-0.439218514328563	-0.120521601672142	-0.325358961258677
tempus135_Pre	-0.364614187710052	-0.242478661904107	-0.145496379658274	0.177797756409442	-0.0884608984052297	-0.104773708861729	-0.329280425197265	0.317539062693118	0.344586434939675	-0.312520685309732	-0.311414392853168	-0.156437766000287	0.0573199610938761	0.0352571513426787	-0.0618991669205716	-0.0856852685108135	0.000409785161206877	-0.334154827680379	-0.375213392669655	-0.251553426032891	-0.394625621234141	0.0248632928452021	-0.330677021490241	0.383039751499594	-0.0926187343761638	0.160731169301403	0.430340717523483	0.301060761987249	0.322620730592617	-0.0919350850452837	-0.36462997120471	-0.286649348189395	-0.382514705904852	-0.20160744212817	-0.093299354544067	-0.381438095333627	-0.248206911215972	-0.194866480966637	-0.101730387618734	-0.0332894803391758	-0.228797465991675	-0.293962947857671	-0.266317468260523	-0.251500773552337	-0.187486583470882	-0.390514754086614	0.246648842787182	-0.298687635152375	-0.130860799648671	0.236495278683725
tempus136_Pre	-0.27933827045595	-0.218161779252464	-0.235296869289443	-0.106159169494111	0.238948097598919	0.236845162932266	-0.313415687223859	0.0681450118933725	-0.251088808688014	-0.0668783647455951	0.349269281583553	0.0772071557748428	0.172608520250978	-0.0286273863395314	0.0449205547226662	0.00835419709636617	0.0945229657544578	-0.321950654627723	-0.348510758448296	0.0776846350699532	0.0818759575990993	0.122170460089822	-0.176380601189555	0.060179431889267	-0.0708981622421681	-0.177987128617574	-0.27642983973715	0.0731074578332916	-0.0621781437892775	0.302365912852558	-0.289943411075351	-0.165736393476289	0.111655866818036	0.172672945903022	0.0144455235503568	-0.0825708636986804	-0.0002809641866163	-0.186518744998418	0.144731285002425	0.191660264719792	-0.059193780826632	-0.0204024626793608	-0.130090431177857	-0.168544118073709	-0.0304917659732727	-0.298812183659158	-0.152888546604119	-0.0633760026156438	-0.24067478940239	-0.283598897230107
tempus137_Post	0.11892113820486	0.331303621106466	0.127015730307425	-0.134937770005142	-0.230825049175969	0.274792157953227	0.0962965756513891	-0.0775323298552385	-0.104484249601755	-0.0127969203049486	0.0656102988581213	0.196018538608055	-0.11258693059705	-0.0912221334328925	0.215165009753942	-0.191255711521279	0.34781627091793	-0.253584787795227	-0.055236420871689	0.0379893242240778	0.0807500274310375	0.00669809388919876	0.038948936308236	0.36336063559935	0.0683202440370448	0.365393698801443	-0.228534892003749	0.428527046960923	0.416963910633808	0.0200571233908841	0.0584303698223801	-0.0960745197429007	-0.0717800727966184	0.219135047207406	0.160023485364569	0.293246424771415	0.0964859708865779	0.134116428101536	-0.0155337778523632	0.0591945634529022	-0.0632284711384348	0.0707053117164173	0.0513802286682603	-0.19144665076014	0.0645682280151569	0.221343969686285	-0.0846238185388404	0.131772084887537	-0.138556894796636	-0.052038286506618
tempus138_Post	0.0467606230708846	0.114115390710738	0.305474684649904	-0.30743735699463	-0.216979700430684	-0.102233932591382	0.294351764149473	-0.325240880039388	-0.292921675200566	0.0285823058554672	0.052849511376351	0.281245816897664	0.228875110683894	0.223254837826867	-0.0754276765527636	0.258999407000341	-0.26777969135039	-0.161408217923437	-0.110957603225325	0.207781111892338	0.180075815960945	0.265126013246326	0.208348528123768	-0.145554329031133	-0.241900597029764	-0.111228630845686	-0.347363440951778	-0.0843149557702115	0.0301609847110483	0.330273278969392	0.226914510204696	0.437535827624464	0.278675106234836	0.143052844568346	0.08961747678732	0.0778606625550049	-0.137132236942582	0.0393961741076484	-0.140603629216714	0.281064638400412	-0.128340414347118	0.458807607864751	0.149342996526768	0.490275469529524	0.383431124693752	0.274960614435341	-0.0873517480635442	0.231909052574131	0.283528538985188	0.437314909655287
tempus139_Post	0.181741953794136	0.239918279978913	0.321359740176679	-0.242945042942175	0.243060008828319	0.330211188231432	-0.00800466929631385	-0.286015145208152	-0.471608622697948	0.138324641074322	0.221452974437468	-0.161714830407755	0.041265186132438	-0.0389470136064965	0.125702119600698	0.170410139791172	0.140600841686026	-0.1978530694153	-0.0380040506348818	0.23583798630316	0.176385635064379	0.155552641051562	-0.0373676030849842	-0.0712965214681336	0.0080052080334618	-0.103116627236164	-0.555106030825674	-0.461118158394748	-0.352406071745611	0.537051496252985	0.0386934657228116	-0.212927335076847	-0.150224505094502	-0.281250325939309	0.09749204158898	-0.0434163248546209	0.0774709707309231	0.00237578662054294	0.256357186858385	0.374087950500697	0.0230286177184832	0.12948770259422	0.105558276568035	0.0930655618931953	0.0190616544262676	-0.0230879304295994	-0.121976493122178	0.0438421607023775	0.164415838315441	0.055018048481
tempus140_Post	0.132139699977507	0.0633572964286139	-0.086317355924186	0.0633941455405088	-0.062496275081573	0.0354609395517946	0.248035185693262	-0.0644335332174926	0.207127945204838	0.207983019580554	-0.141994899285119	-0.30993490168312	-0.328809575394473	-0.286933059803617	0.0892709689337832	-0.0630921125734874	0.136449003089081	0.670206738165368	0.55809761646042	0.100900319334234	0.210636567171019	0.107909769225827	0.305222993200183	-0.107033672077019	0.119494708261188	0.0900960292661644	0.277914680742817	-0.197736418093164	-0.320155310903891	0.470296557371206	0.359465845823436	-0.191246485662243	-0.267901837603265	-0.285194246825492	0.00460336366191885	-0.199496595655259	-0.114631767131494	0.0855064520166382	-0.0594358452807302	0.398367396635013	-0.0642502735675194	0.00767456189406882	0.259049159415747	-0.29049931619938	-0.15914795378084	0.504025340589714	0.0619234269400844	0.244026986918291	0.104708802580798	-0.294766815254354
tempus141_Post	-0.41483938134433	-0.239525989247899	-0.384669451480759	-0.261095147506338	0.00125690430657199	-0.208969248041796	-0.433645275778601	-0.343855566305183	-0.518093506088047	-0.274635000463108	0.0177031953453454	-0.223666636141871	-0.34213873442304	-0.391733462466748	-0.214963425839533	0.0774591385399466	-0.0748647017181115	-0.385389038821459	-0.400824424691798	-0.0996182765460288	-0.0828307362630297	0.0456588342538187	-0.332031681622319	-0.503113922061465	-0.316552224573754	-0.519854413057367	-0.551776136129775	-0.40610570329362	-0.641195632014299	-0.196897235479229	-0.362811138724226	-0.32402478351073	-0.242553458912248	-0.361917010132334	-0.376935813176784	-0.431436213369671	-0.33472641655273	-0.396560459831062	0.304679863240784	-0.420445604934766	-0.101198145568543	-0.263872371906975	-0.223648608347489	-0.0645395431953526	-0.209228740738362	-0.382681775155186	0.0187926120152831	-0.0434569272829694	0.0730715013999142	-0.0318827725979023
tempus142_Post	0.188253864059757	0.16994595943876	0.467745604554835	-0.19341587576172	-0.21692362289279	0.0561787413080893	0.416389328450149	-0.11635037529323	-0.132320182447144	0.147820348797799	0.270917974692737	0.385973021272838	0.247550902773426	0.33322039990058	0.285027418459285	0.111107395513719	-0.290880183185989	0.369844724573734	0.351709386548576	0.0121568271869412	0.12960695052093	-0.00488816750598631	0.319732667885984	-0.135393567085982	-0.0710743896025424	-0.0207100006616798	-0.134320523193263	-0.248500982362108	-0.140010724832581	-0.109936196461935	0.276833521222917	0.608554875698106	0.505813873063713	0.359620688393487	0.198582867946255	0.296878176002874	0.088629082891171	0.102787194027872	0.0720687626215655	-0.0876362512026391	0.296822920381476	0.495687962782021	0.279996033473962	0.597594130002153	0.413402068702946	0.348366020573144	0.0663732008567175	0.335049267616818	0.284108887396874	0.255214238879505
tempus143_Post	-0.486741800920722	-0.294795441906951	-0.240017507018983	0.127703043663734	-0.110980480280905	-0.25376123603836	-0.615006632604791	0.33099381601908	0.301039544443066	-0.352570071134711	-0.381900540846123	-0.0509723212318089	-0.359240925734129	-0.243825071141164	-0.306761067042149	-0.0953261797374903	-0.160585334937042	-0.378011306364493	-0.495853799497396	-0.0824315508026618	-0.243496285632033	0.116789022808321	-0.402871047389101	-0.0571517502497154	-0.170540389734834	-0.196857267767636	0.434423589624256	0.00944455380978726	-0.261059705529338	-0.513530488699631	-0.583617930640755	-0.148498600077083	-0.136381808414139	0.251357877295757	-0.0443438524480872	-0.370055241315933	-0.117123272606212	-0.0200629393420448	-0.332517092556306	-0.390315156631836	0.0249885683067563	-0.258862852742189	-0.445832354711345	-0.0685273799245114	-0.0420883391576743	-0.545292250013793	0.178294346515786	-0.386566331885841	-0.0511741970349354	0.117887657393715
tempus144_Pre	-0.317828154814735	-0.256949771727499	-0.0716746013665594	0.218941657789048	-0.158273319840902	-0.161187306807757	-0.31074495358093	-0.048057829015877	0.270895254996757	-0.049660625459059	-0.386817932656785	-0.339727525420904	-0.108395101564466	-0.176459817424351	0.152883045594612	-0.163801786030851	-0.0975183237650954	0.0734835550670334	-0.133608020751278	-0.29373043330411	-0.274999961810949	-0.343636817018342	-0.248277752608011	-0.171099406519819	0.0242103652614585	-0.276728574359222	0.298040262162189	-0.204940213664036	-0.475900727403026	-0.431272946690269	-0.274410302487343	-0.441933844906917	-0.374785113174484	-0.422544252430708	-0.345063329460564	-0.468731642838054	-0.239352956438622	-0.352102926280917	0.0261738692897407	-0.344485846715611	-0.0979193449919977	-0.431566085778185	-0.246358882187427	-0.236548416839244	-0.306747175168956	-0.198873413937368	0.222011178388313	-0.124004197883225	-0.208281316746872	-0.178355608942722
tempus145_Post	0.580659259199811	0.156161591645111	0.10375836651622	-0.332201076805891	-0.137138050633588	0.423026412991238	0.304547831798474	-0.203545739657193	-0.589330968227666	0.319069443111427	-0.0776291919749006	-0.14959192349509	0.0546797571855022	-0.0851986530907677	0.13095025968496	0.0617845688545393	0.00883243730216388	0.657014055269106	0.55006130842987	0.151148401359277	0.209534781862731	-0.116213882669933	0.134774885577703	-0.0287074020455921	0.183131753385967	-0.222652940663529	-0.668684776378778	-0.362905002232402	-0.154107831949645	0.363652625019314	0.37202978668191	-0.204181118903512	-0.149323466504465	0.00716240289030623	-0.0299079750419782	-0.245432638773008	0.238728111760854	0.0486038753815979	0.116214090355676	0.164902205482632	-0.0748057895236607	0.106964996309386	0.172786920742038	-0.148002528159159	-0.123262489341178	0.153714229405326	-0.148942645473279	0.110023279968324	-0.0184202577565594	0.0685838888702245
tempus146_Pre	-0.168559011705816	0.0280085756997723	0.0166600377309627	-0.272639373542947	-0.0897748583157226	0.182426995512802	-0.361229251678094	-0.127417927551949	-0.339871989321245	-0.0701162486200046	0.260477863527487	-0.161906188993031	0.502103428393401	0.384464511988428	0.0985540780315671	0.264011334366342	0.187522890702703	-0.57120125708577	-0.56852007989512	0.23675950100681	0.227926156929443	0.0819476834267697	-0.208854136152611	0.189059863658836	-0.123788155639968	0.0082950427086913	-0.347519403194663	0.0197315673769056	0.228811120861692	0.435498448771485	-0.20710766715944	-0.191296331672546	-0.0736675966145977	-0.111657657793086	0.135015097389531	-0.101489853205854	-0.0371085819304329	-0.024626130086574	0.251611732352397	0.139893795837285	-0.0787829309887635	-0.0125152469284519	-0.195431070792495	-0.127567599952594	-0.117252744598199	-0.411838115670249	-0.100725734045128	-0.146849537471616	0.0675012233945561	-0.144182796102504
tempus147_Post	-0.356273474802927	0.0139254386642165	0.442880604201703	-0.30465448155753	-0.370735602150754	-0.381612687370358	-0.298660972698903	0.190483265703912	-0.199036451314983	-0.0657476460932792	-0.0849470875713199	0.478988702644983	0.239138368034041	0.308425630755389	0.151073332533728	-0.153466022838884	0.239322442546538	-0.395337160994773	-0.308822071889316	-0.294416476621143	-0.0859592391564101	-0.117437189756719	0.0471407511430013	-0.101549576659063	-0.121007816220726	0.324104132099106	-0.0386594982411255	0.111057406744804	0.0729071175799063	-0.291696372822902	-0.278060556766205	0.653894308129048	0.614901249008883	0.614826653131085	0.329553059306143	0.465174118238201	-0.0523218737114017	0.128343676872107	-0.240271629025846	-0.0997357912862462	0.225680300566601	0.490560236247242	-0.0929274382230177	0.635354376277334	0.520328064712054	-0.325056900247126	0.0512112711199258	0.0251091581701445	0.0882939310061364	0.451440574914414
tempus148_Post	0.00729018549264296	0.276701054234808	0.338062157089522	-0.171106218090983	-0.206809372761495	-0.258708293770738	0.123740256850832	0.185836400603756	0.242918096706513	0.130433011267391	-0.0626722805522809	0.260111825238417	-0.210837693674321	-0.036208293030731	0.0119552471357501	0.216556518298906	0.401878560631762	-0.0592035841291217	0.0660913596315979	0.193785049067823	0.161138286686314	-0.279370919796358	0.185139238942388	0.440218859818681	0.155340199562423	0.503950115772052	0.312407065804222	0.450000187747457	0.614457959217322	0.320406934022924	0.237883513047607	-0.024339551742183	0.1946736162445	0.479319813870176	0.392918709014633	0.448077096030819	0.165103784640151	0.315716859783841	-0.248100748955328	0.216650599989027	0.136203736644945	0.228226675983264	0.0154650358338747	-0.111869349213626	0.213350828422846	0.117269396561179	0.169573603998069	0.0410003730083067	0.0239774276180878	0.176428582363138
tempus148_Pre	-0.0405243479443624	0.0668836532071604	0.0726083414960106	0.142274429056395	-0.113406207755678	0.086018942642376	-0.125971428567486	0.174605415605408	0.311464247700097	0.0781771297895305	-0.030103409439578	0.194976568037823	0.0244353018375891	0.0808160824047032	0.169331143091156	-0.000925445882448084	0.464233230614091	-0.11967774389021	-0.126520292245739	0.140359909567429	-0.0462659548383969	-0.191646422737771	-0.0206888065662908	0.421503777808982	-0.0211878319978986	0.343429517826968	0.298962316037444	0.449244062851591	0.345400633644257	0.31712856535655	-0.0152846408353102	-0.0566078523788663	0.104400693286638	0.341501928814758	0.234206005556323	0.010071927891143	0.0350514503474565	0.256546750183216	0.0551187249251225	0.0899366308727833	0.105335778428773	0.139510165430293	-0.133911818279711	-0.0322183010442869	0.222012670821935	-0.150973205232843	0.0707784844852299	-0.148730755790537	-0.12265815816632	0.0957455321582235
tempus149_Post	-0.161692802557029	-0.206420638929092	0.35798856925669	0.18476169963103	-0.177546380207561	-0.170292963038441	-0.393720578255077	0.235169389080744	0.300463243953398	-0.0592713139958746	-0.10159131147787	0.00202738108522169	0.221987121807489	0.147748500031305	-0.0788086676766863	-0.0828397783528902	-0.25954214145969	0.00964397781838623	-0.211185808967974	-0.0335558469836714	0.0327347541775747	-0.166394934879161	-0.163823360613251	-0.00646471588479594	0.0339777022611445	-0.0958341463750035	0.313955604840741	-0.270662342684459	0.0492591489835882	-0.223257463921513	-0.374888221659781	0.37813775095963	0.125211266904838	-0.171658970907741	-0.0575432464552026	0.0206315220079906	0.0763771510706653	0.150359013553177	-0.193248209903541	-0.213198998263516	-0.148188257725863	0.115185586243276	-0.167949928521933	0.280937580104176	0.267725722103338	-0.391633515798694	-0.0457940262739561	-0.282267071872751	-0.0451944225610162	-0.119958767135196
tempus150_Post	-0.112350875223681	0.0817934066469266	0.341530237622662	-0.266291789281626	-0.158322221807669	-0.293562471314641	0.18364753672877	0.0712281231503463	-0.296723416003473	-0.00122825708247726	0.28983335268268	0.27994223208523	0.467238073817424	0.428397885463057	-0.0200509822398534	-0.0119933323790141	-0.0582348136687584	-0.0328544369360006	0.00607219106279823	-0.0951052431360724	0.0876719604238269	-0.200013488630726	0.245882241761233	-0.0753514943326158	-0.0657534217502432	0.0230607992845109	-0.244237760232464	-0.0893439437320149	-0.272899357879	-0.275370388814252	0.0677232776313193	0.533282383711807	0.433315957764634	0.408048388195371	0.248089310819286	0.445860108053744	0.0377310205775526	-0.0124300714027382	-0.248568269898473	-0.0906104541339713	-0.0587275158043152	0.486116225134134	0.0566499764735487	0.482410853907277	0.38904797236287	0.204148397672087	-0.0597286064406547	-0.0331133661753421	0.161146200401099	0.43991373572746
tempus151_Pre	0.081073605498577	0.0626686008490407	0.208445435210784	0.0757790399729905	-0.355833990660896	0.0692061592962615	-0.129283797621284	0.186369709724971	0.118137479742988	-0.0314961968780108	-0.183274591808073	0.101660114185202	-0.0406972058337874	-0.113369395199861	0.210403906299355	-0.297616310543073	0.286568105887235	-0.484771446213869	-0.297371844411654	-0.19877038784005	-0.0685251091138512	-0.251239506976593	-0.120757042592105	0.0635690245000651	0.0962343945583012	0.195198234067203	0.127089675907331	0.264418902531784	0.183028217197152	0.0652478524445547	-0.0764179322231275	-0.281265307972941	-0.107478999050456	0.282542000872394	-0.0585998586424933	-0.0398694012197036	-0.0126132711578016	-0.0375337291714074	-0.0145754295286156	-0.125163555899475	0.0634998452609344	-0.231885816716758	-0.128816722433343	-0.0569296318745311	0.0749733438527055	-0.132748427910578	-0.0188878929362158	-0.173917763520674	-0.261337267035607	-0.0874907467821323
tempus152_Pre	-0.0675365686845868	-0.0777940477992643	-0.383575335725185	-0.132714143503395	0.235157084291551	0.194051995396607	-0.0163074297159736	-0.445765406808849	-0.531702826035831	-0.0412249303009632	0.151472242691601	-0.305949228480712	-0.137965888917183	-0.257396498042059	-0.237140675485433	0.227917814114961	-0.0627911065403549	-0.163819055355282	-0.143701374660636	0.0864660158085194	-0.0668654760826169	0.203349393232028	-0.0353727781838866	-0.478065673532489	-0.223407937848154	-0.464089631160813	-0.571464581553629	-0.514263743476725	-0.638443884591581	0.421721847938281	0.0614626528134656	-0.298090723555135	-0.261456659494238	-0.455354818973887	-0.387357771050056	-0.377323753003156	-0.157242498554902	-0.37407772417076	0.382197191532411	0.271528262708017	-0.149870376105602	-0.0493678998400136	0.122533492112519	-0.179843855315282	-0.316487133776569	0.0348244955889755	-0.0725924362480554	0.255524212370897	0.192917584622987	-0.0362669992217619
tempus153_Pre	0.227092646529083	-0.00205847023448152	-0.193526716310892	-0.191497929586741	0.338866033439311	0.276130991153026	0.157040490010442	-0.389256438591944	-0.535548022231135	0.00202803833370557	0.293399120116525	-0.31445423539009	-0.232754151597613	-0.281622378439186	0.0557996403885541	0.274951232990362	-0.339574093672407	0.224918136772833	0.302142131353267	0.405930705047695	0.246235893514809	0.480295684172831	0.0750928004675164	-0.368536183776245	-0.269989885607383	-0.443627914586661	-0.601183613027899	-0.587591831080805	-0.420883651146382	0.579416894468732	0.225602347183317	-0.263739850633604	-0.40599517240824	-0.548250005014412	-0.194649056616355	-0.392668099055008	0.0805960924269924	-0.0973713407754498	0.393477918696693	0.297268356689444	-0.181375827460848	0.113517891980705	0.280260819700015	-0.255431353590076	-0.347491995873808	0.24254338814747	-0.238979878448955	0.139823470728776	0.0930232686226973	-0.139062963614437
tempus154_Pre	0.161011565683685	-0.0611165102461025	-0.254096576638306	0.100753684659259	-0.138189895728992	0.274234130697808	0.111894405000399	-0.358419105420363	-0.241361425677195	0.149414632577035	-0.0189445474947064	-0.2036683060974	-0.276685932816848	-0.238288338317244	0.251851169590102	0.150092831090736	0.150491255628478	-0.290871557987553	-0.0838675984573236	0.0170847706260681	-0.085364177926562	0.141192078608219	0.0850862707960304	-0.22148014457997	-0.171648399529511	-0.113936418844991	-0.317070480029809	-0.0649647891967624	-0.453761161768031	0.412762085090466	0.170279257118011	-0.0896697553449283	-0.14881710021539	-0.328604292893554	-0.262298680546755	-0.10723979901956	-0.0879733116630858	-0.223715203327072	0.381297414594953	0.405638540199643	-0.0874490498350306	0.0953747135870706	0.0677124517389218	-0.104158483841346	-0.173426710176606	0.0365124032219472	0.116894085214109	0.26371808284655	-0.0722365664100486	0.203925782839762
tempus155_Pre	-0.294372391190884	0.00186882345536143	0.0128658983892508	0.0353851641420013	0.0158090843546116	-0.323711289524287	-0.429142724657882	0.383876710436817	0.346171478918998	-0.244831295258646	-0.211986767316066	0.106984832441003	0.252060243102521	0.275910689937466	-0.128991296892587	-0.253245362328171	0.0655197306864196	-0.318166621024713	-0.3305744932945	-0.180921107534516	-0.0216593441848004	-0.338121984830506	-0.345755115922707	0.268107819768565	0.0746061495626178	0.28151941950324	0.54583780517634	0.416718194755389	0.547259800752016	-0.318445466833763	-0.364944959746335	-0.112247020488979	0.0208715783675984	0.178532517929726	0.235410693092303	-0.118939226059412	-0.127651771917837	0.0307524026741237	-0.277737939568108	-0.173831717131663	-0.0756559857504016	-0.358711123238994	-0.240558552699192	-0.0158871751931634	0.0499706230382002	-0.435911100151027	0.109410508889394	-0.342975779933491	-0.0684815693297133	-0.0354624939481566
tempus156_Post	-0.276947352563467	0.286769138916076	0.0454679417981999	0.233281127618729	0.376903551787907	-0.118446582603123	-0.250868719257192	0.072824494041338	0.444709207640345	-0.276819176383033	0.297752232025842	-0.0543999415730996	-0.244366696229492	-0.129963200640418	-0.239504883076773	-0.122295329690744	-0.1625524203191	-0.649844272310301	-0.560024699575811	0.0718583513024161	0.240988317596644	0.146316936970036	-0.284814558721123	0.0478651812783148	-0.0577843819275968	0.163561439028268	0.502779200807815	0.417750499921509	0.356340945104896	-0.0234106295559289	-0.368254231983401	-0.2785168825007	-0.171519334697216	0.0729516987603478	0.229094782749485	0.164597176335774	-0.131713600732888	0.0169735576125874	-0.107303580280814	0.19066955108336	-0.166528238018506	-0.212284620459817	-0.301281202655079	-0.287531260025523	-0.0934338692255467	-0.387796047468438	0.203454186813109	-0.29942207496688	0.0970646470993708	-0.135184646441562
tempus157_Pre	-0.35147729714821	-0.173497804717529	-0.0427652769392261	0.0946633337226422	-0.0268380235926401	-0.282187681359717	-0.193714959891714	0.0332422446332324	0.231100816527804	-0.238315735599769	0.122838279261267	0.13083108595913	-0.167173527560531	-0.138220601195307	-0.0635398928639009	-0.107041899124238	-0.232240056749993	-0.456059394491574	-0.400648362083837	0.0529993613046389	0.171582480258372	0.0852826861391533	-0.245713425556218	-0.2281768716485	-0.0896100843637013	-0.123388241634663	0.192425970688528	-0.319006756517865	-0.252410755297425	-0.406271838999263	-0.305373829037228	-0.211847577693948	-0.00149341518690677	-0.0804480411002117	-0.00178575248654378	0.0474302393282051	-0.0443506490737606	-0.188363506744993	-0.181339614528853	-0.159067297582899	0.501306250399996	-0.303458850727975	-0.183475701611979	-0.125069326759104	0.0436317719390535	-0.189421722201714	-0.0512286419323761	-0.155764208917276	0.0374148918891083	-0.128604584597208
tempus158_Post	0.296165147286754	0.258150334857316	0.217581167398562	0.236888238001713	-0.0985392093769511	-0.00874166778207969	0.173619387395484	0.225018522849651	0.413069589625798	0.127854115223124	0.014239121580714	0.0999354360625126	-0.0414881548075178	0.0431944651495977	-0.183897271048241	-0.263578860356674	-0.00447000639856085	-0.269026009534767	-0.105935906929977	-0.0589423375275377	0.00923776459436038	-0.000231514776374592	-0.0991103892535847	0.197548893615633	0.237373976133402	0.257080335361391	0.442997188243688	0.334223688047844	0.22161345734903	-0.129786662624043	0.0281500613474068	-0.0514611475142361	0.0547394890782675	0.180070333593366	0.188628900004606	0.178357436741305	0.119058809712847	0.265258530859274	-0.186965461913843	0.153312196278348	-0.136179101904733	-0.196880703743347	-0.00678247926591935	-0.166397101277798	0.149609079604917	0.170898710110877	-0.0317075482442385	-0.0965845502455309	-0.0450309065343699	-0.080359925268914
tempus159_Pre	-0.428013204889867	-0.301662779657716	-0.320586218413334	-0.0439456674754112	0.162416355559696	-0.0396645723518512	-0.395661174585952	-0.118906713388148	-0.319585544178158	-0.281553204721638	-0.214138059468145	-0.140590909234634	-0.358410519792106	-0.331366255595304	-0.0518138916830175	0.0194113628965888	-0.0239157150236806	-0.549026055494779	-0.506194994135386	-0.114654730785829	-0.119583991983612	0.250978258488395	-0.270233401219145	-0.275336881892581	-0.312782033842623	-0.403955675644238	-0.397706907591035	-0.240080064923704	-0.447935690916098	-0.23100238823587	-0.44085676936292	0.195206833573011	-0.188445195567611	-0.157167779330422	-0.397385305220459	-0.482257172462891	-0.348837744233709	-0.249651669332447	0.110985491622219	0.0648887652684738	-0.0920407759197629	0.147472469846613	-0.31032898342126	0.13923316323399	-0.135470597439483	-0.407936458416615	-0.0584061162623517	-0.0845087292203879	-0.126177240903684	0.230377402213033
tempus160_Pre	0.116700295001202	-0.0259581586538203	-0.151292690417556	0.161008775613236	-0.212138631978611	0.272607206035407	0.342501307207509	-0.303946854743789	-0.11327377624702	0.103210623232441	0.243913313844187	-0.038080109371056	-0.227145645484665	-0.224689046464984	0.264101795498014	0.106835249122883	0.317604190989976	-0.0125694733627631	0.233058386946582	0.206245700367232	0.136952363534101	0.234549928611581	0.405862906950252	-0.0456590629539442	0.0677023476739478	-0.0679688665949163	-0.21788845732358	-0.124193360982853	-0.450986641420544	0.468386811530604	0.368130971572248	-0.122807665607648	-0.0910841233334583	-0.413208817875446	-0.137940920732353	-0.10981591693783	-0.0542385721781373	-0.192413283331057	0.256154106647839	0.445043380942109	-0.0402429443256245	0.277222819250673	0.275642365270211	-0.147307295132093	-0.25100765509348	0.478752503127919	0.0362788028295747	0.367431924719916	-0.206455585881894	0.0389427898237179
tempus161_Pre	0.238734646539092	0.11827161435305	-0.375474479066252	0.236223956978316	-0.0348982747792523	0.153957583023774	0.304946386291808	-0.291948339462324	0.0309225479957703	0.156850905362166	-0.0319710939459272	-0.375135402351356	-0.385709240268455	-0.351392385299293	0.00324673433062661	0.0668346533309507	0.168542220172058	0.409864382510168	0.458727663836546	0.21947486988626	0.0489914089074151	0.332739988431351	0.222668820922972	-0.208960065094236	0.0449223056946198	0.00734126401507704	-0.119123754585646	-0.259870188881111	-0.437556406500149	0.557190817920486	0.355004307753318	-0.334218196091579	-0.364863665411376	-0.4804932010332	-0.00834517153258815	-0.250684034293158	-0.0789144588034479	-0.244239409844552	0.080632262190585	0.32932231830562	-0.182820118630776	0.0113482999700198	0.189095351236764	-0.355345725125428	-0.313631969918634	0.431253897457938	0.152289989423381	0.301959094002883	0.0240337715441231	-0.180932425847731
tempus162_Pre	-0.415250518936274	-0.362549122849328	-0.484552219542742	0.000857330075550278	-0.219714656192936	-0.12501381225444	-0.140716919300234	-0.233784849316003	0.000940658633238792	-0.289586163676234	-0.370499057591018	-0.358974176664242	-0.315533048424903	-0.34452487690482	-0.0289796928556918	-0.244141375628606	0.0297112457944077	-0.211603282071918	-0.245102091417421	-0.25087159713343	-0.243623073402507	-0.269937638925096	-0.182741342152163	-0.233335113724978	-0.196934944391111	-0.375763492074553	0.0344585955853529	-0.273762072293678	-0.421498331244965	-0.299529205284916	-0.226081936304054	-0.358699235738435	-0.326368422807571	-0.45015433044239	-0.330861066031842	-0.450940280313959	-0.358010647766151	-0.48053105439537	0.155568623731971	-0.230470957136537	0.182053260795484	-0.381886638282157	-0.226073448224893	-0.298991670907875	-0.388827480798442	-0.201106167717371	0.169694640766692	-0.104183822799397	-0.159004867517255	-0.242371424464011
tempus163_Post	0.0142917754692845	-0.0295458715758651	0.293675016716194	-0.15414752996799	-0.160489083923371	0.0210499504674329	0.205831831343981	-0.300997199529538	-0.263916913418286	-0.0859223212967709	-0.0453105844458238	0.225464914042665	-0.0362025993580504	0.022880939789246	0.0725877243044269	-0.136005084146536	-0.0324187576365378	-0.364404272280346	-0.183306244261739	-0.0974162327482888	0.0694674849720164	0.191133018215867	0.193519472383977	-0.229553019273868	-0.103388482151175	0.119999236455296	-0.314084963834236	-0.374294687679954	-0.395567129212622	0.144538958435161	0.0994652910470525	0.567589020049886	0.423706162090514	0.0878754676204269	0.0694759948936955	0.20493300031378	-0.0359122358248378	-0.0360555728816838	-0.062865663949072	-0.0369207632245938	-0.041860357009547	0.444024999697403	0.0465097344385283	0.488693776521455	0.301616664616549	0.142193222736195	-0.0171035276065968	0.256926160909866	0.0817323126719402	0.17071536562747
tempus164_Post	-0.16384102759717	-0.108694854445878	-0.0382630339878552	0.108663899340495	0.142552421713262	0.0525656942727762	-0.304780166188895	0.0786764659587323	0.291256362637296	-0.0976927780515832	0.115416950108214	0.0150622461121235	0.338961668209573	0.262437005620923	-0.222847299342645	0.118112393694855	-0.401626094201373	-0.57915803727443	-0.47978399730418	0.0536835078438397	0.111767495743949	0.305683306194616	-0.223417448027633	-0.142904668315765	-0.144030918479258	-0.156115381321544	0.365425789336445	-0.101814598589965	0.400451397745668	0.0456861225391316	-0.332343688807388	0.262716157173489	-0.132898713128169	-0.0929131234290474	-0.014466535593609	-0.0923105441950103	-0.0101131349115001	0.0930135030340211	0.00198563675830067	0.16952319367968	-0.0778797439312448	0.12993553400543	-0.176901190864166	0.167661170852232	0.112096454598069	-0.425899115070636	0.0615361000014292	-0.223044497346308	0.124337621393111	-0.0310328838324278
tempus165_Pre	-0.170260171236463	-0.203073880502358	-0.175416004913066	0.109652682699139	-0.33503589049263	0.187694257748003	-0.216752235003931	-0.221170044196185	0.0970312893010241	-0.0921475838005607	-0.280515640619796	-0.258634538068793	0.0813782465623805	0.100969498973575	0.171683492014933	-0.191028373214961	0.363016770945973	-0.00211143141661027	-0.104256721157085	-0.11225164116797	-0.232111135812916	0.0178082762268917	-0.0646897080546915	0.125297152319189	-0.091930169955189	0.0940531589112269	0.0811681938593026	0.234934207072785	-0.139357151825874	0.24323359033023	-0.13504596448502	-0.281468822004422	-0.292022755841931	-0.309389889412778	-0.159298626830235	-0.31829728420412	-0.134970501389655	-0.192941317605444	0.245147260781755	-0.041325016812173	-0.0487831851736147	-0.0686699713201447	-0.114635802377919	-0.231762606179667	-0.250322860808224	-0.0818374252973189	0.234170784704911	-0.0285506572891909	-0.0669321707104305	-0.140897516239369
tempus166_Pre	-0.175502759462494	-0.264159651147613	-0.167944736163946	0.281395798982425	-0.1789364999335	-0.130593604460663	-0.0839281285411921	0.130101961442327	0.408194363334089	-0.167397941006618	-0.248310278317956	-0.229807579304062	0.000241094093180821	-0.0701315943156699	-0.17203193190268	-0.149278368170041	0.112231263057315	0.557632109786363	0.350585429397302	0.0989350598119187	0.0475355244818718	-0.266262429807078	-0.212377258161635	0.0558284757053021	0.203389121113362	-0.0390920488516843	0.396785473453514	0.0813720754071263	0.321854345604941	-0.183842266429077	-0.251396369763277	-0.304521653275698	-0.302674089111254	-0.13905761099184	-0.252368632895315	-0.390173383476732	-0.0523827316317626	-0.0232456654302749	-0.116066385629061	-0.31128261466328	-0.290450830751245	-0.335448498014834	-0.090374781759184	-0.348454237156671	-0.235296515373167	-0.058230599193279	0.12491135867475	-0.174096660579392	-0.00716291385533133	-0.408610966276423
tempus167_Pre	0.385474298817672	0.209931679116303	0.16952497294966	0.417701724655235	0.324254674000969	0.305097742062173	0.391987755143909	0.0786796441837736	0.509676915539781	0.286018600348434	0.25672567961289	-0.0465386444953905	-0.134349109076581	0.037224095378342	0.0757491556273449	0.253295277770478	0.0916353035853032	0.717921760638642	0.564932623453101	0.312628893727211	0.105414410697709	0.284171060290079	0.310594326998478	0.257632507509163	0.201542027381725	0.388387757568457	0.551919170496077	0.304108159274128	0.247615134203018	0.564743243321401	0.406841312938216	-0.212672870161719	-0.106945134780661	-0.117028623327166	0.208075815980568	-0.0778707680688424	0.107658773037499	0.263799619339171	0.283353124791412	0.495318507060845	-0.00787594452200638	0.0993707306177069	0.308024698779174	-0.239479772418969	-0.233952695926003	0.248837672210217	0.0847499169790491	0.242444501373463	-0.0931201202102794	0.017052628240155
tempus168_Pre	0.144681864420056	-0.322440119212403	-0.453484084907793	0.0673733223882992	-0.179045037687354	-0.281718979316542	0.421154450367684	0.164637850672121	0.344904420962981	-0.0452825290590605	-0.308734877054444	-0.3941556218593	-0.403177269611588	-0.383564238640869	-0.211240728660962	-0.415084931427008	-0.328719493812064	0.586090331295425	0.590698373781106	-0.234390875096966	0.102233475612074	-0.152073653555889	0.145596925850194	-0.165390249698156	0.211454931366492	-0.131791281617089	0.429579647964293	0.152167962667177	0.141358168341579	-0.585382200080893	0.164576989455361	-0.322628452575025	-0.356542842687441	-0.29033887647964	-0.375366969066161	0.0759231335055775	-0.0660633411867179	-0.0875226022729608	-0.311423088184762	-0.594564484409059	-0.172902389514731	-0.473709626169138	0.18036065957553	-0.333984575903157	-0.212276650270041	0.582472166226208	0.0238116683752537	0.0496019089556026	0.0998456596290727	-0.219974014035434
tempus169_Post	-0.0576972046751047	-0.0370378887883416	-0.271032155052889	0.241648016747952	-0.0909663741202341	-0.200100407789746	0.19773609028655	-0.0118909860319171	0.536029441759737	0.0412687832944263	-0.258540492960472	0.0566890649981606	-0.246164713911725	-0.105122270209417	-0.0839089414377543	-0.138115427116101	-0.453130206987579	-0.136589775430668	0.0971522328030516	-0.0481014522199604	0.0889188397346413	0.138600191125134	0.159271201391786	-0.388865700522782	0.0575972321187166	0.00919551286907294	0.559468232673709	1.25172279715341e-05	-0.207918519094545	-0.17076341860686	0.198713820059931	-0.0460589147050889	-0.13961314075364	-0.253984459921736	-0.0594985336916346	0.365751394426516	-0.014233435240717	0.00201731103389882	-0.222098918137141	0.0210854515310953	0.682141163052705	-0.0375200208727268	0.134466544349785	-0.230671820122083	-0.202419099591711	0.389667840460872	0.213401943351843	0.18225825092591	0.146635271467243	0.00524010847029027
tempus170_Post	0.0107061662393882	-0.239734095872441	-0.361831551973609	0.308522309805215	-0.0936556698571536	0.211594320602789	0.0321671783852514	0.06847573102291	0.465615742456313	-0.119531044329678	-0.320902157933796	-0.152587356944834	0.0615665330454614	0.0234647609079496	-0.215599982459516	-0.301769024331971	0.0875193128278536	0.0740574668386942	0.0307614938863712	-0.0115931277623088	-0.0705548594374705	-0.0416991414922806	-0.109718318999282	0.0754293023196484	0.332288653249989	-0.0353394440468364	0.502271331589482	0.223305146117511	0.114887450494545	-0.146610833954932	0.126114164465616	-0.376937116589669	-0.329329334352852	-0.269188284316206	-0.222813148058511	-0.239945852149436	-0.128162970701443	-0.0288445473131874	-0.186383741349532	-0.00298253876176752	-0.108198065243454	-0.366201205543216	0.0188499138585476	-0.451785859436687	-0.320511030231518	0.193014254288676	0.306865968654023	-0.115935523300187	-0.163229571975635	-0.270765264846657
tempus171_Pre	-0.151176153671377	0.0084785510934207	-0.111091171142886	-0.261567369928365	-0.153848764957445	-0.233316242874215	-0.258442487804936	-0.383828453853845	-0.489742605582684	-0.178768611811854	0.0683765461429738	0.242444752751114	0.123677869734591	-0.0762897501743326	-0.0307272749014523	0.119972649142469	-0.236846121109057	-0.504950605751199	-0.325743641726888	-0.0504704094862457	0.0416739115672548	-0.0880600523335896	-0.228066393728358	-0.262776749068528	-0.377093491201073	-0.329237181657104	-0.533089441054054	-0.290632339534572	-0.217660953622806	0.223571875970724	-0.241868539349745	-0.20284093309682	0.106154150768333	-0.0238821782440624	-0.0634783854721521	-0.00207839575442725	-0.233242149309883	-0.161994206950929	0.151376705724478	-0.0195674400095736	-0.0235627479203208	-0.143456829044141	-0.046314469935105	0.117998099492691	-0.0031668667766403	-0.162017130227755	-0.23589268031172	0.0848976675306635	-0.0455657220925714	0.0616420400012545
tempus172_Post	0.258696328521773	0.228324472032719	0.456671831358246	-0.489105944929229	-0.26870839369816	-0.119288124322521	0.418761411586338	-0.43635041597921	-0.607452380817352	0.0799693161571485	0.112966485235209	0.437317574992745	0.246344838152298	0.314697712761963	0.201895758202776	0.152934360263302	-0.373654711944854	0.118497364602628	0.252206029283423	-0.0336985397323628	0.223448804442148	0.200410617470669	0.35472841219847	-0.390635904425877	-0.312246864064807	-0.0813100267040177	-0.659691515957273	-0.570870413011922	-0.490517092547795	0.192535163121776	0.28153959960655	0.642889449596327	0.581211258516259	0.360265798169031	0.115065961125888	0.362432877159657	0.152438498939236	0.110769363400897	0.141152943239806	0.0970361565993138	0.135616334070604	0.543067045831829	0.261754375777695	0.637922207556922	0.411968047775877	0.309893470163661	-0.0654838762794078	0.284489484114194	0.338718540856508	0.485416464322831
tempus173_Pre	0.054335642817194	0.0205398244989469	-0.319384778020848	-0.270816215656822	0.102860164163883	0.193559016861964	0.300745032292031	-0.395389863430401	-0.638184754539225	-0.00413713624847373	0.159573488591838	-0.0337037117286725	0.0576496691964565	-0.184136108336048	-0.209764730219933	0.278690549038929	-0.200902958829586	-0.0128015549509466	0.0971641059535523	0.185313325806779	0.221067311757416	0.279974287248288	0.065502238350086	-0.374829150737279	-0.308983592111395	-0.552913681854864	-0.694629927583061	-0.648583808847567	-0.614631542036089	0.453964984604658	0.244518537407179	-0.237580697862272	-0.167258769030637	-0.503601556030413	-0.313947926008076	-0.20961294516371	0.00107943394609158	-0.322653310699763	0.360215358772326	0.266800088626117	-0.0198402389200629	-0.0134013186584244	0.155497335850863	-0.119335181931731	-0.235079507016102	0.250541572665685	-0.213495293652091	0.215512411116006	0.0832391591835145	-0.172440636687216
tempus174_Pre	-0.308601651195713	-0.222833781024325	-0.508345542198803	-0.00200351968033918	0.0786759493721162	0.283881492640048	-0.507951741293226	-0.327375546725892	-0.216151052480185	-0.339271232038425	0.186385201534602	-0.401586916227576	0.237481029170454	-0.0153023727919612	-0.239102263853086	-0.110304757284688	-0.210945421693928	-0.604288401670757	-0.61958819591937	-0.116676497697182	-0.147074627767424	0.353259472021809	-0.42521409529186	-0.295119893554913	-0.428779777562168	-0.488336038865592	-0.273528584023102	-0.41336631773662	-0.294543166651756	-0.340596469061676	-0.508249191696847	-0.372130315292929	-0.457951046424634	-0.431366233276435	-0.270350018774409	-0.424523298108242	-0.320552241986677	-0.32929846248034	0.0527051682699451	-0.109798816844486	-0.17079478353377	-0.332959707786621	-0.345657595367055	-0.268919696298596	-0.248586680616454	-0.560790178926251	0.0441650340206088	-0.314601811090771	0.00435432662629345	0.0852059724453812
tempus175_Pre	-0.246981190973122	-0.186721873797253	-0.176390039733853	0.0875121869509378	-0.00474682677796898	-0.171207376176118	-0.212695217501991	-0.0126704423212129	-0.267083808811035	-0.0828377928164686	-0.0402468202697922	0.173483008458573	0.0261832262004771	-0.0509287598629178	-0.017117378861389	-0.0256271819071897	0.252695435767	-0.205413347758941	-0.207563831955414	-0.148659939454041	-0.144080418551618	0.251502872751358	-0.166847081591856	-0.248565779103336	-0.0148241201203244	-0.104331987076266	-0.201090307789069	0.0147660538987212	-0.238962215228266	-0.103729632896249	-0.208890492277573	-0.185214103653188	0.113536352201709	0.358881467340075	-0.208493328458143	-0.0434672161968182	-0.148131258526048	-0.238820324625565	0.068904923969698	-0.131056697708443	0.0440794348641295	-0.284548067756066	-0.0121249129746657	-0.0867007132136248	-0.0627046684216878	0.0148800335238653	0.181150385025495	0.0678035271545707	-0.108828249703713	0.00756983286509674
tempus176_Post	0.478315154954284	0.364664130430145	-0.19141544379287	-0.236588532246651	0.451561400929273	0.223031067924272	0.47825316989317	-0.342658986552565	-0.5798570262319	0.314523721287041	0.301291686461455	-0.245596475727797	-0.124684031991525	-0.21910096362041	-0.129307011070641	0.468991476768955	-0.394684481050933	0.397530420675585	0.46819912624557	0.4289465346278	0.2616203958897	0.515116346398835	0.398962191637542	-0.322893977866427	0.0144578426148848	-0.379684655641609	-0.638963403640488	-0.518164987049677	-0.512249017713744	0.652173796667557	0.51299874921264	0.032442999237838	-0.290657550087498	-0.345949498164204	-0.11284295983747	0.0950948602864738	0.273344667941268	0.0418603724396295	0.239223603411711	0.576957364272238	-0.185929745431872	0.479843035746554	0.404880199280452	-0.153370887100136	-0.193577641819948	0.564349398712044	-0.208033796835939	0.40660560562993	0.2312350104648	0.25270557326893
tempus177_Post	-0.397539655409671	-0.262218815378803	-0.167479093886279	0.0306987301205228	0.00477437197318181	-0.350486717765965	-0.302263981242895	0.296858560891544	0.0693213686501001	-0.177164800320961	-0.283642171103816	0.00313041613716411	0.218054950132349	0.174336889628701	-0.319475466348311	-0.256964894013076	-0.0114153867978763	-0.515274703350381	-0.464968516859938	-0.218655908873235	0.0800722024604007	-0.0408569017920736	-0.244795211777807	-0.108411563724304	-0.0430427219623645	-0.223229738772164	0.306194318826013	-0.0838404832292576	0.164115975272526	-0.417155614143587	-0.41336906999916	0.222277519704111	0.172293909759773	0.311190990267906	0.0112321087705663	0.0317899568984362	-0.187210222227029	0.00106767538873465	-0.192524918356695	-0.226078357865032	0.00319463924975166	-0.0640055077917937	-0.235639053330527	0.294283424420826	0.135981138344982	-0.362744356202728	-0.0625339876611619	-0.350333476716515	-0.0667950659418618	0.0162302799880932
tempus178_Pre	0.281853638587681	0.128546484953837	0.00679077613678258	-0.215348213233585	0.278633045992995	-0.0160472850950112	0.394560626709323	-0.32656544343631	-0.256552114752054	0.203311024381835	0.0916290681930278	-0.252844637436427	-0.242377408974682	-0.23140884021983	-0.0366198063754238	0.16935073859514	-0.27009017783667	0.727708112423957	0.553575100328444	0.0331993115236392	0.00926149193424552	0.0246082433416215	0.0894077394597101	-0.255538684362384	-0.112338666318897	-0.277349791505095	-0.368530472052628	-0.416829732031422	0.145019528493516	0.242560501459519	0.417165389854506	-0.273373503091842	-0.330019148293828	-0.450968410584804	0.0562115302173697	-0.302888454854789	0.184356413808594	-0.116741684530697	0.0242965098347873	0.237629152967528	0.225389215483246	-0.11800451338722	0.200608356396705	-0.333280708333501	-0.318464786092637	0.382033714295945	0.0554487817373626	0.0833717809457093	0.232012303500572	0.0356001937718071
tempus179_Pre	-0.33704552323642	-0.251796556872681	-0.491135696021183	0.157031531974199	-0.156555635250065	-0.284270391477054	-0.3875671450295	0.0658416910709775	-0.0411691832710219	-0.311206590235945	-0.323965177194028	-0.137266214468749	0.192047898533037	-0.00285415507151529	-0.233728512332471	-0.330673398852356	-0.258809280393179	-0.575993022349927	-0.497364756529411	-0.392669616962482	-0.290692586051146	-0.415649801351729	-0.447176029039814	0.00560645195639206	-0.207971760686853	-0.346680217635139	0.113143630140885	0.128038914352005	0.13921346519442	-0.546998216448179	-0.395117310431402	-0.303900734344454	-0.186868430021395	-0.282928457308221	-0.25782011918872	-0.423141601032154	-0.189335827342303	-0.281761990341664	-0.0829257219647281	-0.362577374449395	0.0288597874444437	-0.393125614002516	-0.230255623434826	-0.0618138619155819	-0.0325260639073187	-0.291998667973092	-0.000440991206953789	-0.326719110313913	-0.0448646136695315	-0.320186431101201
tempus180_Pre	0.20731004964055	-0.093347696240759	-0.201380204384008	0.0827744571660265	-0.0719718445465717	-0.0990817606181583	0.362466299794696	0.313666305957107	0.227903563987921	0.26034272647974	-0.0806329560517264	-0.0125604728343163	0.242254254635548	0.169167503683651	0.162450313414033	-0.279964909606942	0.320456265005759	0.57586951215437	0.547042664607265	-0.0356301204648728	0.131742683974998	-0.0807512110982148	0.275082912416565	0.32176528070577	0.280944477516575	0.271060101563728	0.349239917048619	0.530682320128948	0.438358338812407	-0.297766775633937	0.209766525479344	-0.167583748378313	0.0144746346546589	0.353661316183824	-0.113947640843046	0.180329007312672	0.0251346424160682	0.0619462009504957	-0.202880767635631	-0.293106953370405	0.0545963909680837	-0.202196497803234	0.230867826196559	-0.276041266865609	-0.0135063545943589	0.545721574538146	0.0161963021183995	0.0111104800347878	-0.0323395091534695	-0.0922363820356613
tempus181_Post	0.487344152900904	0.336645081711504	-0.0413060743448147	0.0131961353038437	0.230185764663736	0.296008527931707	0.551158825079199	-0.073222355216454	-0.240653767745476	0.36792740679574	0.472039652987962	-0.0758400024876571	-0.0458195700530749	-0.115828927801709	-0.023639640683636	0.292738453498816	0.0241218597471514	0.310586781497759	0.445203852933534	0.389500880955471	0.149684867991758	0.362266495969762	0.4196232259543	-0.0201414832569858	0.184787905694055	-0.0369130063348423	-0.348236865559104	-0.338219542445129	-0.24382299676979	0.639441672973527	0.542864610044849	0.00105537460446267	-0.255718948057056	-0.296213430541848	0.118982867775326	0.161293849028885	0.252325046651512	0.162879985012128	0.253998826856455	0.601979427684891	0.0013010817985912	0.349035321716276	0.433253404413707	-0.156781338150953	-0.116196894362525	0.463181438699272	-0.183565351818987	0.351860612891225	-0.0431524865186655	-0.0433927399243217
tempus181_Pre	-0.398688443482697	-0.200995072574553	-0.107194881285923	0.261156239776919	-0.220315841671492	-0.099462100445902	-0.497718399444804	0.145182602407974	0.328162440273494	-0.14845894097418	-0.0301234436287862	-0.272014335264338	0.0781211023924595	-0.00626979695398069	-0.124908340251048	-0.157444369222171	0.179791889460594	-0.386074134464867	-0.378685217965399	-0.0679653131585282	-0.0373094872484182	-0.0485494402211062	-0.35461196850725	-0.0262147944251283	0.0818645853809907	-0.0965133819571514	0.246179269941543	0.0269321904117439	-0.224847549189423	-0.0817014654758157	-0.349172484823836	-0.374103317562438	-0.2689656194781	-0.291024033888355	0.0213417070238927	-0.404013939631198	-0.130473556467656	-0.340294008797279	-0.0551410594595621	-0.377827039832759	-0.213807268099193	-0.339085712965325	-0.149886658214138	-0.153206423369915	0.0229523607681844	-0.401434616544424	0.150461270494118	-0.243965960387152	-0.183130626211959	-0.314854434064895
tempus182_Post	-0.00995929312127633	-0.162204182343337	-0.479195437841506	-0.381494444400278	-0.0767601019923908	-0.0836171602767328	0.287013457811894	-0.265925585471632	-0.598807245844611	0.0518769949812154	-0.0517528047847624	-0.28975502032437	-0.216463882917888	-0.270646847718619	-0.273013734257733	-0.139864760349325	-0.242948032464347	0.524185871467324	0.422734134904065	-0.15126089228928	0.0667182149333512	-0.396262592143475	0.119768394677764	-0.281170501028015	-0.0584220531265692	-0.447971661707663	-0.6354507760909	-0.50975253453725	-0.392964408485096	-0.378915430485764	0.124345540706257	-0.332430623324465	-0.274500677495908	-0.417915279717623	-0.308535275671718	-0.380080009274811	0.103610074169305	-0.285838148733108	-0.14074691975438	-0.325248257261887	0.0506770530995356	-0.222738331579681	0.108476225857614	-0.0971806685931775	-0.125278246035495	0.433242291664593	-0.218882605407929	0.135188187519594	0.0893734962240183	-0.443121622513861
tempus182_Pre	-0.122171020379533	-0.0529893600562919	0.0768147309481976	-0.109476314392867	-0.26414801199067	-0.184060056622217	-0.317850850794299	0.0372903692018145	0.323753070535944	-0.00780844478222381	0.0529303309709007	0.147579222060039	0.34636580108773	0.292241796389433	0.174893068690553	-0.190239751698467	0.395330177736632	-0.114325531286076	-0.260651093935486	-0.0329287593048003	0.0781845769399481	-0.420382693374056	-0.0377772132370859	0.136175260842855	0.138127131112192	0.198606343476088	0.414639121787135	0.449866887795246	-0.102283893043884	-0.171345638900517	-0.20747037784667	-0.125268698721101	0.152626664700193	0.213492527920035	0.106977521293383	-0.0609244176913635	0.0145263614418234	0.0911246448708462	-0.0647678928650693	-0.139103198677397	-0.00237838952117658	-0.00287586207520622	-0.150024154216189	-0.0853849146547643	0.0153039178138067	-0.22366119913538	0.100998783700364	-0.0378930013158639	0.049882068865889	0.156026228015947
tempus183_Pre	-0.315173632599743	-0.272935610252743	-0.180225385406177	0.0382852244944456	-0.064803292045567	-0.11114210022943	-0.316368066310106	0.350960438767585	0.447135571726518	-0.282863945739878	-0.0703324599969576	-0.0821102993410166	-0.0852755535874782	-0.012329021991686	-0.312150303006871	0.118324274303915	-0.400819687820869	-0.458189346516688	-0.451536648168203	-0.0505161047963036	-0.273245105754592	-0.0741064827394072	-0.357224027177617	0.285938014168131	-0.221918306635283	-0.0609419950808961	0.506406354412637	0.376583477773325	0.545135831659606	-0.105910981479005	-0.363747161115145	-0.283377864378112	-0.321096778582202	-0.0576364921009296	-0.0782345103324943	0.109620148599564	-0.0718662555424742	0.148266581724877	-0.324198684077711	-0.181690323471729	-0.226650991657047	-0.191835379803481	-0.317471797154023	-0.320228048255498	-0.240484232480749	-0.342843916658245	0.055155036961123	-0.320837401755402	0.0964708422899406	0.116269043105151
tempus184_Pre	-0.326291169539331	0.00753319840035166	-0.232162669429478	0.228257728235982	-0.0534681746057231	-0.296930361793705	-0.492039911918121	0.296731406190553	0.498086426610909	-0.356030319346028	-0.352128430900623	-0.279161324861257	0.102056595500693	0.0940087819979475	-0.320924881769712	-0.282677680762281	-0.144833597531017	-0.483321689030744	-0.482975777890217	-0.268640378529488	-0.100903155471999	-0.157692747039149	-0.398160946729188	0.265661866316702	0.0266586011890713	0.206547668255333	0.58346164625599	0.445321810797865	0.413194697812235	-0.553394336154553	-0.449316747132001	-0.26500145565647	-0.294367259031125	-0.0273590429592515	0.0833788778547428	-0.0675018311853939	-0.143682610788513	0.182166686800344	-0.331125622639813	-0.311074456583466	-0.11688241354146	-0.396259558385597	-0.328338002698291	-0.349422220040211	-0.225244966956746	-0.534987024904766	0.306712818554846	-0.457115089541805	0.0565052207018772	-0.097564005381297
tempus185_Post	-0.0649999501094984	-0.0808473478661553	0.308292778544576	-0.407088688804697	-0.386374539375129	-0.268994179420227	0.193439494344803	-0.1799080996954	-0.517045746956661	0.0501168503708514	-0.226762563284296	0.251682445242976	0.264197967359651	0.266171275409724	0.181541909470536	-0.269515519226774	0.167843933571059	0.514530807603478	0.373602845627846	-0.275775057611181	-0.00172907251021109	-0.138144407731078	0.337287689751289	-0.256731399724132	-0.119722421985256	-0.0090230793714712	-0.510606366848927	-0.395774599390387	-0.473192943605302	-0.358922952118373	0.220985899332405	0.548109757546938	0.477303327612293	0.23914201693948	0.0218406364195874	0.150339122966273	-0.041279414307825	-0.0313047400132092	0.0346264922016602	-0.263115398318117	0.142941105708355	0.481824473997619	0.141067486006514	0.536247581313937	0.238324209147707	0.292280388255789	-0.0964988142830226	0.263688469060888	0.0316238511382947	0.304825296303622
tempus186_Post	0.333513853559312	0.250972261385379	-0.170476370781189	0.181321318443397	0.082441198544449	0.23531640436864	0.140149348393542	-0.114722572371989	-0.238709858688729	0.307206908151038	0.34205048683924	-0.360751280863209	-0.00464290522331276	-0.208565606899657	0.0307268044071484	0.186839708226607	0.0792900346512588	0.351096765380643	0.330931962274058	0.2868125400031	0.252469646934395	0.106164768326922	0.108601177590768	0.0322405196835449	-0.0315493498445902	-0.135544877290655	-0.205961782755668	-0.289042820305485	-0.387423342775316	0.614172021792407	0.20653355066574	-0.19160115542313	-0.3404538841333	-0.22629015269	0.128722889102122	0.0536974862008198	0.0236145233856506	-0.104976267004605	0.287594008080886	0.468976849247785	-0.131097298295341	0.129031142998185	0.109947713796842	-0.312848314913135	-0.21510333005093	0.236207831462914	-0.155405968432822	0.0868435795876419	-0.00828313903550124	0.00395087675522487
tempus187_Pre	-0.0763311553261962	-0.104330369581188	-0.208388885732596	-0.331379994854253	0.28806605865547	-0.217461813827239	0.0815164308656335	0.0634400822895877	-0.433622049930896	-0.0140769860390403	0.171420168865685	-0.0114911044171132	0.0562844334417873	-0.00493530648402671	-0.205717712791433	0.208168821608596	-0.334625814228252	0.392256559764721	0.216368088072585	0.0721230886366263	0.0909494680774474	0.377355758409596	-0.0236878407477292	-0.0284976853522024	-0.238788235716354	-0.256433951906249	-0.489263951001971	-0.193852439293299	0.274494906930676	0.156208399335336	0.0123366088014625	-0.27498253136778	-0.17606768102528	0.101385197065991	0.0124983793375146	0.106940960950196	0.0933415304297464	0.0165381956269814	-0.251339143013013	0.247201978824218	-0.0680326924699534	0.174351310763125	0.0725596308306224	-0.200493007673652	-0.132105030292122	0.164023374852898	-0.178547574713319	0.000502135267413495	-0.0550045008770779	0.384974207046997
tempus188_Pre	-0.173807892321047	0.00696459149724041	0.0818026981527813	-0.0532525114831715	0.148137106483608	-0.227740619908241	-0.194678508091042	0.0767396004265661	-0.345322255069674	-0.166246903538174	-0.0341079128891517	0.162647443149267	-0.00102864373870978	-0.0577635425123269	0.00683588843047311	0.0784536530196838	0.153566914246229	-0.294425515259282	-0.329727805948363	-0.134264716480466	-0.254050600605276	-0.0112153642925864	-0.23427142590083	-0.0156378921801054	-0.128082985047572	-0.00502794799269993	-0.318053859078221	0.0372313141806945	0.23866757358775	-0.239302640643765	-0.287963161169834	-0.108871732515911	0.0470128216064836	0.382758984206988	0.0770556908610892	0.161905526643401	0.019669858667472	-0.0357006189775663	-0.1551672930159	0.0319994704430745	0.00313423676377311	-0.177390158380393	-0.224130436584251	-0.00814180386202704	-0.0915342476317229	-0.394928086099982	-0.150414767545934	-0.158993644278539	-0.109141981955429	-0.242424329699226
tempus189_Post	0.217959320421349	0.242848768217293	0.482189880129813	-0.338277772097677	-0.170691246622515	0.140312873471515	0.407674124889966	-0.426689612621383	-0.48993237573485	0.129143188198771	0.139738205852972	0.442954704009509	-0.00201938424061562	0.187176966109449	0.242172707592236	0.26983132842969	-0.166496682031126	0.231828489297744	0.344386780694932	-0.011577657661476	0.290529304888989	0.0278901852844905	0.398005722791234	-0.415300101883505	-0.193556209886857	-0.0799994407217064	-0.531149231577355	-0.511537866130477	-0.52656985535053	0.341347540995771	0.384536074601113	0.657555729724932	0.569470704018502	0.343482426691601	0.190085948965574	0.439573464313102	0.0451873564548537	0.0521081698494961	0.248142055555044	0.223363602439518	0.156899794367332	0.591689228995773	0.296235287228148	0.63043851729345	0.365430833025619	0.354040084167458	-0.0470075746359892	0.404353383651544	0.286053037543282	0.423889983812956
tempus190_Post	-0.212130949479626	-0.0549585508641162	0.219838920767942	-0.334164892932184	-0.317134631443652	-0.429723452617982	-0.127141065617876	-0.0140097195305182	0.167876853313635	-0.171251803489865	-0.162544591483607	0.499086265400364	-0.188241174690013	2.45731749496658e-05	-0.0819766527304935	-0.145944803269534	-0.334174709434794	-0.508864811022915	-0.378347722472343	-0.307300168540565	0.003859428951728	-0.165980628836291	0.0356177547880775	-0.0231972092163254	-0.281895446096254	0.0890055233233028	0.33057513530133	0.318128130515389	0.409264581374178	-0.248454177299031	-0.31708788896283	0.566347932168345	0.577962602552475	0.605719161328727	0.216893424149235	0.433866402506572	-0.172189042802434	0.256498036169569	-0.291569179745677	-0.154235742034273	0.230642906124318	0.378442785310934	-0.139616788474423	0.548282407603047	0.412812256858637	-0.28927145990037	0.0993516354748653	-0.0406553073291143	0.162059228662613	0.410390760003832
tempus191_Pre	-0.396544203243139	-0.353056521051155	-0.160189531429458	-0.190108056915696	0.0176580131090683	-0.342310564049945	-0.423383405944552	0.106588720411294	-0.00566878914684357	-0.304127077598751	-0.269020930693516	-0.252535833829281	0.0424909702043226	-0.0976303809875848	-0.24949884258171	-0.347730640248226	-0.16708207504666	-0.0389551407230879	-0.278658864823019	-0.339399617453567	-0.249202862409607	-0.389670493956892	-0.384093291261753	0.0745931348143208	-0.235451770210507	-0.172061691451502	0.0186999436794106	0.447078415361019	0.449784714284148	-0.518798372008864	-0.365068382211375	-0.364051793918232	-0.264945930072653	-0.121516485266184	-0.282725492363557	-0.350584855607588	-0.289575632335568	-0.259072251904217	-0.23895797483343	-0.369997394339505	-0.175343520833025	-0.409196216992097	-0.283373093308973	-0.232243010566099	-0.260127246371973	-0.390761561535131	-0.00672536703064526	-0.343805021860479	0.00926941988589666	0.177566920113544
tempus192_Post	-0.398988997486045	-0.176163394524739	0.20416506862199	0.00552980262004663	-0.438654813628883	-0.420475297115108	-0.207811185650844	0.180220016193462	0.378128724809719	-5.44225915078966e-05	-0.344639396955821	0.245281881614297	0.256951810745616	0.253251323049381	0.160091502401056	-0.329692709973602	0.216986002208398	0.00837269956957523	-0.139600161147961	-0.334384163255764	-0.187641876734294	-0.349226627917883	0.189631606917709	0.148793546922243	-0.0303096520288691	0.304546227217407	0.480146788589043	0.31156037822069	-0.0521315314331173	-0.466574092459655	-0.266492436187999	0.550206157282645	0.471368664035674	0.409570839712079	0.14597759738766	0.23213082121266	-0.106965550945367	-0.064971476717279	-0.306120403760755	-0.442762881487165	0.1243051631706	0.315273477248221	-0.193685734343278	0.532732465944615	0.323449282010019	-0.160217721642182	0.269879686489952	-0.0360802696582733	-0.0842221389128158	0.396061833535742
tempus193_Pre	0.434620705299505	0.0559278704134601	-0.238495810684113	-0.19274250882953	0.0610669054945539	-0.128586186145544	0.564552897590752	0.0762407413258744	-0.261819935549177	0.205078692285152	-0.0244016880815654	0.12095862524736	0.287723583866277	0.23477772729326	-0.0459806925165094	0.0773798429553641	-0.109119504399054	0.761771303868392	0.639751650564983	0.0551846486924081	0.0191055899523257	0.0233512666233803	0.32808966536855	0.235484374664436	0.102658027478284	0.202901882247285	-0.19958550991336	-0.00122040572993123	0.298074946968582	0.038343017396243	0.466448234022242	-0.0364775178725628	-0.019286397300773	0.0833264615618923	-0.0820690388753984	0.180235183246897	0.160713269933246	0.136632476366448	-0.114507856320996	0.231151704802352	-0.055853361089244	-0.100826671458999	0.277337997238608	-0.195175299651871	-0.129197815290136	0.514363421818662	-0.0390405505230197	0.244100357272426	-0.0458653695125782	0.114113518533871
tempus194_Pre	0.730422838165565	0.572369877098911	-0.132489044483286	-0.0400571661558858	0.211604184688929	0.52321494631605	0.480447155762456	-0.0748256202386683	-0.194605531002459	0.373910301983989	0.173985212934396	-0.136140698396985	-0.00257038211881683	-0.122223226886447	0.277897959411216	0.501159552737443	-0.0748892580739197	-0.326462729951474	0.000197615362881737	0.214815020517723	-0.06445139220117	0.311471983823906	0.337046796133708	0.377025796017731	0.150263843541398	0.276840781830379	-0.266295008997901	0.433045788142547	0.516148302458985	0.639333223481483	0.608017309035281	-0.0820454802196381	-0.266060177253572	-0.2740461932652	0.133688627612627	0.326103819709929	0.283723852884745	0.250753203670676	0.369779476045292	0.613282379480662	0.186536535302083	0.252202147231727	0.417785688262814	-0.391713921242349	-0.367228275741333	0.345408758598619	-0.0353622974605469	0.403130925989226	0.0312376125925775	0.128353138728911
tempus195_Post	0.452161381630445	0.229841890646698	0.348476900336332	-0.0233135262240761	0.335088335074456	0.205730181438938	0.530431970446235	-0.241782530773062	-0.182740442408914	0.290553411133999	0.0668194189290839	0.23097517072389	-0.150595645080421	0.00293852867297595	0.229265281159935	0.00825792575998281	-0.0865629889433311	0.575013169391933	0.550622615749306	0.267993086413582	0.119625891328254	0.189416126084173	0.244388112245065	-0.0325153450824432	0.202417577078726	0.146114642406168	-0.288856584001568	-0.232738029447464	-0.209578979674801	-0.243261552835208	0.3905682431425	0.164634498906878	0.299542575685733	0.442488203809212	0.229552340348726	0.300995200032643	0.322538189566606	0.143193179778796	0.0512076805669207	-0.13601328291116	0.166706728996144	-0.0116217762198827	0.395464462790916	0.0760428778946966	0.189688663464271	0.509521756651938	0.0578102719022717	0.299633421680686	0.0742291958689588	0.371476699891106
tempus196_Post	0.146863751791307	0.152923578792975	0.287831853709542	-0.267849253555759	-0.285295679794505	-0.311505928936375	0.120927606473962	0.142281102895158	-0.121842962803863	0.0447720555318779	-0.300365410498028	0.372209628946598	-0.186136426068024	0.0118883373742475	-0.0101376132532547	-0.0213908393284277	-0.127566523499281	0.00907960424348538	0.119456448906011	0.0403982688738514	0.00450783885984107	0.0648192866544067	0.222629264817576	0.0669795654527841	0.041872090854418	0.336524434066486	0.0859812900913988	0.0805455565145407	0.329118137918814	-0.121623477764264	0.150671658705547	0.536617186604983	0.397591788693074	0.388580645404025	0.375136793896723	0.422140973693043	0.183393214767193	0.286643661077356	-0.314748956084577	-0.0842023842239647	0.0224535147399631	0.40854840725208	0.00334209780460121	0.462377578196848	0.400749969207091	-0.0148039417969724	0.128008377078685	0.00921322546034453	0.219711143282144	0.0623560976779616
tempus197_Post	-0.255388130824576	-0.0401382405158154	-0.0153958490915064	0.164575650088173	0.0951973155383354	0.12910234787498	-0.193820950883938	0.111771921052757	0.241070792842228	0.0310342364028781	-0.100697290986355	-0.124902555435548	0.117222056439161	0.164992791580749	0.054051436169157	0.0584409252647635	-0.112933871883853	0.0722535478233384	0.0850332211559312	0.156668761623498	0.192876538275998	0.286172677028052	0.0695627948728742	-0.0302729838152177	-0.00352418063987181	-0.137156346943195	0.369360156353916	-0.0881661982505624	0.0434483959413906	-0.271818725510792	-0.0339398572150395	-0.249707868079341	-0.193235391636784	-0.23022401496577	-0.0984208321352414	0.00835924683043066	-0.0509142910360002	-0.00534868294651697	-0.116774781429383	-0.107477161588157	-0.18869614949686	-0.202345851628323	-0.0301649240791384	-0.135299595529336	0.041429508322996	0.14678628704619	0.0394326186227297	0.00785391941859612	0.00710140854630648	0.0731527096560799
tempus197_Pre	-0.352476655988448	0.0730108187384354	-0.058582988609378	0.128303133767592	-0.0476385534962765	-0.198203421254839	-0.381326748491319	0.106210950511357	0.0922254897172299	-0.191956365625472	-0.161540621616761	-0.271667986553061	0.0626951546833283	-0.0736132973143308	-0.0122980957478561	-0.0918731001443934	0.013216980033703	-0.298618030157597	-0.282689466067881	-0.00648629122211518	-0.176099914682311	0.0168274312910597	-0.273687229263262	0.128435215146109	-0.250142224113758	-0.123866099908688	0.210809817561618	-0.186331848076088	-0.0514471806346496	-0.159878129959144	-0.198463385533759	-0.377511061006661	-0.3563118259245	-0.355428525709695	-0.0125004130592981	-0.125938402621583	-0.188277841857304	-0.131364939408462	-0.101403636217914	-0.162084936518599	-0.188164670073917	-0.318071794341479	-0.166813446121641	-0.275665341099722	-0.190751041025169	-0.184692819499672	0.07018119046449	-0.177280465373126	-0.063888815852944	-0.0226959176349808
tempus198_Pre	0.604480397054188	0.468527229778624	-0.291539414142899	-0.0831485522603692	0.261028208982678	0.27939404055867	0.560870860071237	-0.352417972785518	-0.455674084612247	0.276219521331969	0.085191979094871	-0.380177379907319	-0.259021598245063	-0.313943582846875	-0.0611534332011435	0.270716395933225	-0.209288747780396	0.245259123044065	0.465777839680226	0.333510116808725	0.0927567338729493	0.316722716452401	0.45964694297098	-0.0802364970791084	0.0724708071043879	-0.282579209604883	-0.556756671704479	-0.561189533459238	-0.466154913570845	0.629009371951636	0.570672953406217	-0.103162233921885	-0.370668419772918	-0.591605664996643	-0.0187440916140359	0.0593635863741542	0.258257356721185	0.016089869285381	0.356167688642309	0.493416479758864	-0.028335306456634	0.353185385986704	0.424027235207958	-0.287993299915106	-0.376813017524266	0.580222150127148	-0.236180679324879	0.41745766188191	0.0759074294891368	0.0050024068783899
tempus199_Post	0.413261916445198	0.284740523389508	-0.0974870958115715	0.258555984548915	-0.0175692545444278	0.106461305376523	0.218138875328618	0.0168697767399149	0.473258020849704	0.174818169136073	0.012302622562514	-0.203173407797917	0.0999161623470114	0.0700794339331798	0.143529448654231	-0.0180443728577203	-0.192697901604285	0.244882136203679	0.319333337261775	0.019970724751859	-0.0554649799006631	0.0303750159890689	0.15728746282233	0.197086287651167	0.15578312076375	0.224947461178547	0.457597639324167	0.0406893134030884	-0.0535566476206255	0.330976950562818	0.293683198640318	-0.0974787623428496	-0.192234994620448	-0.3357902131928	0.0477927862606517	0.343314032411371	0.127447454943344	0.183682338572316	-0.0595465370589439	0.233287372997876	0.634823674739647	-0.0994646443585254	0.0822921538157583	-0.238449599593828	-0.337908407666959	0.288648940172049	0.148554548912064	0.119463334264989	0.0159559970640971	-0.137775215982031
tempus200_Pre	-0.387839218243682	-0.0964231671312158	-0.286405610241797	-0.040214991914666	-0.105932907425181	-0.258503212083772	-0.276777406862983	-0.231105642661675	-0.206538660799026	-0.236978014071528	0.0364377351082347	-0.157228378938626	-0.159401294325324	-0.0804350394281791	-0.267200070083967	-0.00890492318929773	-0.391336431607708	-0.393982268106404	-0.379613385287977	-0.0561722650618548	-0.125452471162285	-0.209973797413247	-0.104226257902876	-0.442220251617484	-0.303695586644646	-0.382092434519499	-0.182859742863134	-0.506754188182132	-0.324959979907852	-0.135220990886813	-0.246706055461096	0.352828547662573	-0.0411417967749714	-0.438768178978315	-0.165565201841533	-0.0640207175133255	-0.275055711701436	-0.331079110519098	-0.121233322119643	0.0221858985768083	-0.161223708824837	0.226668260797997	-0.17205337635855	0.337299273487957	-0.0143819663748811	-0.26102717040934	0.0804333276614889	-0.169338389883841	0.130736535248024	0.0718710423608568
tempus201_Pre	0.019569522437566	-0.173020576006661	-0.204779942433716	-0.105814495882069	0.0798386741494105	0.203801130115784	0.317938158465493	-0.255048523763887	-0.430208227905938	0.129248546426298	0.218279795103497	-0.188425059752737	-0.00813735504407047	-0.253707620378755	-0.0158471346612706	-0.00129641585304352	0.234152941191118	0.173023600112308	0.218345703911947	0.0797860440633132	0.0952097540047462	0.0690554553528464	0.213340834476462	-0.27333295782805	-0.10270207396961	-0.37538475245714	-0.550459304735335	-0.440930557342654	-0.535157977383316	0.356893710097162	0.33757199616699	-0.273065314194411	-0.218688962989452	-0.429843848055555	-0.300153261289235	-0.420828598139599	0.113119147950301	-0.38079724756887	0.307303301558741	0.309180348289106	-0.0333457024940806	0.0843610928476194	0.260218517511475	-0.336704747001833	-0.297339944604754	0.279601031526349	-0.118836038566532	0.349451375724585	-0.0988289908081502	-0.383068745667912
tempus202_Pre	-0.275051047616433	-0.114180619081381	-0.134828030658257	-0.186766709117648	0.215221124737407	0.0131319741622611	-0.204572840909383	0.122553107519591	-0.251835083713442	-0.0949928610224967	0.217053202979039	-0.337118519668292	0.0514228598611629	-0.0740146024882696	-0.198428326595851	0.189005093337446	-0.178556296803504	-0.22233775382338	-0.315774386018932	0.140572610572414	-0.102165495158366	-0.1667171127702	-0.133001977300596	-0.0119317921092544	-0.198809974223476	-0.252314181968561	-0.303201517947412	-0.332138535817757	-0.115147184263615	0.279405364128692	-0.107168309910111	-0.372404053684845	-0.33710961345173	-0.42746440202273	-0.0406334027440279	0.0437557120162101	-0.160719684458113	-0.00612591060160281	-0.0818811980070457	0.146852187984743	-0.10946022793999	-0.0896276927016444	-0.0928562199285653	-0.0991621849872371	-0.179381537754428	-0.249980068209607	-0.170510337832053	-0.199683434532712	-0.00854279974020075	0.00638035143045834
tempus203_Pre	0.110615542568895	0.252205316660054	0.402089397628132	-0.501563064759249	-0.0211866245423933	-0.0146480946364952	0.275362022769033	-0.286877500517665	-0.639894692097763	0.198530947879221	0.223617648901663	0.374700714942922	0.500106157441024	0.45499608840012	-0.0187109918594025	0.333261797951224	-0.0102049519355183	-0.110159174474414	-0.0223461731674591	0.119525780824812	0.338624586622027	0.0764729794400869	0.32347830235479	-0.302610127990734	0.0240611482167556	-0.0288241671397212	-0.657819662316413	-0.482525187188608	-0.568097525299577	0.14000084630705	0.209308637532736	0.641604790906006	0.559581105777399	0.350337077352367	0.219686907540006	0.351898192032797	0.16313476768383	0.120993617873977	0.0775463424112522	0.25401556727663	0.17312392042182	0.565586952679789	0.0991900563358199	0.607310311699753	0.359775647172963	0.0168483237797212	-0.167903528396959	0.252231988699108	0.330354047137859	0.466348725206744
tempus204_Pre	0.18552285019683	0.101009038253145	-0.220489339026428	-0.175268345935508	-0.205911915617211	0.259904100203519	-0.12815671562635	-0.178336486636972	-0.169352013011387	-0.0480990973211069	0.110218017873643	0.0465943537711461	0.275303347207188	0.187306899456737	0.0280975588637872	0.0246204325421867	-0.144785853615737	-0.271761702704099	-0.299831282968807	-0.0464111813916776	0.0989925281238002	-0.142079745812041	-0.136001159005173	0.0269028303228288	-0.00336618907142858	-0.200818286465151	-0.351751781880512	-0.15227334073304	-0.203861063882095	-0.279969559746281	-0.166579579966598	-0.135825144392584	-0.042224786569332	0.0541965506582655	-0.0362165112919248	0.00118256855449403	0.0969432293688007	-0.0130664623149611	-0.0368943456857821	-0.164358643014131	0.397027177079884	-0.0758438785611274	-0.117682642237839	-0.180192421162654	-0.0917888325790311	-0.214669913467185	-0.0916045439899327	-0.155773035279208	0.251448117872745	0.0210554284469001
tempus205_Post	-0.100985293323586	-0.0193748066448673	0.369104879659477	0.207213715524707	0.31813992994142	0.0442769019904086	-0.18406925115756	0.367630324741009	0.471130450975825	0.13626034339901	0.197713041805891	0.257817858283324	-0.0339461071468835	0.197938680948109	0.106008549197008	0.0151386926300251	0.313736988390279	-0.348330642808721	-0.282565592987391	0.102515759173936	-0.103030903023734	-0.385968782478983	-0.151732265263055	0.293136942880237	0.398566808500281	0.407764761674183	0.557887632094632	0.381327451848057	0.303512295895558	-0.323497551209707	-0.233718830105891	-0.0578991570478764	0.17357217794802	0.543166349356099	0.281111033369596	0.277510635001546	0.226776981974577	0.336141452591891	-0.233242145207905	0.00311469796460376	0.0303274314086127	-0.104996269879216	-0.0502296172749496	-0.0615427909730213	0.0316342753186326	-0.349915944203941	0.0938469482219248	-0.130301065553451	0.0411151057065749	-0.0310929302131359
tempus206_Post	0.448148639492658	0.204001410248747	0.327620043362374	-0.0314702572065349	0.150291625406722	0.250287764396138	0.379151092841409	-0.214924266049017	0.14128501156088	0.200464402843615	0.280000096532945	0.209610824919029	-0.117318056405748	0.00836518918552029	0.329263387955861	-0.0804849662414175	0.16383527504472	0.403572450818611	0.409592327564517	0.117659646286855	0.115471864371774	0.359483954751427	0.424492452375754	0.324895294655936	0.204092689584381	0.435190257393261	0.219696737845157	0.329989697007402	0.183025581721001	0.363448220798751	0.358524416066626	0.459647924181512	0.258272113356113	0.0479108618637773	0.176928174657004	0.307166503387292	0.159619335192061	0.372560004802008	0.0165925775550698	0.509593475162247	-0.0279394228665155	0.470828738091682	0.265757131155536	0.289802890940482	0.271489997453803	0.330616105280618	0.0284383111071172	0.343818061974963	0.0138462393051464	0.34112367696433
tempus207_Pre	0.582021270509806	0.283929607035527	-0.0754178721631093	-0.159537985269715	0.0765104140633339	0.500358499979933	0.33376836056317	-0.337534384163767	-0.475907395432863	0.362694374525121	-0.151841828873365	-0.0786494385629046	-0.054360529624168	-0.106336252853228	0.263147805507211	0.558734355906605	0.223358745027943	-0.0652353363120212	0.288941053281356	0.297469715706123	0.281611911090345	0.304552388412816	0.322301463708625	-0.080217080057273	-0.0230418558430125	-0.0754608242859899	-0.510966143570678	-0.14675298242456	-0.476881953671205	0.563301574702298	0.438972498340554	-0.108266550647403	0.0298614709750486	-0.161270026268275	-0.159100791394423	0.0995250823793085	0.113657039317467	0.0569089682283842	0.464441610449363	0.485100880064963	0.173708548637107	0.333033930583828	0.366988338268893	-0.0860044617782696	-0.261147658823037	0.375056436964824	0.017750915258925	0.434811931127229	0.157687019493461	0.268535563118367
tempus208_Pre	-0.264536353289406	-0.0495786335048963	-0.299770406415738	-0.339807075107386	-0.198394655645436	-0.418862821306986	0.0580193621581941	0.218243074240506	-0.1407696321544	-0.10475121519774	-0.292566097117272	-0.0130679530598385	0.163296437633915	0.155896228574402	-0.0151127347884184	-0.25024635785018	0.0954073606512068	0.614876217102492	0.428682556130842	-0.268117802825642	-0.237079793858032	-0.305722206523147	0.0212095986412053	0.286248510475461	0.0997886331027061	0.222171454835447	-0.030058438518703	0.442887541776341	0.478938180719091	-0.295061734130058	-0.0409999828217492	-0.239947318280536	-0.0374568484886617	0.270206586148655	0.0890303875370401	0.119508957417008	-0.0263471937560398	-0.0210666099951234	-0.361830982673148	-0.18224633916128	-0.0821447404586808	-0.248182324655211	-0.0441163369586274	-0.196369663229179	-0.0157491645518831	0.292300175423372	0.0672119783206582	-0.23816874724943	0.0344163831757526	0.0745591752598294
tempus209_Pre	0.332314116739412	0.180455700578864	0.0605743677900731	0.024167948278455	0.251573606777359	0.472607720341577	0.233927319657299	-0.399434173737008	-0.490352709911876	0.174191829649178	0.155514553907536	-0.21193340458739	-0.252583184670852	-0.287152097699157	0.0954729256384022	0.549069788785336	0.0227696671301572	-0.00248636223815288	0.116351456673071	0.380218497958271	0.217054836015205	0.493362952884642	0.168874784304358	-0.349397086359371	-0.044289669371202	-0.377439775766499	-0.596890709195648	-0.63080472658977	-0.602291063735631	0.602638755943369	0.30644773609283	-0.198748155868714	-0.309097483552786	-0.520058756553311	-0.183088815924421	-0.210345823920517	0.0780801400800773	-0.155946309898483	0.494255117656539	0.483359583631483	-0.0620013189374098	0.308140821263204	0.271314383248953	-0.162434020435161	-0.215054984899805	0.130952067268107	-0.155481190252709	0.249686398650087	0.11277311331929	-0.033218808037791
tempus210_Post	0.485003522807122	0.103470016304013	0.368247395873915	0.0931118497739026	0.0722191497091369	0.404394962419299	0.448419807081364	0.324811844340816	0.0818456987711227	0.319062961275621	0.201686950846865	-0.0342408892191818	-0.201161305932405	-0.12976207828956	0.255539057650715	0.0653539459194944	0.297964069856035	0.673853662681274	0.615170936971331	0.257909255195761	0.0956381916875544	0.125678906278555	0.34032416234755	0.167857081333337	0.397805741689178	0.328628966297618	0.0291396346394717	0.204162094928388	0.370380620794299	0.380796960401153	0.560685804375447	-0.127960448811706	-0.0688421794058801	0.0173935964381887	-0.0105185265656181	0.127426870596821	0.396588100822738	0.102865248256776	0.00125527616949093	0.123020421395418	-0.0301963175217286	0.0564477345571582	0.334212751716193	-0.352277171193158	-0.0819389548465634	0.581978944636744	0.0251752850807847	0.29158508952573	-0.098738590811093	-0.363843529888657
tempus210_Pre	0.587287332863087	0.251760897088352	-0.189019397471968	-0.0343096641061983	0.383459367713794	0.500539417141827	0.476669767123907	-0.437287103489894	-0.479859203914228	0.246302991946474	0.164997995491132	-0.355719252549485	-0.0705875208051519	-0.192360886267132	-0.0240395567761938	0.308820236112403	-0.236238168685833	0.164732107535571	0.339919341725511	0.415710999517997	0.19273612965547	0.504432491327765	0.275464837856548	-0.280496735072679	-0.147451458417268	-0.439231705227362	-0.600585893126107	-0.488772920677014	-0.465769011973747	0.588948876843044	0.456590397910154	-0.167905297467227	-0.41262353404445	-0.591555077630271	-0.322525300298325	-0.252924985734245	0.172532491114726	-0.128283073899674	0.526368195303913	0.533759067660089	-0.15453552612223	0.275736217666173	0.335712604134297	-0.243897906460114	-0.358304415957423	0.454124886983204	-0.0792179921793671	0.420826635634804	0.138151660863841	0.175941700483663
tempus211_Post	0.324668013621701	0.384021298838913	-0.199010405218821	-0.138575479746137	0.183105242025897	0.316588262560976	0.080803009805725	-0.321043692009585	-0.466717321472633	0.172627123338579	0.373503670996616	-0.13683808668932	0.0954663341993254	-0.0372753010569383	-0.0553371663765986	0.417867718034026	-0.0602570632583729	0.390363929942372	0.229708577333704	0.342232929389572	0.0284623736371209	0.560400211806654	0.26290055692572	-0.0119725406425449	-0.0240488759676481	-0.0122842078593214	-0.60470979341128	-0.414563688326526	-0.110029368536307	0.542765544339868	0.20395692279208	0.0105892446038996	-0.343567507543155	-0.32189501383134	0.120378288582387	0.0207196332325892	0.164580925456835	0.146240418425816	0.233447429012309	0.59680335780259	0.00635402105138753	0.362479488235122	0.284199527026744	-0.241749903467012	-0.313474021086222	0.106980076690561	-0.20527802045758	0.375467826944505	0.122154032754327	0.0642211249068642
tempus211_Pre	-0.205499696834938	-0.23093807380943	-0.0849477589400851	-0.031088616035573	-0.0980306651484218	0.1106068191766	-0.399286119525372	-0.0238924336921863	-0.0113288219510972	-0.179162058523978	0.121020449700637	-0.163095271000392	0.0935600526211352	0.0241635810269443	-0.144458226799349	0.108147299892831	-0.00303664461499675	0.238913580474071	-0.121084476943287	0.0318155840737718	-0.150505877384268	0.0418803910242775	-0.287142675720623	0.0698639364239125	-0.165385750880436	0.014797506170122	-0.22111057723776	-0.000512631480252157	0.374412795971074	0.124182777942923	-0.329946103129422	-0.363283011078375	-0.415033573581607	-0.192146823156993	-0.257298854157358	-0.189941146002236	-0.223866026497622	0.00103846943200986	0.0420833750181134	0.301735801238102	-0.246211899143253	-0.251853870671511	-0.111420475318239	-0.27848287447137	-0.363503904183004	-0.407850602568685	-0.0649025733031736	-0.170265130772338	-0.0929739971631544	0.0124474959337642
tempus212_Pre	-0.270688227157549	-0.135817622884317	-0.337575527286796	0.027442927669375	-0.116214140579341	-0.0539435285754401	-0.122940940497341	0.291630079273597	-0.305568726662039	-0.136220652124375	0.0889261481981365	-0.1192059830318	0.278818936943226	0.188711028219564	-0.249621793830341	-0.0791114832033361	-0.0592329321118143	-0.404274704457571	-0.474478786079628	-0.200615557591209	-0.206819962685322	-0.288395464536921	-0.23817301863489	-0.200438711701632	-0.0457234816522526	-0.268494206408375	-0.24166534481161	-0.0404249934931683	-0.23187699562414	-0.334239513245681	-0.204143625651143	-0.215590418576623	0.00559399014297374	0.214203119870364	-0.231201452794189	0.0095973730951581	0.0592915730167553	-0.123437290305031	-0.0070034986937271	-0.189344717733108	-0.030748295542739	-0.18353148325429	-0.118535663750874	-0.181018473677569	-0.0278014823378918	-0.3016700161249	-0.072476467493017	-0.223139668930961	0.120484228729547	-0.00933646404780877
tempus213_Post	-0.0769149713846587	-0.191657094001864	-0.185984629456647	-0.237240981943488	-0.174479886930441	-0.0360028848811813	-0.015957580540157	-0.0971790143408137	-0.159163230548105	-0.0163133816973649	-0.263329355146324	-0.0386296573814037	-0.162572375939557	-0.0981498739375301	0.164490502984636	-0.185424822869053	0.243791112239598	-0.297898414880581	-0.181463440640221	-0.251179792681199	-0.158802221033106	-0.0797920400912844	-0.0898206719116754	0.245121194086803	-0.0402256592605218	0.148166943609472	-0.243732756980412	0.34727268804292	0.260623976928682	-0.00593993073336116	0.0298400832233554	-0.250637646702548	-0.140170768147761	0.0771844060087508	-0.116462278104805	0.0344798076250903	-0.0702991758066479	0.099466962949349	-0.162036854833865	0.349776330762634	0.477027591776802	-0.0697159177232882	-0.11235620088002	-0.300658753759052	-0.176899866152473	0.0485454650465496	-0.0496207933817545	-0.0458864842647797	-0.0662026906517897	0.0570385022070278
tempus214_Post	0.372136729311481	0.175675979837578	-0.159601663585244	0.193955307357969	-0.407093587615261	-0.0707466592351238	0.29501098508355	0.00496348347683767	0.483414860560393	0.207320750916624	-0.336679577961483	-0.139873143051619	-0.309943962296602	-0.0721860059560403	0.146551134898265	-0.210397086509322	0.113119625160562	0.0315670986728404	0.329645529673118	-0.229952655303941	-0.0166734400829149	-0.0907943192223255	0.263419735423713	0.104470720420008	0.180674575488941	0.34304984521883	0.557970542146979	0.427929935113922	-0.0188438072608046	-0.16708631803776	0.343178646059256	-0.342193913805577	-0.0516686356383189	0.207424537371781	-0.012498364106349	-0.0645960026072209	0.0829683297539605	0.101594936525774	0.0150563324681628	-0.127316820434227	-0.120925350040422	-0.273588050328211	0.193939146202468	-0.249706753231017	-0.165091159684644	0.486682792130719	0.35178325482506	0.166707339430061	-0.0121305417108828	0.314392080218182
tempus215_Pre	-0.341468119582243	0.330504811401517	0.2452954915593	-0.0158069159779401	-0.0915515830377738	-0.116296869326921	-0.432659578218941	0.244053684333218	-0.129795164733815	-0.0925039238313122	0.134976341880707	0.0864747181809353	0.0184598744408074	0.0230775076871355	0.137182859531168	0.161174217586588	0.410057867715565	-0.525917388381893	-0.44040294940807	0.0691856246435593	-0.283477223053851	0.239280707796694	-0.311074033753302	0.276711262662474	0.148427435235283	0.386197017107564	-0.129378198438168	0.416192615819908	0.388424669669568	0.00182889274315885	-0.344194031152909	-0.15671561493087	-0.0284033167236654	0.345646205576859	0.451324451893359	0.123591792499041	0.0777855394021494	0.0582451509943423	-0.0670352495731919	0.114969387860384	0.104993267497176	-0.106439587317231	-0.135935379085854	-0.10953098863214	0.179967703742934	-0.334158777653899	-0.0826215693303097	-0.24572741990434	-0.134425838062623	0.17386731147959
tempus216_Post	0.343515729165573	0.195580582096967	0.00387581478927188	-0.194894061598155	-0.107130912165507	-0.107927737259306	0.171541690831887	-0.0410762468372331	-0.255380392590048	0.160089840165309	-0.0802814467066773	-0.153311776517065	-0.0683544254026031	-0.05804202284156	0.0744226894397779	-0.290433972698913	-0.039878590019913	0.118923269395456	0.248649969787635	-0.192162032474419	0.153847840285023	-0.279796712105677	0.0191140331313902	0.0283274556366598	0.229264419145313	0.0245483679686169	-0.298779201630105	0.0618680798023499	0.167460733451872	-0.630648052369816	0.0928075121064005	-0.241349399806691	-0.125332715751685	0.248189353381887	0.0907300438109091	0.111372044225857	0.330546599561168	-0.0183593917294566	-0.171160001456417	-0.543894304279145	0.0192860864929842	-0.371004962951239	0.174333539900343	-0.157464772223703	-0.0075802647922377	0.401626092498008	0.0669155475863242	-0.0411534297741388	0.164037844309698	-0.117749548377049
tempus217_Post	0.105424464609019	-0.21833244325405	0.0686735420416456	0.103796852286656	-0.179916413120498	0.0917381620161037	0.0920322714582367	0.246350626561992	0.359388136541192	0.112775440529652	-0.246367975083088	0.237840971837025	0.104876740269977	0.105885661077893	0.0771467225035634	-0.0777581638538074	0.294209467524637	0.437533852885808	0.383767173730135	-0.0203265271167725	0.0651890727408385	-0.268960181814078	0.266684855618888	0.0689287477682771	0.24544373215367	0.219513090998336	0.467123725054048	0.412408661089158	0.0664421272465588	-0.162075492804867	0.182297828681564	-0.217218365138437	-0.0498767107393021	0.0647155028619034	0.0165612835300819	-0.11049828833455	0.0433596777989731	0.121454497090489	-0.141682438245328	-0.171730691787051	-0.0654541834540362	-0.120630360837684	-0.00478177408322777	-0.0749087051317861	0.0544315474536633	0.264407313668562	0.0801472515464864	0.0904435466311874	-0.249554543252732	-0.0195684350152671
tempus218_Post	0.432500801870676	0.238082579899872	-0.0453360388084449	-0.0951879840682137	0.286620932762235	0.127759040950643	0.510210810057884	-0.176230759764907	-0.344049508977849	0.386779902300285	0.186153672755843	-0.0292017527706676	-0.262635684189774	-0.132835738769402	-0.0589371173488296	0.257901065519505	-0.107969025184609	0.528829931220852	0.52603378047353	0.365593276385251	0.113630246442978	0.409763672136507	0.411026760962595	-0.223833333807517	0.119924570709546	-0.125836402616859	-0.403473826485782	-0.313270493620282	-0.424634896754426	0.5678261291439	0.516686308136282	0.0518337101833437	-0.156140250002945	-0.252061917252933	0.0532908277968992	0.101847788857837	0.295604806058078	0.108209903986959	0.126092632937567	0.338618146514262	-0.0976795939349049	0.366699944554106	0.40549745030479	-0.27505612548615	-0.211853719506148	0.618272952160504	-0.152051264412221	0.333652223482761	0.235760691476238	0.00627700247008806
tempus219_Post	0.0545218152858688	-0.0836565748817501	0.194694181283066	-0.0772578488691745	-0.305002007716617	0.34392413888992	-0.146151501379089	0.00110867268316561	-0.247819170597758	0.00728181352357596	0.356572130959573	-0.0314447006946125	-0.211679206530102	-0.16485762153081	0.275610518025499	0.0524409112146366	0.104050652921147	-0.383638757629746	-0.255066851151499	0.125123144902199	-0.165563496842324	-0.0967664678871317	-0.0329648921720957	0.046456291290347	0.0690683824982722	-0.207254091311208	-0.330368252301265	-0.337045786102896	-0.421019177777767	0.097040888342957	-0.0866411879737074	0.385899673567717	0.0385961097227336	-0.248073281099644	0.0429257247114605	0.0904593104800618	-0.045007748988643	-0.0126381881435638	0.010432430932831	-0.122636150940199	-0.0798226453475188	0.307052104918903	-0.0805968186592878	0.275655674057583	0.155244800052349	-0.240813729916921	-0.180069890053734	0.143667854234651	0.0202611338621473	0.138286998789539
tempus220_Post	0.666230192763327	0.466028362189073	0.14042674203573	0.256154138857981	0.272233945425119	0.41703304613984	0.565507180121552	-0.144604295911703	0.287900075386728	0.414949875365381	0.358759577601929	0.00273288557024182	-0.0236462087422476	-0.0154347594825322	0.103254072188865	0.0400807507137851	0.00701280060370735	0.567791433137038	0.603530163899412	0.339738227657205	0.244085649706125	0.292962976895133	0.400182848072145	0.18215231628245	0.13931790279449	0.306932396511591	0.241385146679546	0.345978884130369	0.366453022951334	0.553301329307497	0.571928430502307	-0.117661899641789	-0.280459794294087	-0.157705242043701	0.277983437166118	0.38054397817593	0.271208703610943	0.31027777311232	0.177897552423934	0.514017824613851	-0.099527621343291	0.235962332667052	0.403177809203014	-0.268356117118977	-0.140379104406229	0.534064585346261	-0.0667013706166585	0.36171927046097	0.0672091484955435	0.177930632888686
tempus221_Pre	0.26976220205118	0.293293596460326	-0.0876842267173085	0.338069002743805	0.00360614576729287	0.449207637674915	0.353047941552977	-0.0431441236759942	0.291094479592885	0.211632977647572	-0.00246586165888912	-0.147587709805792	-0.047044801753191	-0.0424887179035544	0.323209401159848	-0.0813157960946164	0.461713382086491	-0.291798278255019	0.0568007546893149	0.0495804277373865	0.0662439299044703	0.144553051766973	0.293318527872063	0.322478092012175	0.154103102444417	0.289512893104583	0.272448719477704	0.424271511546948	-0.0394432964569065	0.551085944885873	0.219790855255714	-0.230346129841693	-0.106179732039421	-0.167026520014978	0.0909388454753213	0.126685378038687	-0.0657114549621663	0.0554684654382242	0.332418655493808	0.412589299063169	-0.112564356460443	0.122771144615025	0.226426884650228	-0.273064105603757	-0.231146012321505	0.303285792771591	0.158598169987002	0.192044653470561	-0.228851342227578	0.274340892644542
tempus222_Post	-0.266559293737263	-0.266569578027473	-0.296337782098819	-0.294954619885469	-0.155049430766497	-0.110034122508212	-0.0702469758376786	0.141655341440269	-0.389356054744619	-0.107103426430318	-0.145892800751338	-0.0323963927372467	-0.173516725198492	-0.25193332436446	-0.0260047979521203	-0.140772621414481	0.278063922906046	0.326447318671779	0.152934005648521	-0.120837169427664	-0.0280063164404087	0.176807825084297	0.101300398354149	-0.0322495398251154	-0.219405202138906	0.0880055907589545	-0.356424279062641	0.311003936794636	0.200237709543467	-0.132483096999065	-0.0783484807643732	0.295010245933412	0.209051531420919	0.132527185106546	-0.145282184845106	-0.0615938000609181	-0.133578490144053	-0.0318211705400706	-0.105919031862188	-0.126731771898158	0.0773166993613379	0.332479277238691	-0.126600109962717	0.384535368516439	0.138283740713608	-0.0251050401168566	-0.114336167353796	0.0514218795998303	-0.130934191967977	0.144140440628007
tempus223_Pre	-0.357685219265101	-0.184240167634977	-0.271482033566437	0.17284750664578	0.107165976689955	-0.12162316667867	-0.404629248550297	-0.0594406350229864	0.344153761006137	-0.297670092320261	-0.270452486647004	-0.296448212723339	-0.103805756853025	-0.20146289446012	-0.398208446564349	-0.114245052497107	-0.405157299109634	-0.598698863264712	-0.527116998143097	-0.0156771496020337	0.105873981062016	-0.156422737930316	-0.3681206289385	-0.0841959206394861	-0.209486387010708	-0.246739284324427	0.269673767238711	-0.164073147649834	0.323334986910309	-0.158244206525828	-0.314098974618559	-0.343272238865994	-0.340698414515788	-0.448464486227637	-0.209587213457678	-0.254002824643626	-0.295921261574418	-0.233400548026852	-0.142469584572737	-0.114485483786288	-0.140412993906669	-0.333921602324775	-0.258777516318992	-0.357162302007658	-0.314795754564499	-0.409133413664137	-0.0279585021751844	-0.240095896144186	-0.0613738495641809	-0.298927719749295
tempus224_Post	-0.330073832434692	-0.110692853383476	-0.263891032968434	0.394744041199721	0.0907237101249207	0.235387600814853	-0.298876069240294	-0.297121130192205	0.244147119237211	-0.30326001830488	0.120912762655555	-0.11109444602726	-0.158454976273557	-0.212519106500301	-0.135769390958676	0.213967363269289	-0.200165070433735	-0.537374916950277	-0.446595432892013	0.0862770908556047	-0.101517970242541	0.434780892107093	0.02656003298775	-0.296181382282203	-0.289626615541239	-0.199829611657373	0.186084116868551	-0.255220908872131	-0.319126420859773	0.247376425964866	-0.287782956178003	0.381810498850078	0.18571034600339	-0.310085300828696	-0.0357488998276718	-0.215088432551119	-0.288709830464326	-0.26037962035921	0.23593369013216	0.0460475359424803	-0.0336293760697033	0.351952110930589	-0.121703659476499	0.422328443486551	0.0073365901344771	-0.325166882246751	0.189278779355726	0.0719719510506368	-0.000492937753785505	0.251563111248479
tempus225_Pre	0.212510829426004	-0.0147357188509562	-0.246985228046354	0.16675550450174	0.152962268577639	0.220822540355341	0.275211993575171	-0.0533700719620263	-0.0361160871263053	0.0911307241290376	0.248185360157544	-0.173046586458673	-0.0797109537767104	0.0443610479875949	-0.285664142640097	0.114013664409898	-0.142263849796917	0.364589055813417	0.293742498998632	0.302236678396381	0.105930155717178	0.276604466489945	0.067542522694994	0.0421840843236318	0.152665857109209	-0.295001563423973	-0.0719719084170316	-0.288611540702816	-0.179570929906283	0.495160095225171	0.18373389710541	-0.290313278234068	-0.417924947497355	-0.420969979062403	-0.128759526775193	-0.31498430672313	0.108097603664349	0.0463985078410053	-0.0137496157218158	0.397039520147803	-0.317796096850647	0.194429085602039	0.121750441856513	-0.236244306404256	-0.328321236180516	0.244352682355381	-0.116402842143036	-0.0221697061321526	0.0606018028009498	-0.171950021896071
tempus226_Pre	0.0442463871871064	-0.28701586142915	-0.27057898314239	-0.123357322747782	-0.075350264478436	-0.389176753008357	0.150570101900979	0.153320532473145	-0.163167510972073	-0.0425454483326057	-0.0470733182721113	-0.278857514347674	0.163180761210225	0.115309973783669	-0.140910203808939	-0.363586306550084	-0.0486789861852837	0.246068897961433	0.0880565292966833	-0.347768275904851	0.137016032372814	-0.248766579990152	-0.235991084878865	-0.119134576122446	0.089171129784878	-0.25579910503058	-0.159000528478668	-0.123299016111242	-0.348136528134467	-0.535555490888018	0.0128877780206096	-0.327277891413337	-0.225357894654697	-0.0981915564016805	-0.143088174244085	-0.0429326359619665	-0.117189406174337	-0.219247658858859	-0.225424357290368	-0.444168809258163	0.0520737950091478	-0.397335997079025	-0.0622776993452263	-0.152093294129459	-0.18539361610811	0.19191355628857	0.0668846189100389	-0.249312528873199	-0.0892160410909537	-0.215724670800588
tempus227_Pre	-0.359235708087081	-0.316831933482329	-0.344447227438211	0.0190767025741967	-0.241889363756845	-0.275614509880511	-0.0902424614593035	-0.190902632565594	-0.0443933510451121	-0.167314530324572	-0.217249479107502	-0.346864624952322	-0.141282009916713	-0.198114919537176	-0.146715856855288	-0.235795206121861	-0.255016242127006	0.0546662661793806	-0.210922550555479	-0.241606023805702	0.0850799368025536	-0.276950565966672	-0.260207025014719	-0.39129282819464	-0.172377820069833	-0.393693062582695	-0.0152235447215896	-0.151330340502512	-0.391630658248053	-0.36866901360082	-0.185975360783688	-0.459914649880625	-0.252710198572003	-0.49424189049556	-0.342896130817981	-0.36922497640562	-0.283303022342686	-0.364042491760627	-0.028805605272593	-0.359107009034315	-0.274414623292113	-0.369799901219445	-0.261346697552846	-0.366662927871513	-0.315617210629693	-0.0992131043874036	-0.0659698717276684	-0.130739647228262	-0.103696051407092	-0.166055292068819
tempus228_Pre	-0.470461993848307	-0.27457123054189	-0.465587575005483	-0.0510880792707436	0.204946702286167	-0.169178476067431	-0.313911283814515	-0.153406262814171	-0.268044201633024	-0.294572748970141	0.075133482962652	-0.205465354866132	-0.119595095592048	-0.202051615378511	-0.211131510221878	-0.0748398548127338	-0.193368251957073	-0.435592120565443	-0.479920040135912	-0.156763718325498	-0.144474070505936	-0.246379409713848	-0.339945729452717	-0.32616576059146	-0.132740053998951	-0.398926966439692	-0.30544765522404	-0.417323466644157	-0.387911886108825	-0.230078867779429	-0.392701438853004	-0.367293400774194	-0.264672136861846	-0.281448309152813	-0.189257655935119	-0.312882290806043	-0.19743830336239	-0.347973012837291	-0.0608769741231605	-0.0282037886102817	-0.00432011530152057	-0.318060487203416	-0.258515495332483	-0.289555433357163	-0.247749925258613	-0.380227866778249	0.0260933048019222	-0.384959869036961	0.0733981289666368	-0.337737173610766
tempus229_Post	-0.0297157204545423	-0.301674193084857	-0.308967502422523	0.1100492364874	-0.157610816233072	-0.20859536729461	0.127025322861322	0.467269886557295	0.457180195207121	-0.0428187583317878	-0.22135220657769	-0.137733285163366	-0.00495695209880861	-0.0126627381895445	-0.179319677971181	-0.209202545853061	0.103879291926912	0.256681051778639	0.356920157985328	-0.24867736750358	-0.167329727809109	-0.224854509447593	-0.0272008411159961	0.192905465008422	0.147740726609227	0.2872246237199	0.568653556265267	0.550610575132423	0.590105601598605	-0.385912706548747	0.0941873565466617	-0.385135175229169	-0.286438028739447	0.197467229331876	-0.071301753031333	-0.0155039062894571	0.00516157899391473	0.055259160195554	-0.280470683949978	-0.395878897477933	-0.233565304702271	-0.372682866066376	-0.0350445985844468	-0.333975478935148	-0.0741276041298595	0.437318971482848	0.159853300076554	-0.0984725060349681	-0.185623484877788	-0.0678642501147604
tempus230_Post	-0.154130099271371	-0.234735501154591	-0.105195338150987	-0.165782025523471	-0.0999138781566156	-0.310549412792267	-0.112467039308098	-0.0216470675860709	-0.0234608109138918	0.0938451823535685	-0.0332035678766148	-0.0882497705883869	0.264302240606449	0.245928849128388	-0.117204327323815	-0.258892068849063	0.309199139483421	0.681331951577827	0.435550028318489	-0.262311841010733	-0.160664106119754	-0.167847215772075	0.00639798023513638	0.058819251309302	0.184125799472048	-0.20194121392259	-0.0815081078835392	-0.198530187558609	-0.278112085150946	-0.458824091364793	-0.107390316564853	0.325990330840911	0.22591066260354	0.107521754529415	0.123428835399111	-0.110397448573249	0.111890156925954	-0.025516050451554	-0.257313378794934	-0.227717661580549	0.22213716622899	0.170931312465831	-0.0111819337554938	0.169498723973083	0.0888306233287614	-0.184884685545676	-0.1007672655539	-0.148701438949037	-0.0298925419998658	0.0858477128635085
tempus231_Post	0.151420605250826	0.359133841738669	0.00136520222919254	0.0650022717695228	0.0947256148203797	0.225211026179134	0.0345070599884656	-0.0200501172245804	0.0626170645627405	0.148548225160091	0.326307139912108	0.00824990662354394	-0.235856794747701	-0.183766219693568	0.284825913409903	0.107012124653789	0.20398914561157	-0.206180581838885	-0.189419049219584	0.281973482350289	0.228821916148705	0.265279139092997	0.110254619770698	0.279326892126181	0.163800937962582	0.268525991982535	-0.0847918966232747	0.23249857685524	0.316249074367535	0.54446117796255	0.275215817102761	-0.0769646908779419	-0.0702406060087968	0.201675704655409	0.318170103679075	0.222818332127987	0.0929702486916665	0.173446532496083	0.194366658880396	0.471532152992923	0.00315172548183867	0.148773404655879	0.0852488051336369	-0.251459015494802	-0.0306504254021216	0.0396075832626715	-0.0353328471448905	0.0115956744783327	-0.102479666478649	0.237109547720397
tempus232_Post	0.240642469494985	0.15544404449436	0.432288892240383	-0.29720894520217	-0.499033661718997	-0.00505828562261251	0.416976217832274	-0.293527207894466	-0.152967736267869	0.147778554794673	-0.164760548271977	0.411180757417203	-0.247596885194476	0.0734410542106807	0.288877046495203	-0.122382007419467	0.0695453395986428	0.169142695350342	0.314975486972899	-0.177036990154372	0.00836072115933625	-0.116656881381398	0.406460215809601	-0.167695305459762	-0.0868929656681386	0.246465881953079	-0.0194109234714504	-0.104315833853272	-0.34073145381786	0.136039762389134	0.390154075462692	0.580041565692769	0.605703366561779	0.530467169560617	0.117764859116182	0.242751356309874	-0.0306336260941206	0.0566447520793484	0.0883776089073952	0.188613175727083	0.174109153379386	0.550120135639297	0.162769824870865	0.620780263544721	0.46218831722357	0.438134163255087	0.258146173194912	0.375570424126206	0.117012508605328	0.489470955986875
tempus232_Pre	-0.0152241736665547	-0.222520513692635	-0.10128611012106	0.0604013331629137	-0.124652287482011	0.00348829121422192	-0.00607686116653594	-0.169742205432786	0.213657970546635	-0.198818900378896	0.00132913710574586	0.0430151764673547	-0.340195421445668	-0.20168509169358	-0.0280432593028548	-0.131712303345749	-0.222976554875415	-0.197783621408729	-0.10194979086775	-0.148551902053247	-0.201761190990586	-0.239128156117593	-0.218153625034316	-0.105661065281085	-0.0668131779291337	-0.294931275030321	0.126897185072392	-0.332456814943564	-0.308170908463771	-0.288132899544073	-0.0568947491351119	-0.285948097182227	-0.120556778289428	0.0888091288299888	-0.256828344337243	-0.136370480391515	-0.076181659738284	-0.236126017571545	-0.072825591655331	-0.171395987452132	-0.00981156810659881	-0.286528903439847	-0.177603953831197	0.00782597902313814	-0.109925538417731	0.104571592522429	0.177168354705144	-0.0362903075715003	-0.0175390690254336	0.124519879452974
tempus233_Post	-0.240457009357016	-0.111512093406966	-0.0820952581583754	-0.202118401284663	0.122903090877002	0.35035795122286	-0.125774446647931	-0.070232589228931	-0.602204413566299	0.0431463494601596	0.00845403926460889	0.218171849212973	0.0381463629696332	-0.143171087476461	-0.0215732091714424	0.28243093941796	0.135222179522146	-0.368331056971774	-0.285195468725018	0.218227716220512	0.228887072410828	0.179903161699525	-0.114129529978795	-0.398136153934567	0.0218061354581442	-0.372278329473571	-0.626079733241769	-0.44414223114435	-0.466699922614047	0.314431725377421	-0.215749695955928	-0.0909609844658728	0.0690141960114993	0.0719125054980153	-0.148500270489252	-0.145865017851971	-0.0840614193913755	-0.108552885676476	0.22799513965823	0.207047592473512	0.127056967147007	-0.0285599544965504	-0.0406100797273343	-0.0251238928961156	-0.021664794086958	0.0771245180413469	-0.23504815991173	0.0396048068747234	-0.113966506016783	-0.335576146076235
tempus234_Pre	-0.256898386587866	-0.234471295133448	-0.32311692849381	0.138805846109387	0.213294507037915	0.166876959785141	-0.286822811886227	-0.101970717698931	-0.254017551369371	-0.155804476413826	-0.0666056974818084	-0.288659982354388	0.0832506616668987	-0.0966935042936858	-0.272001548896505	0.353198214849932	-0.0655297031468707	0.279040340716608	0.0202533824514071	-0.128457660815364	-0.175536972873113	0.151425961666953	-0.385653636127306	-0.092804419903694	-0.299478980969125	-0.33707208340781	-0.298850114324889	-0.375360684499572	-0.294836859862689	0.0489808005204612	-0.24050816383921	-0.337453480214864	-0.277518874120646	-0.410601977845125	-0.248062692782261	-0.416261906476631	-0.202039524566376	-0.260446696366497	0.126789947910227	0.144257720630982	-0.024671803179928	-0.341549573168893	-0.22699215942379	-0.197306624478442	-0.262005267072518	-0.378383069784727	-0.0780332440129546	-0.241963886300628	0.0232494657484915	-0.249332577779733
tempus235_Pre	-0.0818495781007811	0.195246287339687	-0.336938189757486	0.139854041873218	0.332856068976261	0.13421317311448	-0.392704037819075	-0.00343083546763112	0.294592191881143	-0.154130660872769	-0.21527993180101	-0.365313264628508	0.320780454768072	0.183698461720459	-0.26567969113264	-0.207022701679017	-0.245657612394495	-0.443869527226624	-0.436943157478231	-0.0629126175882357	0.149883844656466	0.195484017882777	-0.375686446639355	0.0218680376169243	-0.158860116428066	-0.283457434655669	0.302329396516452	-0.345675821739106	0.191790362906814	0.253095957961519	-0.355251509896819	-0.353193162853185	-0.441239343098079	-0.474180865871913	-0.0314821416027788	-0.535312437590599	0.0125790365907135	-0.209458184987084	0.0556114116448089	-0.171482367779103	-0.281281904212165	-0.309996208050875	-0.195340760691423	-0.247923582347333	-0.306752166473152	-0.511976662833407	-0.0599531275246312	-0.338873103931168	0.0713250979448547	-0.358521228081556
tempus236_Post	0.283292951651089	0.091868490147177	-0.0369967941677301	-0.0131796843154088	0.170024930601224	-0.0348552578846999	0.430984028188062	0.0404148311992792	0.208394559113859	0.244904526777	0.0962775190049332	-0.00370105903998247	-0.13516554905005	-0.0673401551311892	0.205608645179262	0.213671517599541	-0.118152043545202	0.630720295647728	0.536755856590693	0.276956460308439	0.072553375110674	0.196850941945178	0.258523976579964	-0.222218507048817	0.117921930203604	-0.10651969165921	0.366084215538683	0.00220179664908574	-0.186284694291555	0.426172613265529	0.348401617484138	-0.119442310946762	0.0463087646617824	-0.22330035881648	-0.0205226198869929	-0.00807992052041558	0.192603890009611	0.201412747536994	0.199035869191194	0.290026663187516	-0.260285929580944	0.0718942450417942	0.320621108308084	-0.0388706803602086	0.0449151207711157	0.438638474757184	0.0562824307131067	0.335998873561753	0.105084172927421	0.253701090109064
tempus237_Pre	-0.0408416751136556	-0.159814222985355	-0.272740516503448	0.09288330204058	-0.112881587218419	0.188854171867264	-0.181637243551218	-0.195787024223261	-0.262564193170655	-0.171216682407083	-0.0542104812040208	-0.259310601159337	-0.225446479616458	-0.287126432945376	-0.0530570709644574	0.187654875805555	0.197058222323519	-0.316665257678998	-0.255459310860772	0.219934311740204	0.0408334604343054	0.353315883929556	-0.033895671584882	-0.141371865576605	-0.143058536608728	-0.317785833672163	-0.31672113479551	-0.189022295596716	-0.416940611455993	0.548381891626463	-0.155944519828169	-0.331283360238455	-0.410191159334266	-0.443020736839128	-0.301897783255725	-0.421342544813561	-0.158795668812935	-0.269642320163524	0.371993760715193	0.349573031030035	-0.215058936237117	0.0419009583472072	-0.00854633482604006	-0.348607797260799	-0.400262929650542	-0.148898641977402	-0.158006742939918	0.152876800384937	-0.126536827588347	0.131897590218279
tempus238_Post	-0.270966727534789	-0.175876074796269	0.17359702034607	-0.0826289244410082	-0.154100018348322	-0.140277288256481	-0.266681376801758	0.142546969514659	-0.265009188898121	-0.138297705415098	0.0880415968571324	0.148266155546222	-0.0739727185276678	-0.118387910356565	0.14065933719816	-0.26089831835914	0.291222052154571	-0.544017529986413	-0.414030239474307	-0.141441812832977	-0.349007254869793	-0.116150338849059	0.0986904855120238	0.191179293633882	0.198317392152308	0.0246502889158758	-0.338929602712702	0.153356058367242	-0.286511062123457	-0.311845620694804	-0.175778993482283	0.198540933165974	0.244045385333356	0.317954528639707	0.00075256868539747	-0.131458178164554	-0.027213563951801	-0.225031537338659	-0.0656768604633573	-0.192436719774783	0.0833067507849838	0.253602403042463	-0.131373523682656	0.202953159939801	0.228460578989253	-0.208683335783638	-0.142675044788138	-0.0889849435097375	-0.197909725499644	0.0131744221588855
tempus239_Post	0.209747337094702	0.0604691762593521	0.427854896049382	-0.342379930365604	0.0176148504387157	-0.291087888433621	0.382766643516787	-0.279796686486385	-0.445420975932317	0.107273825975832	0.172106416388678	0.218437831674725	0.322670973740926	0.328611961348445	-0.0187481820449123	0.237704560170228	-0.468672824373645	0.369492167892023	0.335841692964013	0.0651121583658685	0.287317308392941	-0.0208513763610818	0.259701390219003	-0.432371856863786	-0.170237465357864	-0.232903023815332	-0.436030742378728	-0.571218926734767	-0.486275226157945	-0.0598589465586083	0.276678176358589	0.572758677271255	0.407578019769689	-0.0528758994213742	0.0629467174958474	0.280269381520409	0.225832271322777	0.168121415956573	-0.20245467826117	0.0811720064863394	0.0284749609091468	0.491271479495712	0.257513713697556	0.556057836925309	0.357733568920052	0.303712305225163	-0.173119623471754	0.22683012621285	0.380991856382871	0.296361061895536
tempus240_Pre	-0.280116231137629	-0.308183763765109	-0.382453030929786	0.0373010886181546	-0.315392345283822	-0.473849612486467	-0.40547580422262	0.114632855079421	0.450953919676111	-0.308162194914737	-0.435320985041045	-0.163474265541793	-0.0319278524994528	-0.0341599356927554	-0.205336870501353	-0.402016357458788	-0.0248420541023155	0.205141186515222	-0.124953045513639	-0.305918101032871	-0.168764675708525	-0.316409570118762	-0.368372512578826	0.164268933714829	-0.208519185816901	-0.041774006019027	0.543876870556981	0.411631781692684	0.471141073309337	-0.442604578995347	-0.364773295458824	-0.269879846052995	-0.266532122242427	-0.173985292571137	-0.209997474099497	-0.325546352285714	-0.166317569630253	-0.0821529103725258	-0.365567151912518	-0.436403169672724	-0.190867702615214	-0.484237455679108	-0.352443579153343	-0.164391589786153	-0.0834349590961242	-0.182688344285336	0.187073841701813	-0.362530672796277	-0.0380287026759736	-0.106263942148491
tempus241_Pre	-0.404378215073471	-0.303102361057505	0.111146122043955	0.0344315504923113	0.02589755503697	-0.105020747284984	-0.499871361612317	0.176905532603944	0.211219962770281	-0.314611477307089	0.136136123563747	0.137779692147746	0.288252811896324	0.13895628869473	0.22328834611397	-0.0744744422584634	-0.0747870536123487	-0.569854086358279	-0.579196157514502	0.0698607193466769	-0.14449427888475	0.11206231460959	-0.478756971897492	0.0831462854004723	0.0198470294344144	0.0540476470654472	0.0641077794614218	0.38189326162516	0.342542144465554	-0.321063778661667	-0.52047537078162	-0.0867478369264033	0.100696720377393	0.195144923861224	-0.122647494565223	0.0265393669219057	-0.0925757663286305	-0.0660360115674462	0.0399723823557027	-0.521727970855001	-0.161852102225166	-0.366119803449619	-0.352398763692836	-0.087570150776982	0.160874808305296	-0.524376490360603	0.0201819067523348	-0.3769047595712	0.141191480269833	0.0232970678371474
tempus242_Pre	0.289205261148833	0.153930685425871	-0.182057977178508	0.103279027029591	0.396613449826165	-0.057195662157317	-0.100908397759729	-0.108919688131267	0.24314800119825	-0.183969897270327	0.239969170229615	-0.160862654995959	-0.0269667236902322	-0.069328521612287	0.0696495210272736	0.0739489160927143	-0.136754528312386	-0.183146878486476	-0.0988556724933613	0.144997906435254	0.0853671020955769	0.326905106779535	-0.176433323819133	0.178110333865962	-0.189609403139262	-0.0798446352358213	0.256288124119142	0.380230462067882	0.554209721686987	0.086045539006765	0.000444516040762039	-0.318327852785468	-0.338941652045838	-0.084399367273793	0.0404115547253218	-0.0521408192772805	-0.0183701126010405	-0.0281644592566164	0.0243904124047795	0.188333346421109	-0.0666121406148138	-0.219849801451845	-0.113745980792806	-0.373190403882903	-0.229124607261239	0.0199438132397107	0.100765137835983	-0.158341383802191	0.0705395854468805	-0.133920311616518
tempus243_Pre	-0.163213175943561	-0.0890805231991543	0.180438510465168	0.0690178261461181	-0.239544868893627	-0.348112997595695	-0.0219469692011079	0.1588606480887	0.458339263856721	-0.00354893132375375	-0.303470632302728	0.0696568115465989	-0.11159245008524	0.196259872806046	-0.0372871623701252	-0.237760540354727	0.234818657929007	-0.316032526831915	-0.0507204777578274	-0.107641872651202	0.160411060360517	-0.217482858598042	-0.00417841968981356	0.0010446162452433	0.159603584676684	0.372592253196607	0.576773289962905	0.347910436334401	-0.0620606703070126	-0.0374264196344172	-0.0145664654889835	0.0628659997165631	0.203206448093653	0.203285651093458	0.134635156544779	0.0448227669396822	-0.0464623311672882	-0.0911079668140814	-0.126430643951232	-0.249342486069161	-0.197156959536852	-0.113892829643271	0.0064025129412297	0.170535028969401	-0.0510242152458437	0.186806569125	0.204148579132232	0.139977486770732	0.00491826195308184	-0.0974362222225265
tempus244_Post	-0.210473975669048	-0.0625937563458085	-0.0489261047720957	-0.108946124804684	0.176174626924989	-0.0348163451389315	-0.146712472900723	-0.252731900583041	-0.461578785847313	-0.124728214922634	0.0808680332569908	-0.293868294075715	-0.183337554411479	-0.16670592382411	-0.0563646729290203	0.297470722857717	0.00527906844325732	-0.392432009303872	-0.347667141205672	0.225168247353918	0.0977467824109809	0.465130533836087	-0.0857806931808092	-0.315065570173505	-0.272643684889497	-0.378675064125314	-0.422417027113007	-0.487955967507989	-0.535669019946518	0.319766232174041	-0.132457912492019	-0.328682741972091	-0.357705349476865	-0.409186364442146	-0.237300484635494	-0.455754993743567	-0.166681852688649	-0.186820170206103	0.11582136317759	0.433998115263707	-0.109540989871338	-0.0924664056269209	-0.0461374586916553	-0.123754823230964	-0.317032626718976	-0.168522019039147	-0.00971076192072715	0.178042398666122	-0.0328136569272498	0.275987794032424
tempus245_Post	-0.335225008631923	-0.112193832385669	0.182849703752647	0.274260545559358	-0.0861130215019321	0.143457866596763	-0.390349992765275	0.386869914991549	0.585112967737995	-0.113716417064496	-0.183186196356734	0.221632520070725	0.0568663037329245	0.107588499771867	0.0131965315340163	-0.245809340359244	0.219907533141577	-0.5764726323551	-0.459870795680994	-0.0776852624579562	-0.0263506986335687	-0.153789754628234	-0.0183526238240625	0.352024092562725	0.136057619613405	0.38418449736085	0.617823825991741	0.613312246054634	0.459118385724412	-0.0914322163627899	-0.393139808294537	0.426964739704061	0.410382850068394	0.411408275353488	0.113961176689289	0.046185021993608	-0.102812000521038	0.176594769219097	-0.164673189838588	-0.00661273841644319	0.0999583656812624	0.258796115650342	-0.316209302291348	0.214794705825694	0.339104304700433	-0.365516025937322	0.136720891625367	-0.304581357933104	-0.255088796612501	0.175357390871641
tempus246_Post	0.318074194750878	0.0178482499553062	0.437833461484614	0.019750936950259	-0.17493915943662	0.0674205635253987	0.265474100880913	0.0343101608847046	0.182995039564104	0.254761485852128	0.189399685725969	-0.0335156026691387	-0.0527801971002661	0.171362528157507	0.296988898795685	-0.0725035146329831	0.189808479915483	0.526279457241315	0.484822305167744	0.200698479603751	0.250313181032006	-0.0956355892047527	0.309536261194368	0.0790121571734122	0.393712967676612	0.342761204738427	0.210394841931812	0.118420966170537	-0.0990309453522776	0.117435823233597	0.345114080372317	0.0534449745747418	-0.0139273460752477	-0.141831028596979	0.0955281512913643	0.0952879803887164	0.268675266037208	0.0630666315572238	-0.227050586071195	0.0427066211906768	-0.13963112005656	0.218687453625981	0.347024517086058	-0.146800204949392	0.0097924405592878	0.345400513622084	0.0607316681316627	0.198650641482515	0.214535345963051	-0.0148873119159411
tempus247_Post	0.31112486156073	0.233144733152069	0.159220066873695	-0.293555896242113	0.13309541517998	0.133768021851107	0.258078425133406	-0.182547632279338	-0.450095028698659	0.207753400000086	0.23740416409364	0.330280788405387	0.021417864313604	-0.0324005029628048	0.163903275644472	0.215868125022291	0.0417678482546374	0.0771773181144265	0.15855971436335	0.311600594677559	0.0233988386878783	0.127323615170752	0.0425461067028469	0.174693641320159	0.0985696415831176	-0.101954197881066	-0.502091095037122	-0.302033178759928	0.342934714956445	0.328080912668209	0.263255065193759	0.0930693367863712	0.197804009424599	0.198174290210413	0.0812532254596045	0.155350208848151	0.410226861001108	0.211970463069269	0.196169518572145	0.0907408769571721	-0.145984339177785	0.134729185837324	0.256683516720754	-0.0620804476755238	0.119896426541805	0.0353998201461032	-0.102765402725341	0.155810920345961	0.170532809926054	0.02256416914781
tempus248_Post	-0.140146964247905	-0.198936126404432	-0.102255804960717	0.0768629777086615	0.388089579106579	-0.192626053926968	-0.0234370030101528	0.139526259193375	0.451366963712416	-0.0491458462914942	0.224628355760943	-0.0393174877854648	0.209435016754107	0.0874413507230039	-0.00814595804766799	-0.0363411355381325	0.0239587782209159	0.52923454467001	0.321322538050107	-0.00787308175529397	-0.0151730612794736	0.0430381023609665	-0.176846002488804	0.349478466770943	-0.0850796571229854	0.233904038758273	0.478866631247269	0.485350844053782	0.508054147678888	0.293249783853757	-0.0583303624206631	-0.0976907394000994	-0.0568786996547442	-0.0464615663964541	0.0803227750715552	0.209525929745165	-0.0563073920495602	0.227149874977919	0.0172211053796168	0.414709597740445	-0.266512343570336	-0.0940907605774143	-0.00554396909939593	-0.166569812284964	-0.0778137675460428	-0.00989491959864537	-0.0289840578250059	-0.254897466649175	-0.0853806200360428	0.237886499611053
tempus249_Post	-0.412467511395556	-0.33081179160075	-0.138685001468017	-0.385461097270259	-0.0336766417259727	-0.34426704303773	-0.373185165911092	-0.0862759806512869	-0.537249441756866	-0.228062410780245	-0.217077539721133	-0.219287829676853	-0.243018031678617	-0.234720033375688	-0.284644036909644	-0.22422863574912	0.000696084302396427	-0.472139046244523	-0.441655862429598	-0.154956820582417	-0.209628477185916	0.0143921691223734	-0.205602831222459	-0.226933173180535	-0.315270341554956	-0.296553253398301	-0.580460385455058	-0.198570804270348	-0.339942265066582	-0.316650372937422	-0.316198833000585	0.0627929942854633	-0.13574315782259	-0.21652809419426	-0.328841310873766	-0.362713208952324	-0.350521370387971	-0.177520204815117	-0.0943994921976087	-0.154953939080116	-0.0659300989718674	0.0012800261503968	-0.246725957824357	0.170006037701976	-0.0512456268269822	-0.192737187667561	-0.0858317054625111	-0.0827071042237866	-0.0468308943474774	0.240723897054387
tempus250_Pre	-0.111235776060762	0.000500434517172382	-0.318210450980966	-0.140408658646111	0.367862035751331	0.189651730323338	0.138297572343918	-0.0739269983842204	-0.390886072132991	-0.0326888031904977	0.140089613215692	-0.350664855119497	-0.146798957225894	-0.054321412058316	-0.216866913396465	0.312662948092389	-0.327923904180681	0.413616790805475	0.26520369277829	0.169440680998953	0.136598006386403	0.295105070295707	0.0258536601392334	-0.180718686314794	-0.0718749903103443	-0.332443054339375	-0.371281810676321	-0.410235942490102	-0.22087487032728	0.416719848022707	0.235772455690925	-0.280455881672707	-0.396514149837628	-0.483009992784975	-0.0725043726899509	-0.200949370417142	-0.0110242191753151	-0.21209031288468	0.134925363420274	0.284233270597109	0.321994362398253	-0.0616383707796548	0.0369959204730894	-0.346151034324027	-0.379762903247693	0.229508047300058	-0.18904875940271	0.0534171723769052	0.0762654882585686	-0.43856314530408
tempus251_Post	-0.230963707582887	-0.218233738385589	-0.276849062910806	0.272276936226067	0.369127536408456	0.0569022664404732	-0.200431051230617	-0.272982526926051	0.0382441154607486	-0.137373110764218	0.154943271838951	-0.30121108003619	-0.2659700866816	-0.217401869149317	-0.260999963146168	0.450961225113195	-0.278627164221135	-0.412800669806577	-0.328743915394393	0.354187074966882	-0.00094847233335188	0.345975999423014	-0.157903017122057	-0.313528815209234	-0.307481540204441	-0.453591475396224	-0.0723610333528511	-0.292235522037186	-0.245344388331722	0.438066613855489	-0.213152216469032	-0.413273995393715	-0.389080012157586	-0.48863138849464	-0.395113034583102	-0.389607081249536	-0.124260295816333	-0.197449229354172	0.272871173778266	0.417578754854197	-0.0780181251242888	0.0581574105491356	-0.0618267553707631	-0.304535592802345	-0.37359423865412	-0.230005006955553	0.0314087862554149	0.129723452788631	0.0859425462964772	0.0908925032713534
tempus252_Post	-0.3179058854502	-0.0191852484226085	0.0360510267344694	0.150888673669882	-0.0125211392355955	-0.192364257826983	-0.422841565051067	0.395796514000431	0.511346261175998	-0.279456711315227	-0.287647330391154	0.166115809308365	-0.188059673032962	0.042062262700449	-0.122846813651537	-0.328368265547282	0.0812033855340718	-0.254401357358859	-0.378284214458761	-0.267506360088119	-0.331528046935107	-0.0160732849389232	-0.371105079965701	0.237255876958155	0.182093399447	0.319338097726101	0.572108339029672	0.442799274813896	0.480823353354301	-0.530202196871127	-0.475458439114933	-0.102037444993914	0.11806187101328	0.394033713008975	0.249373453565229	0.0705709910377717	0.0632310875699336	0.10624890094576	-0.284233091895714	-0.202621615640833	0.0921721949328994	-0.446523969383643	-0.347931453613758	-0.0821016503396462	0.168206326352233	-0.492644342386371	0.182221119283864	-0.325668664102653	-0.0812172067383807	-0.079068975861742
tempus253_Pre	0.753395281326191	0.5382976052046	0.0442570897087131	0.0086321337882499	0.229286375945057	0.626225639675753	0.483831194230026	-0.316252390907696	-0.361304148855094	0.411126650033406	0.238689469961252	-0.31501084148441	0.0310007272745359	-0.0571282897889487	0.361996750833106	0.312860628203341	0.0269832036804184	-0.0480126044859375	0.291977813828487	0.366080312736361	0.166602560721755	0.334215147537431	0.326822586558825	0.246150911130526	0.155217389573923	0.163105117631391	-0.538860503908099	-0.267542233556331	-0.0764888001557094	0.599231056059605	0.550948295941697	-0.103021676937598	-0.392359544329573	-0.539288047524587	0.0571794617405177	0.0332662570314144	0.269827747724735	0.23876383596159	0.420748369334208	0.552477400736822	0.391359333241605	0.268001780998311	0.440466924597572	-0.316358021725202	-0.383168214808463	0.413222913499613	-0.141523252672868	0.402016298860042	0.137800477105976	0.00375256498447873
tempus254_Pre	0.268908579951627	0.0952164908365252	-0.369103155570356	-0.02290752731935	-0.131688293364702	0.153017026132561	-0.069798319750337	-0.183338272704706	-0.373323433532638	-0.0317092623064881	0.0981956880527859	-0.369091250437149	0.209801992418754	-0.0303620782350532	-0.223887467941945	-0.102303616952067	0.042285263041095	-0.313105014539214	-0.219373260138235	0.0602903766166448	0.0984338967286863	-0.0782872399009325	-0.197227943394985	-0.0145273412253363	-0.230367054095295	-0.352018595509456	-0.367305434479253	-0.319773796951689	-0.400406524251186	0.3425788805414	-0.064148646197624	-0.361293198106808	-0.389873121925033	-0.556766205155625	-0.229379425517653	-0.416296481758986	0.10384016811729	-0.185552446502849	0.149906135358772	0.185615525331507	-0.146245947070572	-0.149777755798819	-0.041902479707442	-0.303601935518186	-0.337432711016128	-0.138363290024073	-0.119953561067148	0.131942450278971	0.00316131345532844	-0.033920130460157
tempus255_Pre	0.0223225830933458	0.365931695232736	0.0422212578105019	-0.132225458197746	0.109615245393002	0.0267443285662063	-0.178658547287708	0.217896267626903	0.101826483030289	-0.0695524850512029	0.0799198524360512	0.0528899582049561	0.201333017873073	0.139988482212923	0.0453968002918992	0.00887464141368602	0.105936751159008	0.200575700328443	-0.02916072386609	0.0873852148748279	0.150737567909912	-0.01328769000171	-0.0821883007941307	0.31195396571726	-0.0361113516663525	0.318355096207251	0.184739790748112	0.433977882809338	0.543186833646628	0.536206367569025	-0.141858050749981	-0.0719062223397215	-0.0886830017542174	0.266034070229131	0.358873443661115	0.0225461452977112	-0.0704037880565778	0.12583703784943	0.0126043815440344	0.368127621438825	-0.222417322665178	0.160579162018664	-0.144714233482473	-0.149757419285213	0.0663032296951255	-0.300414997580834	-0.0924759510507829	-0.292455061199228	-0.0801723060998523	-0.0321643286739349
tempus256_Pre	-0.0717865262773101	-0.294059548463352	-0.41201663768876	-0.035835186524828	-0.0328904009496732	-0.00731668904851523	0.212813166143492	-0.334520967562837	-0.166100327683362	0.0230576793765767	0.121921530916931	-0.335655945204256	0.0784810354387478	-0.0532227172341322	-0.0674882393730008	-0.271283043866123	-0.0337556530867047	0.452914997848274	0.39700087386083	-0.174340469709388	0.0626610406470436	-0.290559367799682	0.0430985307941774	-0.108829692133573	0.0414302487622508	-0.252931485746704	-0.400028400410679	-0.439609502250589	-0.539414140725914	-0.286432282075271	0.156503512839703	-0.365486393324857	-0.294265824155498	-0.533235708001103	-0.192774321775992	-0.393929333715874	0.0984751899674237	-0.213175262934687	-0.0947841185319319	-0.406725647586203	-0.134041044087542	-0.399074382855304	0.0424363512542771	-0.198675152455894	-0.178630405947743	0.341525386867188	0.0231393809027474	0.0165171658588856	-0.0920034634224534	-0.260911001774136
tempus257_Pre	-0.250289835741591	-0.0978456193096958	-0.0303635851314955	0.098175379233285	-0.086910897881685	-0.301875723386346	-0.237984525657525	0.244385697248786	0.473425083490877	-0.175028985914095	-0.0148993576254325	0.274826326865563	0.207747441019057	0.223153839278334	-0.0181857876376894	-0.10021342866712	-0.322118454483975	-0.299786849842689	-0.271678001096927	-0.201354037876488	-0.063802054445773	0.10962547815601	0.0208420595855029	0.260510764208884	0.0130124899933463	0.25564729791818	0.56180698143641	0.531237647275125	0.574792997160568	-0.18763702400646	-0.316176362910075	0.494075451379936	0.404318224676207	0.442931794939376	0.174891069084683	0.422250059600975	-0.229049407064405	0.296942190236029	-0.335822688001624	-0.0573798585893394	-0.123708406407171	0.354743053790911	-0.145497851001229	0.434332523354921	0.375467905252774	-0.0334890664726895	0.123365912660465	-0.143065599419847	0.112538520110716	0.187819869973977
tempus258_Pre	0.340826504434485	0.20103967444469	0.049978883753146	-0.0994540072486216	0.129379436727945	0.223263428198873	0.2169730253715	-0.392441639532893	-0.530314731474223	0.0799648942427263	0.103712878051819	0.384714807774988	-0.242136447015484	-0.232507455531876	-0.131736162528021	0.405526689111555	-0.244169876757312	0.346194328560882	0.289495889618425	0.20917783424474	0.176426315409544	0.287616637421962	0.124225083254624	-0.318743784867323	-0.0981959704258726	-0.33899303358624	-0.575742508408379	-0.572725871150969	-0.53624026394024	0.399176515486213	0.228926280300719	-0.0744277767036262	0.128457750383076	-0.218348738145778	-0.146768828683599	-0.0959622925325309	-0.0120728453964654	-0.0546132273510162	0.392872279172165	0.302160420261824	0.138482308847847	0.111304283532888	0.162492429369381	0.0730994675708143	-0.0799549024805413	-0.127871682238173	-0.14090492309872	0.287867740424575	0.169439138626315	-0.100169683830042
tempus259_Pre	0.304604672705255	0.109911970039998	-0.0773623115316247	-0.213923580619091	0.241069522732788	0.11296340009919	0.1185818134092	-0.214984416123388	-0.321554019722312	0.245048692841498	-0.0594375713844739	-0.0356445495351611	0.249513379449871	0.169498151562372	0.0606039146910775	0.199603791941889	-0.239927737195692	0.219748761497174	0.122026318193443	0.0417071208440322	0.241022727215804	0.391495317897933	0.109349832825377	-0.251241043396514	-0.127947784703748	-0.21338079466648	-0.272685785652842	-0.299364629426138	-0.435711144546155	-0.1347924609096	0.239037504640041	-0.00838831234858013	-0.168193889653407	-0.206564167179164	-0.086309460361758	-0.0325059387150753	0.144043690376759	0.179974651140212	0.152341225485749	0.181002164794136	0.276087685493137	0.0736305476936944	0.113256931827288	-0.0737242733939251	-0.140273902345935	-0.0749126721504243	-0.0508630178630863	0.149868393084464	0.144950452659756	0.30122895237023
tempus260_Post	-0.407565232355452	-0.309741445350653	-0.0853147031342438	0.00116950079179096	-0.296282616408716	0.0300758867455523	-0.444656251529637	0.208196426156658	0.132464129528749	-0.216034840154504	-0.437058841825361	-0.0341200584157199	-0.234696168225192	-0.120391943982972	-0.0397973022977725	-0.257181574042986	0.454479939605037	-0.403435101247951	-0.462482838805417	-0.175943208415061	-0.25459498206346	-0.103276562024646	-0.285673319800099	0.00848409453857821	0.13377809450729	0.179329152914819	0.148241437932507	0.158013017381919	-0.225752776423768	-0.445709445854774	-0.399175748278869	-0.258717200583299	-0.044077976010226	0.306442296933743	-0.13732128346258	-0.332648271640932	-0.206435401283965	-0.0733247519214847	-0.213016236088436	-0.290808584804847	0.196962936047521	-0.314546657044373	-0.332569076287356	0.109519181804685	0.151296819390314	-0.453407178883605	0.207769259535015	-0.337490641800647	-0.0968626016903958	-0.0938389060097525
tempus261_Post	-0.461105807095628	-0.131652830469481	0.111649699340556	-0.144977187280819	-0.313490266457935	-0.312880299999776	-0.282053135487786	-0.00830459153540411	0.307509641773928	-0.16114262697534	-0.0403414021817292	0.32902075555952	0.0756219377697937	0.16863769944945	-0.00221045742642793	-0.143649513865187	0.00418231196745003	-0.334199166067619	-0.397158718046262	-0.280467079246255	-0.0856615976771539	-0.339274861008312	-0.0382959686140639	-0.025674152225682	0.0758790180682314	0.0351035608355607	0.367496907882639	-0.0839407173636259	-0.105532243642296	-0.403967375670481	-0.3310881410325	0.522262037159726	0.454826897702835	0.416001922022698	0.215874106072217	0.138788469345212	-0.220390527047611	-0.126502135896479	-0.263993718375793	-0.295144451295494	-0.0717408032187761	0.402770174589022	-0.251893750523424	0.525066870814742	0.312563767818879	-0.336973458686967	0.0498598595761938	-0.160432220781682	-0.0545698662595427	0.0272182771499204
tempus262_Post	-0.50565856099566	-0.394867770343308	-0.3087085267005	-0.249334134852108	-0.170541085586198	-0.521782454093957	-0.460394203115857	0.226031620275536	0.129361473809452	-0.39820689899628	-0.122259191596432	-0.110850776496718	0.036416576146369	0.0847159384496928	-0.302885743968041	-0.394128582527005	-0.195693861985613	-0.518478795440067	-0.488620068434089	-0.439195303223469	-0.249840632291898	-0.331902914309466	-0.344107490843845	-0.128404954422518	0.0454883364705312	-0.183544334637156	0.1861361816758	-0.313026175623917	-0.141611473999095	-0.603941887587359	-0.474759799167985	-0.293345866424347	-0.128072609253187	0.0586260289152356	-0.131989665870158	-0.165682794535431	-0.302940433131513	-0.111247353964535	-0.407604221133412	-0.313040716833821	0.482924918219411	-0.387160603783785	-0.38223580484347	-0.248634746668701	-0.18658649241999	-0.471878737323622	0.0326447526827793	-0.356672323038642	0.0143971784364703	-0.152019268740556
tempus263_Post	0.082100846405153	-0.0702857606771905	0.408272499619825	-0.231276155098869	-0.160850360515064	-0.245083647355261	0.234036500516017	-0.202956784914649	-0.0170664754475505	-0.00374941548780744	0.179457570211398	-0.0291240116898063	-0.2879877659742	-0.127530465884268	-0.0229744942300977	-0.148966775793029	-0.215272289015104	0.532175495845533	0.381111245133133	-0.165615793430207	0.151688601256912	-0.175615795523109	0.18677660846598	-0.400219570307659	0.0173543935086172	-0.0964657119295498	-0.0788623652372536	-0.387739971953421	-0.132885062689124	-0.120085625185264	0.260987331682454	0.493345082934357	0.398068929417201	0.0889215827970452	0.0153980633669386	0.0966738663133329	0.143215543145279	0.14959144813047	-0.0126027541758595	-0.144000105827574	0.0259500555629105	0.387676523805246	0.0913322753706982	0.460952866581035	0.3758218228208	0.0874211442772986	0.00820874446233991	0.142257151350363	0.215475401584173	0.17415484031488
tempus264_Post	0.0311321118593336	0.0635979315840499	-0.235316027111596	-0.0390072411351494	-0.00643784297731476	0.21220730291545	-0.291783891503607	0.222832868730458	0.340712736872111	-0.0712284151576665	0.111491033316369	-0.0828021105791553	0.239519072863048	0.220005082878325	-0.167663434939506	-0.0967562907477585	-0.352441527645616	0.200512973653573	-0.0619255702683491	0.0206412151839493	-0.132941269212224	-0.119196621318461	-0.186868139711809	0.0531564113640431	-0.0549686787413927	0.0396996926388422	0.395234200613714	0.160866601667622	0.312698483507338	0.0514321540042964	-0.171991848846702	0.118822630246858	-0.20791214859013	-0.142656176698056	0.130342491478957	-0.0348043740661233	0.0495678414525493	-0.0305925452354131	-0.252148228005327	-0.131062093591998	-0.0990889073400085	0.130851663876298	-0.255323366697615	-0.095294833879608	0.0239818492930466	-0.306822352791044	0.0542907434094886	-0.290969787350735	-0.00486314488305228	0.114553832678512
tempus265_Pre	0.389000799609627	0.238135571769972	-0.0470152139820446	-0.246442913319098	-0.316960653406115	-0.403230154236183	0.355190721293845	-0.152681152785035	-0.423070455523747	-0.0601625088693656	-0.168591945236923	-0.160694978521326	-0.138085271617605	-0.213282582450763	-0.119014631929805	-0.298232194724907	0.177416102061889	0.437331990110693	0.42254261819334	-0.129802796231512	-0.0954513626604644	-0.174262149073519	0.311812154248259	-0.112615990770435	0.247171853854354	0.154214651004602	-0.390741583981885	-0.320293315611709	-0.263048522792864	-0.45314541529114	0.394737394182068	0.00143426977223424	-0.0323193571479166	-0.0475275393809789	0.137641953721198	0.265834247108993	0.22700446636674	0.0851653427491044	-0.325486830272255	-0.252059049698277	0.213382435380669	-0.113060872879213	0.016379000202782	-0.10270148796074	0.00312072890716233	0.193349650667147	0.0262493740765483	0.0822407945096714	0.0576728505145533	-0.00144679579574833
tempus266_Post	-0.464405579808024	-0.324799756829972	-0.31132336563189	-0.0209340558034113	-0.259945124229877	-0.0744330401683795	-0.43594032714173	0.0419861401344458	0.144256604490541	-0.292280072918215	-0.119439524464551	-0.212132117023279	0.106667229998466	-0.084225587036778	-0.17003051719547	-0.325480249156942	0.241961702246327	0.124405172379927	-0.239318397591573	-0.345329819696191	-0.132721805165321	-0.391149916035798	-0.101739197300586	0.0217361419401442	-0.154800435637038	-0.219608209247894	0.206557849674858	0.251384757728637	0.131885992689834	-0.37547189198389	-0.354911482242395	-0.242179745969642	-0.221820901484408	-0.119322095282211	-0.156603713248784	-0.407212848589164	-0.369389373128109	-0.285472371277312	-0.00887221821090242	-0.351131196433505	-0.054526871425567	-0.211313078664985	-0.315629697759348	-0.0876007239579188	-0.134155019556999	-0.298477141301364	0.117007012606474	-0.239363705315012	-0.142215324024883	-0.0114255030492544
tempus267_Post	0.0587316511366117	-0.272968873882465	-0.17353446138483	-0.168376894845574	-0.272034552058311	0.0704012780126663	0.010994666942184	0.257940000118821	0.0352360207707693	-0.0303319385596331	-0.229138551509313	-0.0982120499766663	0.210678575110089	0.127186266737901	0.0418081469808692	-0.227188299150413	-0.159438680640855	0.659208409917992	0.428537811810465	-0.249819484734822	-0.181946153694801	-0.31606113873776	-0.202108798237481	0.190794025579895	0.0800470915650913	-0.201299955731734	0.137084167268877	0.121685929345429	0.164620282743079	-0.490094068562246	-0.0536540961011844	-0.298617901957146	-0.242419656743915	-0.205759872234603	-0.217828400687703	-0.417137206175241	-0.0844159765108692	-0.00704203689977911	-0.172774183344201	-0.451893597495107	-0.116835999208328	-0.439117650758416	-0.0664595915688139	-0.0789688312770459	-0.0453833752499541	0.149502709465733	0.0410121044028322	-0.180960351065605	0.133869754101069	-0.195874999018193
tempus268_Post	0.0320935070773045	-0.0610883332526392	-0.215862312822657	-0.324013144135823	0.0882706568093917	0.200716720679491	-0.120933943731966	-0.289834101246049	-0.584212965510621	-0.163000644773543	0.16316881821165	-0.365729639698813	0.146535303804709	0.0716239923779168	-0.251672970647059	0.308850236817853	-0.0266235793095309	-0.168961537122619	-0.227375095180675	0.225401372001671	0.234913642187497	0.232828507151694	-0.219952926596199	-0.333489161437917	-0.237551399317389	-0.484283041772103	-0.670990895266028	-0.558772439079596	-0.428701798753563	0.480023414105901	-0.191745105327314	-0.324944740019465	-0.35831227020937	-0.561735157497809	-0.202679013559443	-0.317040336502849	-0.0307120645022819	-0.290665648950244	0.333642065013519	0.246657770878923	-0.277807982015087	-0.0280012098483592	-0.045496029142446	-0.222430642147245	-0.352271705366756	-0.316340389739662	-0.085919910141624	-0.0083853176952494	0.159374233179515	0.0585069488129535
tempus268_Pre	0.167326851540443	-0.05834092090172	-0.203219767988795	-0.0824753708849985	-0.00768494593073346	0.147487163559594	0.166755270824035	-0.348041673265254	-0.484816692280373	1.85982539276097e-05	-0.123726522911947	-0.15637851112157	-0.102918490878511	-0.143823298576211	0.0237682650062319	-0.0176388871005713	0.22084375515476	0.14024394827221	0.258616291435724	-0.0734103395814153	-0.0435372387331028	0.20695219866915	0.10790560379653	-0.266332627524531	-0.0844749253903571	-0.247019449387632	-0.504066167104944	-0.407261774091477	-0.514325961547188	-0.348446013180088	0.206213851976515	-0.155731941004733	-0.0693164809953913	-0.415094915782665	-0.319879932151697	-0.183691163992273	-0.103259611181687	-0.276145968124517	0.230558711091133	-0.222844651324182	0.0767297068714213	-0.221900380246277	0.12500097731159	-0.091293257521846	-0.193652509538356	0.179587445193228	-0.117096508470864	0.255978204119651	-0.112205658615637	-0.105720432045439
tempus269_Post	-0.322857313257614	-0.167215583108156	-0.066906835599031	0.299154919829629	0.278778269283017	0.148448946762371	-0.35408832374984	0.222770662063695	0.339176218665145	0.082342499222138	0.304017723610255	-0.0764439791695787	0.483319117602571	0.377574177063266	-0.222424220727949	0.111257556723223	-0.00238129741863566	-0.408440983446731	-0.445226408088406	0.103222491744223	0.0487299060594618	-0.135834711877317	-0.255786789399442	-0.261082640960812	-0.0331895707673159	-0.228952700778865	0.372262980412129	0.0561520511705975	-0.171330858680264	-0.0803957084964752	-0.243429756213106	-0.31794104179388	-0.167511855233114	-0.0260137472020579	-0.13376947909076	-0.00640066364930006	-0.112746292114326	-0.0399044763525493	0.0308514140273756	0.0249735943896394	-0.0671800284229228	-0.162147999402129	-0.189548922821091	-0.180848697317446	-0.110783426959845	-0.384354673695743	-0.0483140576662551	-0.236692798149412	-0.0255554586680103	-0.151704137162088
tempus270_Post	-0.1466132774664	0.319166612319924	-0.0560548455071864	-0.0110837242659229	0.206069771504989	0.43250514626003	-0.321873184020806	-0.0805669819292681	-0.219558041255601	-0.0301951147474051	0.019298522449727	-0.326403073367957	-0.282310491353909	-0.213935609176901	0.0598961109800397	0.411974840741009	0.00346165754993795	-0.616908122914162	-0.533176942290784	0.139634990578637	-0.10205644297938	0.205823688873248	-0.309969266630885	0.0333468931060231	-0.175176804674797	0.0146396829481617	-0.136490642508492	-0.0814486780586999	-0.0983266586435138	0.394456060420879	-0.348619116674816	-0.295795005039039	-0.352134376615963	-0.250157838880689	0.179242192415546	-0.315840015734102	0.00204812773497334	-0.0936518387162842	0.199316641887322	0.348726643679548	-0.208011698092846	-0.188984500920856	-0.202831122550076	-0.316164883783938	-0.187223247413232	-0.452991843695322	0.0312365815595922	-0.116139005005449	-0.0529508229743874	-0.257846645891444
tempus270_Pre	0.453548979473438	-0.143789918001099	-0.443578899310119	-0.086904478871051	0.256463023696506	0.248960841466244	0.490236969601436	-0.348503243431347	-0.396618410941897	0.0907759296996211	-0.0804520970052026	-0.474590506201323	-0.404697570634009	-0.426817389674284	-0.271712814857918	-0.152148543295858	-0.368111799567959	0.470529943125742	0.527557029629403	0.0457601139711376	0.0316289724211817	0.0121817529494312	0.219206199636774	-0.329510406651859	-0.0222602014232846	-0.481199531761457	-0.448920688718132	-0.444071885188797	-0.450974740374922	0.103674662080575	0.424626750678312	-0.346345895573664	-0.480602036476561	-0.600347042457147	-0.461940467259875	-0.273872179070574	0.0403536197384295	-0.258440750907652	0.0738719000697681	-0.179593557168778	-0.218326675388094	-0.174311948053274	0.345077528552759	-0.316181424035307	-0.435655698183789	0.579042160606834	-0.126369146233014	0.347704687958011	0.124668107066716	-0.268668058456431
tempus271_Pre	0.0307829386310625	-0.149174169336477	-0.175932083471091	-0.13030939405532	0.0894172583584717	-0.227816805624542	-0.163950286149372	0.278881289731583	0.28850470064566	-0.123393743610914	-0.30537713685366	-0.07075912833947	0.373704564362996	0.256689624702704	-0.142887436842511	0.34665139947166	-0.048486283792501	-0.429019003526004	-0.373732109943735	-0.238845423148158	-0.17765668666875	-0.403271261330028	-0.314172774054011	0.367236092719851	0.0996277546257722	0.221143596995586	0.404947733717893	0.503818280792085	0.612471223980068	-0.33603985118985	-0.159627869906796	-0.172688817750776	0.0998517572028044	0.269945731870368	0.0361793346455243	0.221707374906259	0.0347975507486801	0.159498285911534	-0.218644671947485	-0.340203644172909	-0.17228994787229	-0.351637334328375	-0.213858740851561	-0.26596269319799	-0.0365982994698236	-0.348107423349572	-0.0680450670933043	-0.313099163485931	-0.0671648669223634	-0.380688594564174
tempus272_Post	0.337860685055297	0.140327708622279	0.305051957926434	0.130260477167553	0.151597877673569	-0.189781821763391	0.391455087136116	-0.296425156315766	0.119747455211393	0.123070966688162	0.164302033607304	0.068147042020735	0.188965341720631	0.247318779014063	0.0437888178289843	0.165377630956455	-0.149575655563021	-0.0210209624682391	0.149838616957987	0.245347693780232	-0.0580701058556889	0.351556321099781	0.293389279335309	0.202778351386532	-0.145421016706017	0.25499984777105	0.0870529104325081	-0.105697480387016	0.196159762581414	0.41541831494895	0.309435995013648	0.402962735638888	0.242782817075099	-0.158669583200218	0.101299913744544	0.0430641049286628	0.171557538709228	0.127327958461715	0.0434981811009183	0.519013084926369	-0.14452630044397	0.45386671297776	0.311352086883947	0.229760497153018	0.0475875115090051	0.401417382218948	-0.0126647486417043	0.351391059380338	-0.00266725997149761	0.377037228067486
tempus273_Post	-0.181914302867457	0.0902306822279867	0.105039573257291	-0.0262073923299479	-0.160000299836037	0.136777232180948	-0.322229884740049	0.246636495026996	0.0899781152225226	-0.272716320131978	-0.158962817311689	0.00945895335464117	0.0366166903541727	0.0442170834063163	0.0257414830790925	0.00527210847188744	0.0175439249566441	0.228445534167631	-0.060002117488119	0.0177218946657426	0.011184654496529	0.202502023210446	-0.323995972425581	0.0236458609598391	0.123875262420858	0.162231535929407	0.0421979889945886	0.0096752949652287	0.0325604999799044	-0.452644727382659	-0.270584223057538	-0.139328349291809	-0.114259528050802	0.00127573901814235	0.101353689290611	-0.118759053909168	0.0496024960261787	0.0955954632942771	-0.282098967852686	-0.293873052146115	-0.0433849120488647	-0.325343189102678	-0.343933800210593	-0.21579927206769	-0.109985021552509	-0.416967224503832	0.108003723900497	-0.360494702449277	0.232695928716461	0.120026227974507
tempus274_Pre	0.378768411993308	0.357613611889886	0.349591490615948	0.00832507122415604	0.0893186627831524	0.283440767970047	0.178034212688779	-0.131390003334545	0.172720061992767	0.111960752131019	0.20607008880163	0.342258706253239	0.122081076436952	0.111297836420596	0.342112548186218	0.131623773684897	-0.244789188528709	-0.502457245092619	-0.270877081188113	0.220914061263693	0.182182731316179	0.305986651003292	-0.0417018795021633	0.00374722671768998	0.0259289978294553	0.274403422859371	0.213889161626728	0.323112975029961	0.476948396134619	0.391896818571461	0.168982466413733	0.117046339439624	0.16519804662303	0.102735911480415	0.228931737330949	0.214101842041408	0.0403010179543657	0.115814131350062	0.0562164059801205	0.363424614860724	-0.134162121285521	0.0716701494947885	0.213639491298372	-0.0137526124207487	0.0428169827250139	0.00600605926646658	-0.00908314903827395	0.0842479508427122	0.111401453027034	-0.000880433169297451
tempus275_Post	-0.199852956042567	-0.102499952370809	-0.0774523192408509	-0.0731455645766968	-0.411754955397592	-0.0474684879516037	-0.25160321229436	0.231879652444805	-0.0954125757090167	0.0250321523994816	-0.43129980904326	-0.00806691552549901	0.139165352197625	0.135812887710917	-0.0369309889433199	-0.174023370575596	0.380374971446311	0.491440431179674	0.278054562218305	-0.140976633668094	-0.295336055643766	-0.315307232807433	-0.00813248327973519	0.261355582386624	0.138189427505777	0.300275202788502	0.0950726586047136	0.354750427949743	0.111471998784143	-0.236831633930924	-0.0516495703705168	-0.192903460962634	-0.0493107267371568	0.273758545072587	0.11253451257532	0.0167937664435528	-0.156509689356671	0.0402381839108837	-0.200253909823852	-0.270033965839681	0.0535645141087097	-0.239129796672511	-0.229980036444436	-0.17735258080456	-0.104205562981796	-0.0590024420716046	0.127641066106688	-0.236434588139797	-0.258672705746634	-0.0387105291757611
tempus276_Post	-0.284469588713994	-0.0480014285167855	-0.387471358541382	0.132850735324503	0.195709850365709	0.137549801065952	-0.305021970919695	0.0597375638769778	0.277800072932324	-0.0357441603707463	-0.0791950388616791	-0.324558043873899	-0.258979228712722	-0.278678876472296	-0.40441618896876	0.298486707973899	-0.336798359940627	0.254472411236397	-0.135876898476841	0.282215554377997	-0.201370360443546	0.447701204158758	-0.171685340200068	-0.230105344232135	-0.124202739773336	-0.294851972217539	0.299257254583634	-0.0885269266781655	0.0274695346089634	0.415809298337109	-0.263480065365247	-0.295761017369233	-0.32934710624919	-0.322042827778142	-0.148357890385842	-0.38730315030201	-0.0578981553453628	0.00423542668382237	0.0497522646964499	0.437968988816887	-0.0613464163599404	0.182877520137482	-0.195236976499196	-0.374547796652843	-0.276946568416686	-0.304489639462636	0.0883945040548408	-0.0750090147843111	-0.0119379978186333	0.138927404104199
tempus276_Pre	0.422202478335401	0.248734564606172	0.144855152060301	-0.171308904098964	0.316042831049374	0.304576207429731	0.209923127893382	-0.421000252221928	-0.556263520667151	0.199244948755728	0.10972872517208	-0.000996261948568583	0.0766762827424916	-0.0280429407511871	0.127282093738088	0.387763707315866	-0.2077032650799	-0.250486570039535	-0.002401499114878	0.296389107959888	0.139635571636606	0.449718437966939	0.16664090146294	-0.356189296966738	-0.248698654645461	-0.443087320186913	-0.648967427941945	-0.565481510705881	-0.574819342734838	0.522286620480236	0.275043744968119	-0.145570304693446	-0.155122291171635	-0.437866923577567	-0.273795808911564	-0.163496630988642	0.0964629290181888	-0.035663654810473	0.485351039990929	0.249325945071475	-0.0173312465340066	0.179830943283565	0.271452384457722	-0.0297152112418586	-0.106739842815304	0.186743308341797	-0.0423838873223248	0.345633167564678	0.25156527703386	0.338603410369894
tempus277_Pre	-0.0989566968396735	0.045735166735686	0.363661261791066	-0.324372516129719	-0.0396379396574079	-0.279488463629544	0.116970905177668	-0.376785964861043	-0.419391864363217	-0.147334755487146	0.0655133948902897	0.177152131052018	0.0119280685689922	0.123427459294977	-0.0668656806035523	0.0126650869898658	-0.466891441728982	-0.422343208802239	-0.280291226562942	-0.156176654171922	0.000771835416466665	-0.0115356986753134	0.110850738759883	-0.491812994655091	-0.311355414338763	-0.220692795408511	-0.504313445806302	-0.579942236738321	-0.557625875040095	-0.379900755869821	0.0804946124561096	0.57623626738785	0.428917541603932	-0.0456679339693545	-0.0632591423403099	0.101296340937798	-0.0924495232627705	-0.0586584115916176	-0.151537275789437	-0.301024113834472	0.0867081232213665	0.369296742061469	0.0114925914339547	0.56474146281909	0.269711030957733	-0.0281530070284719	-0.0453700914278641	0.15903364398059	0.307291115577294	0.418053301764003
tempus278_Post	0.35735264405766	0.274890106058772	-0.223499255729456	-0.0719741089101251	0.319046810067142	0.265825236858392	0.437505164026398	0.231900368941557	0.001784298754961	0.00253120021921818	0.247702402861396	0.0314200883246409	-0.257820516586276	-0.167246413537362	0.0968646989984024	0.112836401196507	0.0421221199173268	0.109720478517395	0.310234853085985	0.176946689646335	0.0905912274915217	0.125670189771736	0.127238146013368	0.227841913553025	0.0523556804683444	0.417086541841262	0.242479569525304	0.285236675556494	0.356526177982367	0.289216901327825	0.31814395875413	0.0971726952666075	-0.0812179339555923	0.0881696520208396	0.199674114876604	0.398141694315512	0.168224478718498	0.277865355321018	-0.193872756523056	0.131693327079974	0.0198236425232197	-0.0265777940709395	0.123997033931252	-0.0338810158420434	-0.0454201607398195	0.343012780580954	0.0751843835526828	0.161549078467965	0.137543646076592	-0.101319099239645
tempus279_Pre	0.121804203518881	-0.0856034588569116	-0.108465025116155	0.0381782953578312	0.345621091248561	0.0795783613806203	-0.0187439896653911	-0.204535164466527	-0.240228607809066	-0.0758959779297616	0.41795512544194	-0.160841477001269	0.0643200904881647	-0.0657239051171974	-0.183555513301166	0.333618801124296	-0.492182832144407	-0.542689309125664	-0.43728488573035	0.294608938321089	0.187466188344589	0.279769917548458	-0.293793396287609	-0.324439782042051	-0.194625036523823	-0.402689737410358	-0.360625924323024	-0.427989808260253	-0.0638795608820983	0.153896696038905	-0.107653767046939	-0.208837711082606	-0.199842214472556	-0.475406919573792	-0.134636046995739	-0.145845641046271	0.0570201874630667	-0.221252648320208	0.179625603902568	0.321903886307875	-0.18505591156791	-0.131928568284905	-0.111420464635043	-0.100098192411748	-0.0680899245394813	-0.354867470638353	-0.194113488671877	0.0273142270665198	0.177867886861587	-0.230201658422015
tempus280_Pre	-0.317233851592252	-0.253596667501494	-0.390760436402356	0.367058045260791	-0.224066504948904	-0.0522852595002952	-0.299112026817375	-0.236383450173234	0.373988709335548	-0.132396470208464	-0.198128915892948	-0.263210406173666	-0.179896480116405	-0.214755796842205	-0.0572258722772562	-0.0399674295256727	0.135779498702704	-0.118444042018706	-0.197440195348745	-0.127617730558305	-0.120715012409529	0.0468332935997177	-0.234100431905782	-0.227176947239399	-0.289210361114166	-0.381744659993048	0.353338670020486	-0.223219977452514	-0.410531454121169	0.31431709726196	-0.264091266674717	-0.404962011858397	-0.288620065067522	-0.543770410950817	-0.334730542042287	-0.529362053988448	-0.343814725441174	-0.412333979049562	0.347263807674671	0.115683853280902	-0.262074260235043	-0.215365867335011	-0.186576714396772	-0.235545086311966	-0.325548566742513	-0.204012445275787	0.214814326270617	7.82185437867844e-05	-0.174445853154392	-0.0744125915876683
tempus281_Post	-0.228133362910649	-0.224718246351885	-0.180521703699986	0.0338377632608171	-0.30062865804966	-0.024870663143899	0.094778498770073	-0.026443971661908	0.0595505621047982	-0.0532751325103297	0.014937179993409	-0.0780465911948104	-0.236090178861864	-0.309910809771072	-0.189735532967213	0.212249065864616	0.138952996961409	0.331170143346482	0.177830747513986	-0.112803683022565	-0.0715748617018944	-0.280509352182867	-0.109355389769552	-0.0707793907053702	-0.235780345914772	-0.240704614034052	-0.0409691963358308	0.0357785883534517	0.000146434606500823	-0.150995051205058	-0.107078932788811	-0.262596379016411	-0.238455523050586	0.121741338989367	-0.2521497661126	-0.112783846769775	-0.20675050107035	-0.158017184891265	-0.12404866029126	-0.221315864499607	-0.0914038723177878	-0.205115210309189	-0.0344267178916014	-0.0786336041338727	-0.137229110303898	0.138649605488383	-0.0476903686997397	-0.102476938107191	0.0160650844019038	0.0998496677999943
tempus282_Pre	0.391298815998486	0.167373935520652	0.396027094370057	-0.108137255155931	-0.283940265956192	0.0259828697226056	0.314567698867205	-0.0664268698475056	-0.200904738803896	-0.0241602207342511	0.0414937286458648	0.345769490830197	-0.065378318905963	0.0349387904505983	0.103923082958861	-0.0278770026619885	-0.0869171950502853	0.383846308611074	0.419234724137632	-0.0878413623125521	-0.0502645147631554	-0.0971846970314163	0.288441186666122	-0.00375240866146906	0.00763689005169894	0.263041104154286	-0.258932931992598	0.166593848486017	0.0971537935886655	-0.117864519082749	0.316295211679168	0.514698931241261	0.415743980194211	0.5764503145296	0.171760382665928	0.450118007820364	0.139838632090295	0.123715447415845	-0.248966517155507	-0.147181155320962	0.0714537788805547	0.35964525662121	0.0857768499578946	0.440755032150783	0.23177929437321	0.260406217332181	0.00541072468125117	0.24648625458808	0.104555799770627	0.355495125691786
tempus283_Post	0.256507334189155	0.00324091222351924	0.0527903557986338	-0.175074009025491	-0.178185557474604	-0.451592168583225	0.220464816598332	0.26392552157672	0.307044061799313	0.025464315782218	-0.339869824085095	0.198592874305154	0.181697250067596	0.224544821574483	-0.0768671509959386	-0.340124875055918	0.143272985511344	0.525266752328922	0.370664806338928	-0.333988457906894	-0.261387126459337	-0.202929845199553	0.210001259901809	0.40679959989831	0.118546275695164	0.440273572628957	0.387269846942408	0.556138226757922	0.62906976943376	-0.500170936847793	0.165145953286014	0.324695049433213	0.212708758497954	0.464753187208702	0.214014712172174	0.415856131965329	0.0313169724511455	0.32265215311628	-0.36669912606232	-0.198174001990424	-0.0859321226088827	-0.0429774247408702	-0.0496683274011529	0.00458014419447006	0.13907300069442	0.135569673609703	0.172703042211679	-0.135654458501086	0.0107185607276138	0.205319578946577
tempus284_Post	0.0967213991466823	0.0332387385306263	0.379010142610765	-0.160394068726376	-0.029730896344785	-0.0864232778062097	0.182137335228397	0.175227319716568	-0.0127265984878363	0.120882435082627	0.32862771339619	0.35234375640697	-0.0459229850510089	0.0811418735216986	0.289091679776519	-0.123458520096833	0.405385332757525	0.675857455188544	0.503974512657538	-0.138570038242305	0.0205518870530995	-0.299819306602056	0.31543118772677	0.150254745672585	0.284244698581526	0.327839146343153	-0.0103477609520457	0.320892042862266	0.347249490503424	-0.278874098949647	0.117402389414667	0.450699667402534	0.426848544074562	0.433380222432775	0.285015769318994	0.148762377523794	0.148462747922002	0.298710669826224	-0.239031975008435	-0.187963647456631	0.0759331435037548	0.364127568334224	0.0707918610803198	0.393578591705277	0.391850375091312	0.0271230824520088	-0.00188418587681569	-0.0742168724600979	-0.0261614956732058	0.123920325065292
tempus285_Post	0.191746111639735	0.249226490655487	0.30239120113257	0.101524207865205	0.134010726372996	0.146386809373052	0.0705691538993659	0.0193151964952111	0.196769567616385	0.172737195038388	0.37743759904751	-0.0314968901743745	0.154070847437365	0.196489919503781	0.11513208999156	0.219271600095709	0.162898336846856	-0.352862222390153	-0.103456953106003	0.391248533336607	0.205096391584202	0.13909446359197	0.128626507280272	-0.199984729569377	0.0728712777405888	0.043959629564906	0.14116172536046	-0.148678617302136	-0.1915012585594	0.575471818492041	0.170429108733165	-0.0176964749960111	-0.17171719087508	-0.0694719663336469	0.124079669617487	0.210187341369236	0.19700697262469	0.0115993143005064	0.240951331599758	0.379891225737963	-0.0521310255764372	0.321090189020526	0.253422656436996	-0.0603657627246065	-0.0518059371972699	0.117330664328495	0.143398762632425	0.186886867132503	0.226265491146069	-0.0172061566709808
tempus285_Pre	0.107245405583407	0.105628650561958	0.142059498022746	-0.039118897788582	0.0854114847732019	0.288114920058027	-0.229037536432888	-0.0962835090902263	-0.296015147038114	0.0960490132460042	0.234011893025491	-0.210063082083738	-0.128756017707271	-0.0563130211047804	0.246048645939912	0.00418768793227375	0.409396814946478	-0.208311032546114	-0.0660326819633214	0.235534183086318	-0.0200512446870167	0.212756130992397	0.101913207289231	0.0157138804740901	-0.0553003254586237	-0.00537559764372808	-0.331271738241628	-0.113416086622634	-0.430782056959881	0.494158024287822	0.0115304750965154	-0.150010312021045	-0.183322985135883	-0.243478765379719	-0.0523825531903008	-0.00944995196128345	0.0818039512099815	-0.109245316329684	0.400066739911307	0.380335540368734	0.043955625649282	0.180763904853606	0.158489272664088	-0.13859651698189	-0.0395035898528942	-0.134903105538038	0.0918233443998549	0.197005742071665	0.0505327854874539	0.141770977893915
tempus286_Pre	-0.147196227674883	-0.177605839854786	0.0142815206935221	0.163041218720753	0.237091883927569	0.0552195216626528	-0.0720865265517228	0.0729245497179955	0.155603970001364	0.102365024834267	0.29804529974367	-0.271445407298409	-0.203222251553099	-0.147034405038299	0.101788642617981	-0.0767876963841699	-0.00651872539087617	-0.323861431152577	-0.290385319711287	-0.063840002018098	0.115407882089411	-0.0743331469727734	-0.163348854979588	-0.213661027415388	-0.175403357528114	-0.189359990531965	0.292594629326136	-0.166162331874806	-0.408120564442137	-0.0144812981416658	-0.0993450563419518	-0.327339187686815	-0.134216534153307	-0.294659795803215	0.0142180895286915	-0.0854585663621337	-0.113682094334384	-0.213009200362322	-0.107842898075158	-0.153624669958909	-0.0556637510882415	-0.128589700191203	0.0269209230970441	-0.182882006592166	-0.0195419086901308	-0.0841403191755411	0.0567750039507735	-0.0719913599392336	-0.127374648963827	-0.0971170525603553
tempus287_Post	0.284494450926957	0.340675719313857	0.363505436485202	-0.109368704938906	0.328684114592472	0.210808790515019	0.0421583778205297	0.0440569929482654	-0.244186997361644	0.21506686417464	0.340870264779797	0.105090550349317	0.386277650286164	0.338986591785565	0.0112845903081238	0.274107826186518	-0.203054967718759	-0.131013694402886	-0.0780178512315282	0.34652771081857	0.25756882791051	0.289814940510003	0.140206228186777	-0.150480588969007	0.102597578666874	-0.00440280826081471	-0.329787404890394	-0.030250006426531	0.0676094705046676	0.351426495225224	0.0450291807846588	0.453225957890489	0.315441356857593	0.0921036169790879	0.314728514903948	0.418875665930335	0.204688939722842	0.214787066917894	-0.0424472754788058	0.248635470166438	0.0252717778368629	0.435143882420475	-0.0404496350842408	0.269132428662399	0.237521078650612	-0.139850000074969	-0.271413975526297	0.0868517322890705	0.185472591247695	0.105848857081929
tempus288_Pre	0.402937353217672	0.128425632880545	0.238133646493204	0.246056779317844	-0.0349654726830571	0.175223839332282	0.163197969189513	0.244289427047718	0.197222488915919	0.186718046910417	-0.0424244412837974	0.110802203465343	0.350824399256488	0.246065406290518	0.190586569059705	0.0732710317678634	0.00834445485761898	0.424156848688896	0.382683389286796	0.0739874987021098	0.198878040369989	-0.348606046913988	0.0895311144437775	0.296810234890262	0.150354386781069	0.294463580061496	0.310300715392548	0.390200887130408	0.475256678433719	0.273967601685629	0.226915740873206	-0.257895329517787	-0.219241217704351	0.00143501975645649	-0.0135570194382781	0.32535013785531	0.103772008795192	0.131226937215573	0.148616554869211	-0.0481092677772061	-0.267647216663295	-0.0624548472631671	0.248491223297921	-0.289017887224897	-0.145377952575064	0.25266946622374	0.100805145255685	0.0954190746167006	-0.145834749937211	0.102888196084939
tempus289_Post	0.24398773172634	0.278550966443284	0.271511822733164	0.104309660171503	-0.168503551630631	-0.277528346547716	-0.148377622068081	0.426050123937923	0.548134917401634	-0.0438594191767955	-0.224830338238766	0.237945145055529	0.381011758743997	0.377793861924796	-0.0250595456464625	0.0200501762229619	0.114004226499838	-0.164869262062468	-0.153184511971282	-0.143888840204915	-0.148421899501392	-0.108337560328635	-0.196120756825851	0.449703596015378	0.0948912987440553	0.541504470144068	0.663155407019276	0.67542380584068	0.686836800335381	0.297121496017095	0.0637800135596952	-0.00866797973447425	0.0927698832282473	0.512694591380419	0.378393147902054	0.175776143303756	-0.00175215743821555	0.230626767907684	-0.139237235671686	0.14464342755616	-0.252925489806989	0.0514434176321664	-0.107749234028856	-0.214092125297585	0.0854277125643159	-0.206743115130492	0.101006232361708	-0.15135505433535	0.0825930903952784	0.348051906986411
tempus290_Post	-0.298973410651504	-0.253954763571031	-0.190503891336695	0.237411274341747	0.283612075009695	0.270828842297316	-0.377122295114173	-0.00601571812929591	0.237291929746544	-0.178727716247166	0.262684056428135	-0.257438341528875	-0.287412982899626	-0.274299630606758	-0.107681265396455	-0.0606190141058818	-0.254061046621619	-0.608906061814687	-0.549768229891297	0.0480578084825057	0.059449440868557	-0.0719732111725689	-0.288253042959747	-0.177509596657898	0.0409681549023096	-0.285301766113698	0.290832159446244	-0.216738902517127	0.146633604503405	0.111640811717981	-0.348884659474282	-0.202705965461781	-0.24648245231718	-0.388107474295219	-0.10642295012254	-0.218183418503177	-0.00194823505754166	-0.332908268295407	0.149825673885508	-0.0426224347390924	-0.161031095851184	-0.195940434471546	-0.164411529397833	-0.30804278558285	-0.223762514458176	-0.405499125084764	0.0494976138720234	-0.201255696698523	-0.102934423328734	-0.485416226081918
tempus291_Pre	-0.252562041989951	-0.102327629349247	0.0912483562253725	0.0731931751216054	-0.204673086402038	0.163379650970758	-0.16389162828479	-0.144217297184847	-0.0892703128549202	-0.0588212401371845	0.154263989190521	0.0452603956128209	0.263824345769549	0.10827422726846	-0.0259379582045169	-0.160935493225511	0.122225590969386	-0.0571444360982196	-0.267315168970212	-0.125662859195156	0.0219090678971871	-0.368052956912978	-0.184103233654033	0.0519627758733249	0.0741643142574863	-0.00482079183296218	-0.246530389094343	0.173877706925913	0.0868494239716451	-0.293556301989746	-0.27806351788061	0.0140428123754459	0.107956354855709	-0.0030158124427016	0.155229038407305	-0.135521056961183	-0.033488635980723	-0.00659944566271933	-0.0936326174859419	-0.320142205131989	-0.0420953788459305	-0.00269650227808491	-0.25392676147254	0.105663667322792	0.109259020398731	-0.376847907902097	-0.212108101766696	-0.169685643670929	-0.08486022154516	-0.0386563826672976
tempus292_Post	-0.302613923320455	-0.14538423722248	-0.0986882923104205	0.0951630855563422	-0.0839689491314052	-0.28064503597801	-0.310159512553333	0.244694094574362	0.260689503933396	-0.0803799803943404	-0.0483364853421767	0.183052905090491	-0.171696147155185	0.0564881855006799	-0.0166944062574109	-0.20545020008132	0.23602765195368	-0.152326352415716	-0.169998690086873	-0.13400955777128	-0.210322522895676	-0.199377190420727	-0.0955777601092254	0.157171528335407	-0.0520958664291981	0.0878063587180196	0.364518728858365	0.277392346760143	0.17844961590895	-0.446652414513345	-0.296918809058599	-0.0147512844281562	0.296878018109592	0.561393756601967	-0.0161588202051027	-0.0515709783109021	-0.155633376358612	0.15776295271151	-0.206687737190755	-0.167740484146281	0.0704009418022277	-0.266250173827048	-0.157315552493713	0.0803336723480984	0.262121447193421	-0.226366345878996	0.249838305724378	-0.157181042814726	-0.139877811755694	0.152240478413408
tempus293_Pre	-0.327932699899929	0.141072964410537	-0.00317025079817559	0.24737476605977	0.351892204122578	0.0058339086627858	-0.298772478564363	0.13226907685696	0.291285174007916	0.0326631273101098	0.291473109274526	-0.301937059209655	0.129961536453581	0.00878211640112185	-0.0873584633187701	0.125802621880916	0.0209900877923319	-0.473174938269281	-0.425743308057297	0.0513500797730669	-0.0517505852618323	0.0291797155197553	-0.228034010408751	-0.0295947798973354	-0.138372923616848	-0.0523211489504642	0.297863825033445	0.232881217211989	0.0816599065888884	0.444400454612393	-0.246290306849393	-0.354140208774525	-0.145014326934485	-0.225554604907664	0.105978128845654	-0.175191350621306	0.0131015863517188	-0.138780927989428	0.210124907213046	0.369241757509362	-0.206674974547419	0.0367443933655181	-0.118458438240166	-0.249944065865162	-0.234341879662347	-0.419092285776983	0.158776344862455	-0.203440172619087	-0.134004081052999	-0.104532792279811
tempus294_Post	-0.361288626905359	-0.16788346420936	-0.0881086399691719	0.147105010990971	-0.353616463677818	-0.235575179697164	-0.253197428602499	-0.0702737209712661	0.43077971132735	-0.158938496799701	-0.159993467738135	0.00220503653811682	-0.331562668148869	-0.196677908077154	0.300961191739157	-0.296769750880706	0.26101889798247	-0.339358569790539	-0.279263788875452	-0.26256555444368	-0.28016599049501	-0.194493505119881	0.0170888987885563	0.104726928135343	-0.0916823356276389	0.211731743858363	0.437637185314716	0.418260485740562	-0.0865851102400633	-0.447466376288738	-0.191664766438352	0.227841026167159	0.277297417469239	0.287133557839124	-0.0485850098080051	-0.196605306797934	-0.123341968348792	-0.0863260897858406	-0.118876938396898	-0.17648569692125	-0.0170873222002859	0.0691118035427552	-0.173143691038124	0.178899324412046	0.151183215789335	0.0292470680147233	0.259599686162612	-0.0119885636219764	-0.115656036658387	0.170568523046791
tempus294_Pre	-0.0670602860720324	-0.25832139229175	-0.494350246289476	-0.107948485003549	0.0422657023139799	-0.164597315526098	-0.293431754960337	-0.150213224176006	-0.187372167342309	-0.264279177184403	-0.438477839502555	-0.395273591730906	0.199961514474986	0.11366855951414	-0.205010266488759	-0.122510036841924	-0.381976116103746	-0.266971826508559	-0.298396686206796	-0.300412525045349	-0.172465594971686	-0.00723775670708579	-0.357603502295916	-0.205240488839563	-0.407928318668865	-0.474396708545925	-0.170468007123557	-0.278771866510883	-0.274046284661408	-0.393974812755383	-0.283787608223626	-0.367961248466245	-0.423296189198069	-0.445219428081938	-0.369875551623391	-0.495415483568742	-0.160332567210588	-0.220733880916653	-0.134687132972674	-0.326146740781738	-0.226007070336115	-0.45004208677862	-0.248146176201263	-0.356209248509344	-0.44040308878961	-0.180941073332571	0.0394387935636518	-0.253322578248806	-0.0635620627351156	-0.110534451351242
tempus295_Post	0.266438772114126	0.35239485383417	0.524191205703293	-0.169099500636473	-0.300911779475333	-0.174705163839963	0.329405963721379	-0.12162366998768	-0.132120042858905	0.216385815414936	0.131387733638256	0.345612496466606	-0.0529571991252758	0.159690167459377	0.174912357712798	0.0410376604007917	-0.125983851652027	0.252283122378137	0.29805251465879	0.162282916598728	0.0374991900237787	0.011432680677096	0.368804678527766	-0.163267175756171	0.0194345937088475	0.400685059131746	0.0307047216541076	0.140891491597117	-0.125131618010613	0.0135462704473128	0.335191963977867	0.573299534742211	0.517236902899249	0.340303078066061	0.441960949505514	0.353163603612935	0.170024852215506	0.233847643914719	-0.0414735103115319	-0.0438028567253288	0.0563129372563849	0.537365018317831	0.278941742751397	0.536048008039532	0.379146480123188	0.234682132324612	0.079338896840695	0.327254033090072	0.163867962792261	0.300048948153472
tempus296_Post	-0.0534704738815441	0.155680654257525	0.34186587397244	-0.00542411767489606	-0.134993804301982	-0.257144846943871	-0.0118242139701042	0.0605688721912816	0.31077052011876	0.0394101064204054	-0.271774744086726	0.298648215981803	-0.239965601684094	0.0121903818654317	0.175822569117833	-0.119644815430488	0.393720011934903	-0.367068512022391	-0.187874114729955	0.0226035476346111	-0.0531677040750248	-0.0249590601220137	0.0732958394807514	0.438870066899818	0.27125991066337	0.462577068898873	0.369791602111273	0.559959399557391	0.670908111689576	0.400552177606479	0.0015774533189707	-0.0712430192337747	0.208010407827023	0.48017873019069	0.367044028228118	0.265198737213247	0.29609233700592	0.120362266589961	-0.142335857742595	0.359601711924364	-0.101815144005887	0.126152548394916	0.0213112836356836	-0.222231694468684	0.0534459957573479	0.151012425853123	-0.0563765575416145	-0.0845480050714946	0.0728568558395819	-0.123914832557195
tempus296_Pre	0.26142491676682	0.0849873670546853	0.301920819749703	0.263950979223369	0.230412819112104	0.145904803440187	0.429653925996836	-0.0881621906223705	0.0818398258276594	0.211040247346939	0.446519604790223	0.0396868051099356	0.233615326667697	0.134925070504212	0.157890049522082	0.13929584133812	0.310315773858512	0.251686898839988	0.310633026558884	0.276809509479328	0.108298026501295	0.180527611460772	0.264578241844548	-0.0124655669057794	0.123294643438963	0.155942381398235	0.0379156345381069	-0.23832019442782	-0.165716664389163	0.478483699990323	0.333518048862328	-0.150029792740456	-0.276034121909093	-0.215391307362482	0.0616224190734503	0.0539298526030621	0.157370413586335	-0.0122448427843937	0.0590028785416667	0.360006770185062	-0.0713955453394687	0.180646414831126	0.281743514605617	-0.192736586369514	-0.176377730089791	0.410363687074995	-0.118171397470004	0.158747726392388	-0.0175757871501959	-0.175293103840599
tempus297_Post	-0.128974739175507	-0.0977913436213135	0.295336547466503	-0.2817308861963	-0.0458412309414502	-0.24949013669879	0.187318004089162	-0.269601655177442	-0.320419237504991	-0.0261389357976357	-0.0394712815191048	0.157933829489736	-0.398933573481184	-0.290223247152348	0.00311162253840197	-0.0485225778995573	-0.0794242319159	-0.198201193787724	0.112991128872416	-0.153169605778684	-0.0196743849870019	-0.142672870214855	0.242037692663475	-0.347065638647947	-0.208664335620904	-0.269381028449437	-0.277347100556499	-0.458386561837415	-0.533911583959164	-0.171656771930054	0.215549712251946	0.496528121076791	0.367009046071875	-0.044251129294203	-0.0854189165103619	0.0786112301316956	-0.180801876238319	-0.188748240900108	-0.0405017225130994	-0.0366266079526893	-0.108343373266698	0.362470433641027	0.0524131355592253	0.533645731646886	0.256780300426926	0.389561303869382	-0.0880673859262095	0.19218548383909	0.0251373156966453	-0.0105383310028677
tempus298_Pre	-0.254392448887485	-0.342432800042278	-0.583981473464485	0.0316440865159726	0.0709039208989134	-0.353803022874666	-0.215313590456692	-0.311692998857376	-0.331414054826876	-0.315687618586981	-0.454516650707928	-0.490307083216795	-0.000190206520191069	-0.238855756663438	-0.402339664348596	-0.251301031513618	-0.468160051823805	0.550606559320196	0.29975645846286	-0.263328362821058	-0.129516194917289	-0.243792908261014	-0.301023901555374	-0.333661679788187	-0.252498700668847	-0.540724304731594	-0.408441438156051	-0.592394491226064	-0.532225275349269	-0.524855357218972	-0.170436256376014	-0.416589216790599	-0.457682373311274	-0.628600485699658	-0.469167795532047	-0.518721598133529	-0.297058815512431	-0.451431356353596	-0.140800869258467	-0.497826945107979	-0.263494681190543	-0.483309295506585	-0.218898944108513	-0.345260905871857	-0.439632572658287	0.0207035522814892	-0.117586411257817	-0.255259163232106	0.08089551399063	-0.431504878028696
tempus299_Post	-0.246006869640722	-0.385145561454648	0.0734551798928407	0.279084280176835	-0.348338932841183	0.0417105213620694	0.0845377238906354	-0.0471092201203477	0.442397803723898	-0.00516945006532318	-0.343098313266679	-0.237911776428583	-0.149340292936436	-0.125327906184075	0.251759002028471	-0.298591555283602	0.414297313219519	0.363662843453957	0.31360682684942	-0.0161321876677468	0.00225707582609547	0.0360397405142701	0.0423461521413076	-0.0108401296294114	0.254336462822391	0.177822678976351	0.465449207857158	0.276716570813278	-0.12180679822279	-0.310914901644988	0.103066937639643	-0.324660247978626	-0.199661543311632	-0.201164785488614	-0.271422736260002	-0.310114127891703	-0.17023669874653	-0.160708665699081	0.0189501614094076	-0.170673456467339	-0.00940135440112067	-0.295350797750486	-0.0130090104461792	-0.162233427394685	-0.137082384699761	0.230543112934961	0.290191875985516	0.00373035047835614	-0.117124789781848	-0.194533510322474
tempus300_Post	0.467211117217234	0.133709401552402	0.132535792168162	-0.0102031251693729	-0.0261969673717506	0.255502757006094	0.462011837060816	0.0916860996722328	-0.189534868496906	0.246283099450589	0.301443324942555	-0.0513863308161852	0.410039479084845	0.350705775409095	0.271968046872917	-0.293675984994252	0.416228700131063	0.582799812257977	0.502176772709984	-0.103642590340565	0.0201549874381239	-0.12563055686728	0.39696165610372	0.319307543003104	0.33176466250171	0.25739506082396	-0.351639471304146	0.117324929592066	0.143701307255325	-0.337751368142471	0.437735402587234	0.0765684842472829	-0.0419214854520036	0.208610406116269	0.171531315695706	0.428771946741691	0.330509633517927	0.278664446553887	-0.151544193096543	-0.264382315807934	0.148175551107309	-0.060046090191178	0.31743088661472	-0.239299493543168	0.0138213927744127	0.326272460443279	-0.105688456630578	0.146945382606297	-0.105760403368015	0.110339794658784
tempus301_Post	0.0586132427095231	0.210818734686104	0.482415145026554	0.205814429141511	-0.141835449906784	-0.28209591374671	-0.285813609596924	0.287219870253574	0.457215517383762	0.045416668099182	0.0342256652439953	0.368775535322121	0.158071786639551	0.11742781703904	0.250056038498108	-0.151182131953752	0.308008418449629	-0.516225806528805	-0.436162410065244	-0.120143159110743	-0.03402704726617	-0.272059106302516	-0.220231652355078	0.536028989071398	0.218406911551145	0.564092412035451	0.505167901266022	0.717614447603919	0.71262690277079	-0.531482641461491	-0.188199412037273	-0.0139511523377805	0.350547860784104	0.613367008085697	0.35168325504827	0.376276827428609	0.125362530390252	0.309889512403296	-0.214598388305965	-0.474729662966939	0.0368911599041178	-0.249758370883593	-0.0337296355011782	-0.136177685422972	0.281659229739987	-0.217308244574817	0.297993987253302	-0.213010912500846	-0.031606648529525	-0.0057173019088842
tempus302_Post	-0.187427533156524	0.0604850915157355	0.205723436675102	-0.241217314203667	-0.158824807509793	-0.236016260360084	0.0778278395625575	-0.35298710782085	-0.467956088303243	0.0721334466526104	-0.00371647295596861	0.158934314576737	-0.278773915295158	-0.0983346060649877	0.133454514995223	0.0128326367198236	-0.0868529373425219	-0.328162829087563	-0.0885095035478732	-0.0406794833843546	-0.0191793058412972	-0.0102252055926059	0.248014984757929	-0.329380037482564	-0.277156650286865	-0.230718208527924	-0.514444492167758	-0.432644666378015	-0.477352479628485	-0.21444192476012	0.158077535480326	0.532279349545334	0.404245015539959	-0.0306636035706548	0.0320146465045932	-0.0352009902528927	0.00262580734570048	-0.158866567051561	0.0949938327209974	-0.193560379901946	0.0702732784280183	0.488760354308986	0.0538218328225267	0.529634169908029	0.313684235153913	0.14971133724521	-0.0144832007132552	0.313334556589158	0.194670050810114	0.293104801124914
tempus303_Post	0.257213573191848	0.204882514699064	-0.196307378986928	-0.194954634716401	0.275544253527757	0.367788927609695	0.426134550492259	-0.347166812140539	-0.572719579766722	0.199615969081741	0.153896513055988	-0.250951200578866	-0.357485402744369	-0.412221499124737	-0.0225615237869125	0.392649972079023	0.0644121844682857	0.321422112841985	0.379514278453265	0.298642327052643	0.0132391599984727	0.281013761549703	0.377668431940859	-0.298639603887665	-0.275756765409858	-0.385483321203602	-0.61550932133632	-0.524160225250936	-0.636575034408734	0.633698105667282	0.423113164559441	-0.104755675756429	-0.289806696836135	-0.513028981377761	-0.243795148931345	-0.0608900613797864	0.0916001360057948	-0.174938512539261	0.45808706314706	0.404222196631846	0.0771752251079208	0.411702458129814	0.322193048528337	-0.228457223872896	-0.267554280005308	0.424075841660134	-0.215053025720859	0.332415561297329	0.0125776656052947	0.319658814798522
tempus304_Post	0.354363977390467	0.289202624334621	0.341332519123114	0.14985031282557	0.101241325200694	0.200582248427447	0.164863973922933	-0.107461937620725	0.272573726387936	0.280943841624644	0.412997069720043	0.127279683596175	0.140340811285959	0.140261476573604	0.119480514241606	0.592193793864178	0.0272766734003261	-0.167623814312159	0.158214979149144	0.416328304416552	0.220784684780118	0.264165824483976	0.178623005583155	0.0350222850821941	0.0598452674530252	0.193556716525462	0.245342064301727	-0.0488837595470283	0.116696765125463	0.586181914819493	0.281502768022457	-0.06969788533154	0.00974911960142386	0.0886380347141895	-0.0159235739765038	0.00977903307781777	0.25936102107967	0.25421908912641	0.146255947821062	0.406158486549307	-0.153811573184024	0.295659332669829	0.25742667525879	-0.0668203603603143	-0.106593383830235	0.216388388503322	0.00260347193073331	0.153496541452429	0.163785419121092	0.18717628664955
tempus305_Post	0.0346586764182622	0.0193953169782826	0.303235384028085	0.0763779481735052	-0.177056691643218	-0.20345078083817	0.108259378873495	0.0999041534961435	0.544650565267388	0.0139052612309722	0.131804943182855	0.410860219239082	-0.223735539986817	0.026384179593437	0.1621150009284	-0.255587394887729	0.0902202338502103	-0.254298807293639	-0.0710178483233404	-0.244774579696194	-0.0154088997663542	-0.0521874040718758	0.207597183121802	0.257490472750642	0.124604198396326	0.437665595235243	0.597438493078629	0.613875708452802	0.636554712270019	-0.167144285086707	0.00561787686369164	0.515435889363297	0.55129768915039	0.542771220216421	0.357236333478006	0.53150548054454	-0.0927374278908702	0.138398332297881	-0.256169666538891	0.139366806791897	0.0664887936441839	0.374330962107847	0.130935709150714	0.421384699988846	0.398943676185061	0.181034851845085	0.247107710665673	0.0288215951162438	-0.0220113842722379	0.281725466797307
tempus306_Post	-0.3610338870899	-0.115789374933152	-0.00737054270372066	0.368022174623482	-0.333293006083484	-0.249468929361856	-0.377739728141562	0.234554515121341	0.597755457347012	-0.211938084878618	-0.326326003279256	-0.111985851699543	0.169874675588339	0.264386311680284	0.180903139427495	-0.397471185810768	0.383290436208506	-0.567840954722794	-0.498310836695381	-0.307170760536685	-0.189944657286003	-0.304336474860528	-0.0838025513656484	0.36525917343791	0.118768255141905	0.394015217788686	0.67872096256294	0.56689913792726	0.375031966477339	-0.374842786347561	-0.389811829750958	0.225384708547471	0.244562457176742	0.219344697944389	0.179562198704438	-0.118641097104969	-0.172986722488338	0.014517224219791	0.0144974564894697	-0.351023097556119	-0.0290254491783945	0.108138916081946	-0.297213778008467	0.141306584963151	0.0985764509288641	-0.425010198194825	0.214604493370597	-0.263576996064795	-0.254508468551523	0.176091340895761
tempus306_Pre	-0.201405980451923	0.122628771507119	0.0214599873443274	-0.104575392991414	0.430322489179196	0.20821880773245	-0.209061354360612	-0.194871739321457	-0.266684497403886	0.0484148891432955	0.309802348941733	-0.0861032880002943	0.20378598594366	0.0987734636678073	-0.109665725208719	0.371102050139429	-0.27731798225643	-0.63635562481504	-0.506687110528666	0.351338449902449	0.28857456960268	0.228034398826528	-0.166083792106334	-0.340127344537466	-0.187494630923199	-0.391081657235514	-0.210083831611819	-0.218580336882309	-0.0516001839858545	0.585775313687736	-0.196793411301504	-0.0488776801704062	-0.0105673090450467	-0.346602063475285	-0.0804586189239497	-0.271852717721339	0.0851196788542183	-0.265717140956883	0.388029344228884	0.401413418374221	-0.0857674202766182	0.237522822813048	0.0286503866270572	-0.0538077399861608	-0.0934754080753785	-0.14046305774036	-0.023066762716633	0.116106067026368	0.103329424923762	0.0545279939244864
tempus307_Post	-0.123570880878316	0.0633148684838225	-0.0394118377455326	0.104001340483169	0.100603083261996	-0.138113443701839	-0.0651967851500466	0.324699804261055	0.524315444611569	-0.0956881195059348	0.0173072067054403	0.0230819190454785	0.123634371707977	0.193247799910014	-0.162862340497125	-0.0383234983976084	-0.178779112259874	0.301555174906832	0.214348378805515	-0.133623632396098	-0.0847081096115747	-0.14774440913273	-0.138056302138935	0.243186438614002	0.0806380867351332	0.36932729740976	0.608472170830718	0.588280477157609	0.63025391324852	0.0722681293270486	0.0837489941000238	-0.156915428383808	-0.00158587366828455	0.256033719816959	0.0690564897138177	0.167628162656548	-0.103630752466954	0.206631498372115	-0.112955349177582	0.118685463993009	-0.237617502629338	-0.222065790658088	-0.0390748433665098	-0.249195042581793	-0.0601546059321961	0.021145870614142	0.265323731612113	-0.144390150246427	-0.1922539125692	-0.195290164158461
tempus308_Post	0.359567676087165	0.00272892551782419	0.183492605818858	0.172313373183382	0.00610792272144547	-0.0371847783503647	0.318540392588697	-0.000648864612378758	0.404026403961909	0.0399171756969235	-0.131177459597054	-0.193936030001926	-0.224469827139789	-0.0546980162103031	-0.160130307555301	-0.279323733495731	-0.242805692179456	0.5147503351171	0.448984410329144	-0.125768087755648	0.156605154800371	-0.13473044020732	-0.0569364806211625	-0.0246238215041497	-0.0824595883368878	0.196122019360436	0.491217888259941	0.0982558529140425	0.0525733227483721	-0.43746881644816	0.220487009589899	-0.230193743043333	-0.148563501063453	-0.344303898617544	-0.152522083607275	-0.27963159281316	-0.0517996097137373	0.00309210847729169	-0.183444523850687	-0.14494064744886	-0.195468258423297	-0.323602878925867	0.0446741252600885	-0.150284106180916	-0.218123349093612	0.254886014246738	0.35236487196217	-0.00468123085392957	0.031772730281886	-0.189136225680986
tempus309_Post	-0.260545955561285	-0.130622692302149	0.127354912012926	-0.14824213546151	-0.390611453865925	-0.375560711342327	0.213919923564336	0.0616255919118018	0.199790526740153	0.0582588070683702	-0.284885070211204	0.272730906979889	0.0426180422991676	0.161411757755507	-0.04069389622767	-0.205425331759101	0.241427404172045	-0.0199452825544509	-0.00740265218835882	-0.313224581254438	-0.217043203743322	-0.449751343381476	0.283391426746806	0.18912814119089	-0.144996860663845	0.309652524778296	0.288265253940979	0.285762576077118	-0.045900794969746	-0.290948946776735	0.0988798018947983	0.534246359888348	0.42012946321724	0.380355436755788	0.240521743119144	0.307115488751525	-0.124935331711783	0.0452559570704778	-0.252352034836734	-0.237419447115254	-0.0699476339458307	0.362866988808413	-0.0557199872614758	0.421084039182109	0.376546023647422	0.0521909133397213	0.202523493191508	0.217172554302442	0.0187827393478303	0.352519474085557
tempus310_Pre	-0.333293059725446	-0.345139012175292	-0.211677636528908	-0.221460593934091	-0.0736789018489497	-0.0911093451457895	-0.185353296107149	0.1010262469185	-0.434892318566097	-0.318365926865099	-0.39070109503039	0.0549566454628327	-0.189325658291622	-0.294382132821863	-0.329880847051324	-0.102798078230755	-0.194120318949238	0.0839500730845693	0.103160169650586	-0.162991240142387	-0.0540553419140847	-0.132832692756593	-0.217084979495492	-0.131541695183297	-0.132210031772086	-0.276309079278258	-0.457958020605338	-0.222780293806278	-0.0179763025771185	-0.413233707299466	-0.236577946830677	-0.354149230202058	-0.192274396259909	0.123687951459814	-0.277666307974602	-0.321942916931901	-0.305909115372099	-0.0627980888923079	-0.120920282289031	-0.24700395357473	-0.0450026366079393	-0.393534600685074	-0.13566408892382	-0.140455751534207	-0.0418681630174933	-0.0160250765105389	-0.198802748740898	-0.281025412351326	-0.0621715062075148	-0.295246794567107
tempus311_Pre	-0.161163135117717	-0.264769539079323	-0.512931953955057	0.0835555625958857	0.234627357368133	-0.0283969668651135	-0.26738990161725	-0.0447184160919557	-0.0852382082925177	-0.089712913214452	-0.0169155089049916	-0.194904896524608	0.146289067600991	-0.00937193597743408	-0.339944601820205	0.255560840072135	-0.297413814508261	0.00872075329417138	-0.0858546124818681	0.104879327658952	0.0493171475217331	-0.157399082426901	-0.253328828751774	-0.25329757743521	-0.212220369189174	-0.429994758181375	-0.271363991703157	-0.191357844120712	0.316615951481637	-0.15395316058556	-0.134844325709687	-0.421048616821033	-0.406238766063792	-0.319981697448574	-0.284429447589037	-0.218156079055634	-0.180704281081532	-0.0565622995604636	-0.0902884749399856	-0.371570217478776	-0.270351330950078	-0.32011713563344	0.0883448889330142	-0.36089352294544	-0.228500404048918	0.0322281325624103	-0.149789978445965	-0.162124082744442	0.104898500983867	-0.408878644749707
tempus312_Pre	-0.38438496124573	-0.259525186329261	-0.1120053620677	-0.00483937019022113	0.159637555255902	-0.078254666636284	-0.26306250511208	0.260783288321054	0.0990518344630912	-0.144459093081688	0.276319493893162	-0.00667893210452045	-0.051590819593603	-0.120836493631521	0.0199421637260174	-0.302126668059125	0.118269484167443	0.0455425514879942	-0.238164361991177	-0.199304968047535	0.0436445074595566	-0.110114090726023	-0.277420185210102	-0.0166407714797095	0.0468346475047053	-0.0880449210182414	0.215195373661874	0.181388636159066	0.0827338190628995	-0.358560846717346	-0.371215410611922	-0.171720349214763	0.0153852292240584	0.347339639415173	-0.0214730665997796	0.11458602767371	-0.0971315961279745	-0.121394553417977	-0.141095075154854	-0.216077656524948	0.0837986016417289	-0.23553795410977	-0.239545308919168	-0.184821798889842	-0.0936416857517805	-0.397210397937738	-0.0361714557060608	-0.339216504460828	-0.243807247571449	0.289883029444869
tempus313_Pre	-0.351279796487518	-0.156380175429737	-0.0999789344000357	-0.250676899461269	-0.185997481814026	-0.302899934142696	-0.128572339002385	0.0870858858764283	-0.157551957800474	-0.0724023846538563	-0.220014214403207	-0.0634410767230053	0.171090769471487	0.0798434104893934	0.212244822911389	-0.376993859972856	0.363113267053564	0.63341461591346	0.351440489519714	-0.33357327771509	-0.031752728624531	-0.360605856801235	-0.0154755239974353	0.227463276752112	0.0821358013596141	0.183239541576907	-0.184470329171182	0.203181708123862	-0.288426162002801	-0.211436457705242	-0.0970511717119821	-0.00373046639841049	0.0968937195737288	0.225126553850651	0.0058574264124627	-0.273913151618331	-0.22545382242816	-0.190856786252598	-0.214222839314973	-0.26101467899803	-0.0415518552044909	0.0177252861764218	-0.114354245141735	-0.063088965078497	0.120099577965791	-0.116416546326846	-0.0506176629876955	-0.161693418816046	-0.0702189505384068	-0.0139915217660788
tempus314_Pre	0.101070347701531	0.0958524470005256	-0.217417944959608	-0.0537020628380945	0.373941910226726	0.142928908919044	0.0319791961333463	0.131420549158568	0.198528961391516	0.00752222695535382	0.206056898874384	-0.119553389688379	0.226990635866856	0.0706742698325692	-0.173729783059948	0.0339534726791029	-0.331507800762636	-0.290861954623949	-0.0239892039121019	0.073960834899923	0.0678189072199713	0.126329640931445	0.0739045205320748	0.147416263751961	0.157522254845434	0.0686300611976604	0.149393037318456	0.395071956861214	0.519807412758225	0.235802746047707	0.125616642210517	-0.211395307621761	-0.258539049565851	-0.0267310885091206	0.0110197458704334	0.283012530216544	0.083912302037342	0.113055194370927	-0.168591100084897	0.114413995950689	-0.140739180133406	0.0228227779341782	0.170919639573134	-0.312681395923671	-0.203861785188064	0.347782095755524	-0.00092439542360219	-0.0160809405908454	0.0629670931050186	0.0536431830908376
tempus315_Post	0.263238742229163	0.123187174085445	0.154731791177114	0.127447060197436	0.18480664824012	0.225038535440659	0.245681989979699	0.129758260549587	-0.302664809372058	0.268421768740001	0.225617240869265	0.0206722297520762	0.104265568909245	-0.0401120692310417	0.14430205025128	0.264968376852019	0.238601494320241	0.299862581106787	0.222772664680656	0.247278841878281	-0.00987092869382744	0.114671434892522	0.27099262711045	0.0309333485372975	0.286964525197835	0.120837829173398	-0.381318630768221	-0.184452753885938	0.101196403826498	0.410949451466047	0.244445699294466	0.0733869214267302	-0.136556156837598	0.0311526962236102	0.133815628053989	0.340825604389495	0.326250392582762	0.0487817422554948	-0.00266732471773864	0.322983672838056	0.157791166095864	0.297799599604875	0.12656108728262	-0.200754317674289	-0.156131520064702	0.254014506848206	-0.239151157560443	0.163032760187709	-0.187475100410112	-0.288053974149423
tempus316_Pre	-0.485798203629336	-0.203093782171957	-0.18268313714396	-0.345947860839551	-0.0499919720541609	-0.187368773712153	-0.579678945413829	-0.184234285047368	-0.570715017585579	-0.369038166365585	-0.0571803061332565	-0.12545053297665	-0.27728068703476	-0.292735077655794	0.0805758994549365	-0.089202281966438	0.16358631106096	-0.440179194652569	-0.49554683465196	-0.116133400257273	-0.161157834229069	0.130511724160614	-0.385201840480733	0.0452894592159568	-0.167839633720357	-0.23805600511906	-0.59631869914537	-0.423726791118468	-0.530038000218686	-0.481858855748332	-0.476204765868497	-0.0866190056607837	-0.198241792774719	-0.251009261795746	-0.1089326143258	-0.342858496411521	-0.043806312200827	-0.26602415084845	-0.0741065551024177	-0.203005155942266	0.131345730450705	-0.208741926155987	-0.276840442126925	0.115378922913047	-0.0177332877197043	-0.53798229123724	-0.0921210321889133	-0.221228512416936	-0.119271996303173	0.15250953895553
tempus317_Post	-0.20376471816049	-0.204246439433604	-0.157195948411767	0.153463545078841	0.0193863745194993	-0.110360210513862	-0.290203786095379	0.0881947765033441	0.293250597147338	-0.154376370571236	0.205683875642635	-0.255023059792819	-0.194864493526194	-0.171833902768477	-0.152028797584349	-0.138824413415573	-0.417462359015431	0.0792964291168669	-0.1783863393117	-0.115865945379284	0.000270964056386658	-0.19798954844433	-0.149061009285423	-0.347588430407602	-0.157746898625132	-0.335493182276243	0.366770510176395	-0.288180179315062	-0.269422385089755	-0.324144433121022	-0.312210823960758	0.301179579277477	-0.0155449082721921	-0.335809359282647	-0.0662215903185262	-0.310058572065066	-0.150936331128787	-0.120758256825392	-0.158625969272768	-0.234755862558661	-0.107655562020962	0.0994984211876127	-0.189194096984717	0.325374669481674	0.138938071964988	-0.401262761875503	-0.116615268797715	-0.198629012611423	0.0228363221473399	0.0208146506533152
tempus318_Post	-0.415528433472998	-0.191904370356549	-0.357752953492195	-0.0432847240035568	0.0828620039042424	0.0800227640727343	-0.439582992226324	-0.0168790277155107	-0.347225198799859	-0.263321799415033	-0.064056923915904	-0.288381721674366	-0.412185510985073	-0.335855243687772	-0.254933581997775	0.074801847008591	0.0806885241938993	-0.363311436445695	-0.374603094295934	0.0378011236940102	0.0493970659618821	0.293726015560717	-0.35860381560392	-0.179143382717717	-0.301741571643396	-0.275937736355566	-0.379056375674023	-0.35733294562928	-0.403315093504071	0.163810939570696	-0.415549124164928	-0.271487643385586	-0.408737778348738	-0.0411100426065764	-0.133309008962204	-0.398356436844552	-0.154233251245103	-0.244906604579942	-0.0554538242279796	-0.00478287132668886	-0.0471382622937335	-0.106359943648229	-0.318160067779265	-0.0319415394323297	-0.246312881462917	-0.420732178503356	-0.0416046331242424	-0.188053635568757	-0.029463090215681	0.378868702872103
tempus319_Pre	0.0455222948015794	0.272414217977657	-0.159839766680105	0.301343696372637	-0.0207904730512672	0.288851430569799	0.0562432123555412	-0.0738633659626192	0.137302282213388	0.0130130653006719	0.00549089395551516	-0.247281932292327	-0.408718230897806	-0.332272491424683	0.00763734772404631	0.159439303262298	0.0736926944332446	-0.0466573516751479	0.0561026312117126	0.139477711150734	-0.195556293828036	0.445652011157508	0.152620544483691	-0.0233681331776265	0.00412248500244614	-0.0621197426228555	0.167580414374165	-0.120944794050908	-0.381473074903676	0.565568659036643	0.0751573120039278	-0.257939506564063	-0.326914493192172	-0.113208846254526	0.101816286284024	-0.346490728125944	-0.10169963455789	-0.191971786104126	0.354281041631481	0.385601264268907	-0.146470614924653	0.106631082188403	0.0254063334305912	-0.205754658530291	-0.169338590169616	0.167630806244139	0.226708444597182	0.24205645610459	-0.0829010698988394	0.206676047705895
tempus320_Post	-0.111330384531346	-0.125378999094584	-0.379933806763512	0.247820132539938	0.00534681143201982	0.306563012415977	-0.173029233427163	0.0822102612754695	0.318509616199005	0.0741549556091139	-0.140832655771175	0.0490975670813533	0.184259547911016	0.147274919056226	0.109742916619183	-0.0704634271608393	0.410264298115438	-0.432329297216345	-0.286895181952985	0.0583521594063443	0.122208917753793	0.104524609914667	0.014235633926931	0.155319752044146	0.185453179945369	0.132969730843405	0.338090892079133	0.426675189671198	0.160111862071492	0.300014244303548	-0.0712212555713179	-0.20869268515422	-0.00594529455788487	0.155023588349149	-0.102544733651705	0.139001143602592	-0.0473983745052143	0.0197143892684045	0.171157060800309	0.198493592988784	-0.21235219325918	-0.0488600863757473	0.0355928137539658	-0.314228344359959	-0.199822966626774	0.147462266525489	-0.131214950683309	0.103496870715456	-0.268658183129619	-0.208272054943263
tempus321_Pre	0.525819077068551	0.346053336782469	0.143501872960401	0.0983327214511455	0.369623706643627	0.376354932291536	0.51468203028336	-0.411115927820198	-0.405182581098007	0.312796282658604	0.279534556600459	-0.139303953891598	-0.0814260848439213	-0.0759629954135646	0.0997695726036843	0.335057261588523	-0.301132452624025	0.667323042754538	0.602460595692979	0.269295926174099	0.13758090232679	0.361221754956798	0.307360089812022	-0.312823578065525	0.166970719941017	-0.260880944833083	-0.550024724021571	-0.589034650910018	-0.392274315041241	0.307796731118876	0.460152914501305	-0.133811890736498	-0.253376096453094	-0.40074631214563	-0.116424505290027	0.13732338085935	0.226913292215551	0.12809369821473	0.225468276068602	0.334670929979385	0.0504251966386218	0.166042863946681	0.377879406617312	-0.127366990513321	-0.158161019810494	0.401920266567594	-0.0791501947179136	0.321095207671316	0.254020245953752	-0.0102418216138994
tempus322_Post	0.141888925486414	-0.0929178789013439	0.00680113950593209	-0.245659965003878	0.230073845718962	0.265378565706958	0.260724819540019	-0.0978615407016923	-0.507270080337782	0.0525931075176797	0.0106369475774986	0.0391630160984087	0.00816105363571504	-0.178974982369453	-0.263066828982695	0.139277953467811	-0.486485465545026	0.030560474360684	0.195820028554797	-0.0119593262197106	0.176400847559271	0.180729824160063	-0.150087957593192	-0.219666108568643	-0.0925673558042193	-0.486626389805046	-0.525806152679128	-0.476427437887199	-0.285130632207938	-0.229499120663162	0.00137060487778565	-0.205856692850643	-0.178910209505573	-0.427436337318091	-0.3196634126026	-0.197827901984502	-0.0884379658055407	-0.237173809310013	0.0537921367855899	-0.259722907972602	-0.195924803689429	-0.252962509237358	0.082176569351483	-0.108205859274577	-0.0841478513614878	0.291947776282817	-0.276879819622745	0.0865175154000756	0.140847178174966	-0.143115718874965
tempus323_Pre	-0.412173240712447	-0.275913206580555	-0.391461151457679	-0.201263765703476	-0.0535010951187957	0.0452014836299394	-0.459479755961793	-0.370704658765708	-0.462632697019913	-0.275710828125907	-0.183681973371189	-0.101130873755485	-0.0336184861666043	-0.149343060674572	0.017513763075984	0.0672709096092557	0.0787185090841783	-0.555391394052633	-0.453686701333444	-0.103808621586674	-0.175232458058796	0.0266021418732704	-0.345405181783901	-0.276819292364989	-0.223055966537476	-0.388254221610483	-0.544754908634681	-0.248478315369989	-0.503200443873744	-0.122165889949161	-0.370707761041176	-0.1808456156698	-0.0157654294188666	-0.0886800517153988	-0.267577721243132	-0.371773993129653	-0.289332643006588	-0.33747670578916	0.32257990291919	-0.408579758990841	-0.169715561389275	-0.305710511850094	-0.235948057380122	-0.0163057347311042	-0.15997774506894	-0.377455391246349	-0.0395255312403602	-0.108163348356382	0.0163617233843028	-0.0941113085844094
tempus324_Post	0.55542102934249	0.215612312170117	-0.32802204123174	-0.202248523081584	0.191149508558992	0.400875631371502	0.359964386915966	-0.357942876748731	-0.542977319706088	0.297896544023405	0.164474791526225	-0.272893797586706	-0.188860950490825	-0.201907467833465	0.259367797190126	0.259971182207498	0.151400133831955	0.525169321886769	0.506581223285902	0.224953373773977	0.116225111835542	0.44502340158823	0.332211016825981	-0.0786466889411716	0.0727205455115875	-0.239793503935024	-0.639005726693362	-0.392733541097264	-0.397776371308291	0.491526076791671	0.457449074192697	-0.233869528265733	-0.301711363746607	-0.457085209843733	-0.237026267912681	-0.120615463109869	0.0167167892847647	-0.0152551951007661	0.516222541617069	0.14383274021688	-0.0886142923339928	0.204162817682635	0.340148156982623	-0.205147181538923	-0.291085984920128	0.417001417507354	-0.10358377763179	0.381951691181231	0.0564086028372733	0.11626455439683
tempus325_Post	-0.439289731598011	-0.388045482720626	-0.294710647785528	0.194998575599079	-0.046672092861192	-0.0166521439263174	-0.304173507905613	0.156222026321071	0.275919273665849	-0.302665679530417	-0.150416835284485	-0.163703307457266	0.200017088653793	0.0532474338188913	-0.244751878015603	-0.296076761535513	0.0812198152406048	-0.531884138391821	-0.48343264269906	-0.260679771132997	-0.0553163356052402	-0.351617137327996	-0.392476611405941	0.160722426381103	-0.0128647560438419	-0.314895163542969	0.279051158751468	0.253743645308143	0.185424282984883	-0.564660953428965	-0.492993463965419	-0.358052174006538	-0.186100819017038	-0.0578971558372088	-0.301508933692112	-0.331910420414163	-0.332545364183901	-0.26144963088137	-0.135984362567584	-0.42931927845119	-0.0237547800910205	-0.494539237061109	-0.354881102120256	-0.259910422461234	-0.227307989520311	-0.400879404217308	0.157803573566667	-0.402888636362489	-0.138642241626455	-0.134848725451836
tempus325_Pre	-0.508114286899508	-0.405603876939236	-0.348281704629725	0.197111019410022	0.016832242284283	-0.280353110835305	-0.404982515175173	0.16864050628937	0.495023806776965	-0.320429946233056	-0.387295748616488	-0.20986032579493	0.11439070709568	0.0544667522649081	-0.261528939022768	-0.328818739329257	0.0686202771891141	-0.504857224833149	-0.510000958422783	-0.335042689225035	-0.14591895212459	-0.314491657945866	-0.43330205603515	0.119960502771179	-0.092089037177339	-0.148493998457249	0.585664173270465	0.508346206072369	0.391371393253044	-0.48830493800019	-0.479051341779671	-0.341798108040076	-0.133189280554159	0.0279105399293697	-0.245231646096717	-0.427466125064757	-0.338795676582063	-0.237062092921683	-0.0350114353801571	-0.325372677046345	-0.218324007738233	-0.449169473458863	-0.393797594822679	-0.258175742149801	-0.208884203122667	-0.478065031753258	0.278303962781497	-0.413954376860435	-0.041285859490272	-0.212294718235101
tempus326_Post	-0.0967712254462042	0.148421494641392	0.445626495816742	-0.301978574388778	-0.303311336596217	-0.348647359902692	0.236829517636782	-0.35083398804746	-0.214785311863651	0.152323389641644	0.102235538364506	0.446219337549208	0.210362633278421	0.327637189543872	0.186461004411649	0.0190884896712352	0.0339159959388267	-0.00385483023192033	0.0530915413428991	-0.23092674405472	0.207253117428425	-0.0230056402596763	0.318630396632275	-0.370782878879958	-0.259836276893956	0.0477403505542054	-0.00639617775012642	-0.457744748070598	-0.490453900882781	0.0586495144404912	0.170732254980026	0.652384402676651	0.57599415272403	0.364249930833018	0.190945651078897	0.244168573200803	-0.129144789796973	0.090736425428935	-0.00265173495873888	0.144705088991375	0.224412241032639	0.520585572766553	0.218346202487758	0.637461379840461	0.40301915688497	0.173631842481269	0.0760629704078066	0.26627112240769	0.20285161405893	0.423509833133667
tempus327_Post	0.182839065221668	0.0942243918175376	0.169134378995182	-0.0650129518404183	-0.421150023026003	0.0651276279895278	0.308878458906629	-0.316729187656932	-0.158193569947367	0.13574728778599	-0.0243023948812984	0.269716114381799	-0.110483877393031	0.0149252831184211	0.334504060638805	-0.0430555299098457	0.19576306778625	0.129904511284808	0.266395574084837	-0.146892034158745	-0.0461384435472673	0.0406458652995602	0.445142616895521	0.026605620150891	-0.21281879291883	0.172869293291212	-0.191828238759101	-0.144711120704038	-0.302060751968109	0.279838134731978	0.323383900878191	0.54334909221765	0.456705212284118	0.177405516263717	0.0474867725659471	0.145216087632535	-0.055870627806581	0.0806263629011293	0.323935526350042	0.297741974598603	0.0723660068351234	0.5178695218371	0.2229590354419	0.529017780472699	0.353847085330872	0.247656192065705	0.0690200826489186	0.398397395129319	0.0634688324404122	0.384627550612095
tempus327_Pre	0.341072343519119	0.154113392718933	0.387462099993553	-0.327907645886358	-0.297470515583014	-0.362660328236357	0.492965089569554	-0.0741878107963696	-0.283983015550149	0.126054305758141	0.059406875299174	0.353534310290159	0.254505721462465	0.245400021715607	0.266510408628332	0.0208191895790408	0.0141602385385823	0.499309543406549	0.498329153853954	0.132432763784957	0.126024120211284	0.067533503332545	0.433349858166702	0.117257792681365	0.108741609834638	0.270657687276433	-0.315497473910566	0.112305397342895	0.0761484426504926	0.186368911665632	0.434148730990272	0.585502429685136	0.46945934259833	0.376109178476808	0.204050610029934	0.524491044285833	0.143168077047541	0.348973328085877	-0.20814521498474	-0.126263059721405	0.0436618301883964	0.512938163980537	0.393269238104209	0.529398287696789	0.389186097171854	0.555831083400333	-0.137280274051839	0.348105523342979	0.193656697154713	0.420323150379376
tempus328_Post	0.382747370424983	0.250124264137062	0.49015029715928	-0.0372547920086503	-0.394791373226048	0.114052991696409	0.275120621332095	0.0984798542172159	0.0276738273873348	0.242401644180094	0.052563312275957	0.443942254732071	0.0511006342899694	0.153648779927804	0.326982529990427	0.0607411467064786	0.158187794006061	-0.184884815166206	0.101426685148715	0.262331823326071	0.0196565788058018	0.0741133692357344	0.346405297018926	0.116964730810919	0.227444584492716	0.432695985334454	0.156675895834826	0.0496294738486589	0.260600508453146	0.298892305236455	0.282235499150424	0.582016111795932	0.510446625368192	0.490119408413996	0.317927789035325	0.490440297072725	0.286507650528022	0.382102077713513	-0.00795061222463589	0.262448542464819	0.216398928484448	0.496326181429511	0.101216116459065	0.513497819593876	0.395216371721713	-0.00838282066469954	-0.0879815860710961	0.278997379437107	0.0735260724052135	0.161397739925504
tempus329_Post	-0.23326267912935	0.0107910696804085	0.419280424330293	-0.259656986667369	-0.278020339797782	-0.33127637834882	-0.270437838433903	0.00742960343214277	0.0584097750778419	-0.0700788319030486	0.0733594440806939	0.380193276044113	0.341903676985628	0.411162323090943	-0.0973345887415076	-0.0624805939017063	-0.405692213644004	-0.451517260692337	-0.332502564570136	-0.222076631885517	0.0850365236932381	0.041919551151144	0.125370822415476	-0.291505203340079	-0.172401297395943	0.0553906215474407	0.324109950452173	-0.244920689817093	-0.314633504227963	-0.339914649909564	-0.284273012012238	0.57931512660593	0.530954629147808	0.495989934707388	0.22046572038586	0.256987993071065	-0.130417594217659	0.123011950984057	-0.073365014797843	-0.157196868675473	0.136562233636395	0.399240367129447	-0.106205386379806	0.556589372840227	0.384602684671766	-0.276841586537744	-0.00900699432118499	-0.00104002396968692	0.149542291584019	0.221937926418309
tempus330_Pre	0.346992412404461	0.299725037971988	-0.0621483719602638	-0.234275682076605	0.112815790513745	0.213193276070548	0.37664963628024	-0.359373078865673	-0.542524742904875	0.217715896150451	-0.0247303658676433	0.14235594083407	-0.137475512269561	-0.0716804590377941	0.0095260026330572	0.24980300407461	-0.363165282901461	-0.0815141094769875	0.233197051961708	0.228629223419884	0.266806495289875	0.172446784615432	0.260928718960755	-0.338042900762538	-0.00339880984937141	-0.351852649277005	-0.595145311581574	-0.511090253944551	-0.542590121056183	-0.0829643628510871	0.25191636543606	0.121328197113822	0.192731078209853	0.0825655991949507	-0.0406783952115681	0.0954000087116016	0.262196801952571	0.0187726149407281	0.125234124764984	-0.248299560189117	0.124704481949058	0.0513796631376256	0.329867978478196	0.0533485889235762	-0.02361608134525	0.34943092883145	-0.119353425941808	0.361304972504503	0.201658954055986	0.381206993607212
tempus331_Pre	-0.360979804228498	-0.187274153604059	0.0653752180547472	0.0819713687142642	-0.337490606116706	-0.359195039891667	-0.133181253207472	0.20961333156941	0.455943251358093	-0.194516623582953	-0.558565455611462	-0.00569400422370334	0.10979404590151	0.224558314156577	0.125547453873801	-0.393390065124414	0.0888898197577296	0.509214471804444	0.200563420357519	-0.452094580335149	-0.259333113663316	-0.474908761846287	-0.190194116785256	0.223438687268317	0.122336100091545	0.392924190673732	0.455174447097563	0.561284977111327	0.467953336316805	-0.544403948653284	-0.141106923232057	-0.165771781409603	0.104286385863833	0.311751442163997	-0.03156743908742	0.380752302360593	-0.110572112542582	0.0319811129334942	-0.261611735743925	-0.360366505408716	0.422971480851083	-0.418812192009475	-0.209390881915756	0.0164504073435788	0.18368414603991	-0.105244742848151	0.257499421192114	-0.326732292453829	0.0593800196375778	-0.117700943624244
tempus332_Post	-0.387360244112858	-0.274513199158843	-0.214173054792532	0.041689676337762	0.0697635806932455	-0.40129341915561	-0.45554964581826	0.174339483946107	0.324795605902232	-0.232413174447145	-0.0330688023431279	-0.186632704170676	0.0305004615157184	0.0675388574812709	-0.237038157467448	-0.202033024861954	-0.242995798458408	-0.0809183011573937	-0.308110944342496	-0.242524652323271	-0.343954933541418	-0.268832498742313	-0.408846212244989	0.231953285786255	0.155373030357183	-0.0252616629263577	0.506017536453116	0.453420779457767	0.465462835467659	-0.410999906812057	-0.442013201314438	-0.33635913593724	-0.243267058191911	0.0457855648908291	-0.00594607864999683	-0.114994755428124	-0.197732507328389	0.0506108551504566	-0.163733310379174	-0.299455883650669	-0.217558311783947	-0.414874692037924	-0.240710312109505	-0.240345064164037	-0.0995643353206286	-0.354363692655159	0.0972676261410111	-0.362094492462002	-0.148202835103594	-0.169107389380752
tempus333_Post	0.00546206049469422	-0.0604682232249847	-0.130900560007159	0.166263647489731	-0.135834980366822	0.380044309701593	-0.27981308971447	-0.13729981907646	0.207764995933285	-0.0352864892331732	0.250608420739282	-0.261247785027105	-0.202191522827328	-0.178550513220557	0.0591082945878589	-0.0582481245620925	0.196282261871071	-0.217594787988475	-0.294706547880327	0.00667497524375391	-0.0525732387160114	0.234486351418015	-0.12507654692579	-0.255349651182982	-0.204425316826619	-0.269520126185793	0.131977857154122	0.178234253100377	-0.427031202461392	0.0937537660173838	-0.307044911828659	-0.237376422981436	-0.266547363091227	-0.396036566562261	-0.231441994546978	-0.367236195821564	-0.175204621545541	-0.248469168882727	0.423189104841756	-0.255312721041394	-0.161314193680654	0.0487511401961247	-0.189534020026355	-0.175575564193453	-0.244081595654363	-0.327063486673819	0.112056385698596	-0.080701641876934	-0.0135566050207819	0.26998769900917
tempus334_Post	0.44574680726043	0.295618690680201	-0.238741070010127	0.0208576157520069	0.172947401682554	0.287681271629119	0.556264976049716	-0.13982556432019	0.183050418781688	0.262079766106312	0.0345987199682301	-0.0844232121983705	-0.376944967113411	-0.265322780550873	-0.042775270499527	0.220589413497564	-0.188822255433404	-0.0688197058692669	0.341870576065051	0.30696765445784	0.105342631574313	0.281261755769088	0.412541950665887	0.0517359461343749	0.154775436349467	-0.0721993732101264	0.0696501697821149	-0.0526719907692153	0.0262713336116556	0.528895795303912	0.538367475049279	-0.0896005795518591	-0.157877564192262	-0.182753687618691	0.0884869514881207	0.273567959599036	0.21728380598751	0.129710161379609	0.212039014091968	0.486408122093395	-0.0655904554886724	0.202863670139493	0.335676885861587	-0.284024867848976	-0.279223626975572	0.541505190328748	-0.0965027892766805	0.3378627746993	0.0408404235360304	-0.0789302928384906
tempus334_Pre	0.322069335562127	-0.207951113195519	-0.433492911759735	0.00723681766181912	-0.0980031807883602	0.125847654778658	0.354649441551745	-0.328049998945196	-0.0635732317265676	0.115908954390534	-0.341648241453573	-0.33564219900687	-0.312023701846128	-0.26238046493999	-0.143505645404381	-0.0510362282631077	-0.0718657683887343	0.425106182389231	0.461468474096247	0.00381011415139305	0.153514442372118	0.0676832187077687	0.26763182083733	-0.233176055105574	-0.0120704774816638	-0.191967118646906	-0.108534886298118	-0.147597524880232	-0.477707182324507	0.0553427986452024	0.339084442413062	-0.351323879086262	-0.338929726003312	-0.45485474386485	-0.360117426754952	-0.265898844233563	-0.0266493317883944	-0.167729644211359	0.164006899623908	-0.340081534681943	-0.159670898562465	-0.228005385344168	0.142207423502457	-0.273272818346268	-0.393100961860357	0.503665413235184	0.189956214349715	0.284117839059329	0.172717536287746	0.145473784921285
tempus335_Post	-0.203554016358292	-0.0908140510112827	0.108945599916262	-0.111308760105618	-0.0411782441983608	-0.179624418551462	-0.213202220697564	-0.105594476025992	0.0455643828424896	-0.0626923957985034	0.0445053788670591	0.257698042322168	-0.249062478955365	-0.0540114013480984	0.100278636000847	-0.0924675194471299	0.000128612851987286	-0.555088895928936	-0.408294256412628	-0.100048746777901	0.182206551024434	-0.0332735645275661	0.177266194560629	-0.129189722207614	-0.0508469854247824	-0.0713143468367841	-0.0233356908011788	-0.0703181454502673	-0.148993738031907	-0.0792165376733192	-0.140599469385272	0.433508054132844	0.420184814339111	0.298873133984548	0.096978861833671	0.0617026828494226	0.0953282420415963	0.0663360444483315	-0.0127827837764105	0.0177132271247234	0.0425771988276053	0.444065985825458	0.0877687126077473	0.430237238618021	0.377586088142206	-0.135362298115446	0.053853271517804	0.212402836496446	-0.0768736079382418	0.350826387468542
tempus336_Post	0.387955818577817	0.349988474979817	0.49253315667661	-0.105729829922649	-0.0221881632830896	0.0988908090056009	0.225775091789566	0.134469570806777	0.0259548060161651	0.285448744671053	0.118239626464756	0.113190808597507	-0.182712781335041	-0.0603940061554046	-0.00200621392659203	0.223149102236563	0.232301390587414	0.387111436596252	0.363409490782175	0.338901179247647	0.220255057788563	0.205461653951093	0.179497160493051	-0.0491850249302285	0.367003534891527	0.383849733948131	0.0539472884414904	0.0206987063911631	0.0082186709101968	0.576046291052024	0.31757099197328	-0.038054274581661	-0.0284034384393043	0.14785548351825	0.362331527948973	0.334137251835132	0.25220836295506	0.26557984994963	0.189426479790916	0.403137539585511	-0.105899125315808	0.242919992606547	0.178669663898984	-0.109735595317215	0.0104487513073812	-0.0518491523917073	0.0326431868140308	0.081812167895871	0.0920071524204225	-0.182709588109483
tempus337_Post	-0.13587349589963	0.109980985622824	0.319889134366157	-0.0669222225440115	-0.302280959366658	-0.346312440724427	0.132080197574578	0.0135838063001832	0.106925852050322	0.0800347614061048	-0.116718417439577	0.290450233290423	-0.0680293887941553	0.103018509604847	-0.0169252943641536	0.0786014350530137	-0.0959917685781475	0.40342642930802	0.400327808067579	-0.122567619173473	-0.132639333664507	-0.26748083371564	0.39072213911413	-0.0580819620615844	0.000777512582162659	0.0912254377795819	0.271537153634096	-0.0995062154472391	-0.0717580281432184	-0.256379912525714	0.216980809980485	0.546683861233197	0.50317086924746	0.396600870058419	0.107835173837914	0.221083461231252	0.0239997970560974	0.249097599143013	-0.283034055924873	-0.10895218257957	0.0952513473217896	0.513264666914553	0.186587998169278	0.556097978743325	0.497977420512233	0.362434540169833	-0.0390350590808108	0.136908140070937	0.0365922759443606	0.419902185936708
tempus338_Pre	0.306225451951372	0.105868994215862	0.188711905255022	0.068417815896915	0.38510676087426	0.231586686923133	0.288040039548483	0.232850703211089	-0.0818623757250569	0.257113054135951	0.231086474905245	-0.19480521291756	0.0811273686113258	0.0162193472223597	-0.171555602398284	0.113241958298	-0.365234820539316	0.407316899484133	0.304444711279207	0.237976978272639	0.254671807265518	0.114888349723153	0.0629913182120287	-0.24700804510555	-0.0362169302543273	-0.207474016337188	0.0103918422161229	-0.38976677320799	0.0667451160860811	0.380157639077851	0.325004020861924	-0.187449411263273	-0.236225371509801	-0.290254376855019	-0.128653262567155	0.116220930820762	0.134665872580565	0.0484191723577049	0.0432752530996661	0.189000450400776	-0.215188094890266	0.0264111106017347	0.15644449344623	-0.156367950085226	-0.0737433312404257	0.205896711216586	-0.227117949946729	0.0775150074859524	0.104926703156304	-0.259580409500905
tempus339_Post	-0.233910586287201	0.0653773820126676	0.348019234759093	-0.230691447676695	-0.0487851903362072	-0.194908718648936	-0.0405803835431638	0.103990600035723	0.172332218226923	0.085825283385158	0.139288877558138	0.381178511038921	0.146345929921162	0.322772591426193	-0.0935468764720367	0.0954660915234029	-0.314126718673449	-0.468164479876041	-0.295867932976188	-0.0580722777592241	-0.175676464360728	0.333056788070584	0.265019056255835	-0.351355239370929	-0.105358295141905	0.142277230629513	0.272214098617982	-0.0660992581003429	-0.0283217000344674	0.00782896420102461	0.0248499546500582	0.570896060678123	0.50947501174769	0.415032880116891	0.288774033337738	0.278297850157099	-0.0108852103954755	0.182442624670006	-0.113049575041847	0.106613691229519	-0.00734449011461416	0.506837916530981	0.0769607141951558	0.526083998838259	0.401291591331192	0.0881349300809668	0.227311598136302	0.180520599324805	0.185029446297171	0.518902429312769
tempus339_Pre	-0.250191471655064	-0.0336943925395931	-0.171293279453884	-0.252099590957953	0.399651877245978	0.317391057543469	-0.17494577036681	-0.255779442691387	-0.471579617688829	-0.131936627986444	0.398488051428272	0.176595950378273	0.101409956524517	-0.0517692940920499	-0.127931572120574	0.38529418285925	-0.346710775635508	-0.492085839922763	-0.365215405404161	0.23841501668902	-0.000939005594808584	0.417253427550482	-0.223504455960321	-0.443834328599462	-0.205169231857811	-0.48575699557767	-0.491997391025627	-0.542669617250232	-0.452300680497138	0.297462648933006	-0.276336574054362	-0.16658932345932	-0.153192518718863	-0.269032695608148	-0.297135206242635	-0.257829213651404	-0.143015652206386	-0.309746921741769	0.32946085018487	0.287581103967218	-0.0796806696859607	-0.164515044735251	-0.0848737844043188	-0.114713920544744	-0.218787319006773	-0.305969712676112	0.0120857109515131	0.0833242258599569	0.183265569411292	0.343554644235646
tempus340_Pre	0.389003945153021	0.345455569787386	-0.0342089197673996	-0.130133861932376	0.320861486459119	0.283728249874111	-0.138065085564212	-0.244677710492026	-0.255755664374972	0.148903815376958	0.268900775440665	-0.13684154770659	0.527679439622374	0.3356337440064	0.0174723258721218	0.112623423752349	-0.17443302452559	-0.410780713754889	-0.32142064631295	0.114859729713004	0.24404791461608	0.440631961672943	-0.0433037847338721	0.180668861177194	-0.0112692005866165	-0.00300124257704359	-0.413408465584465	-0.0808819460779472	0.314818117014861	0.243532897553149	0.0561413317335735	0.180894031983913	-0.163661139153633	-0.255265955309522	0.00328016322413099	0.148642016208636	0.0376852636452744	0.11674301059094	0.108140302505776	0.221018487017292	-0.0699035267868181	0.294664906725873	0.113915635008062	-0.0970099845491126	-0.115726708035111	-0.132708131084681	-0.186944206118358	0.0467933781217713	0.141825943128378	0.375511249700594
tempus341_Pre	-0.417572110761313	-0.291463590848937	-0.130448638731564	0.144629524418124	0.147370712847774	-0.262957149643361	-0.286030186677203	0.0192562730215546	-0.0952866260910248	-0.220694229348324	0.214806193840469	0.125690740845004	0.0534848659050334	-0.0783030427179196	0.0685792581034774	0.0467181173157623	0.0313010763354977	-0.266917937043232	-0.341009069827724	-0.217707617691599	0.0889483290360615	-0.0503642074287721	-0.21394548925035	-0.120133325590478	-0.272274137686652	-0.20632530807069	-0.0969685506865429	-0.271227182362178	-0.238217920902043	-0.350834515434361	-0.353783409317503	-0.214314819470415	0.0764554679187489	-0.211313456898385	-0.135722314535037	-0.107176289882598	-0.311391819079293	-0.139010568247261	-0.0394463641199163	-0.175876063276118	-0.0680548807311342	-0.208632619876778	-0.159885269625472	-0.0916490697253704	-0.0587772047541171	-0.371813439617738	0.07562769910188	-0.172153090525857	0.00552800100400661	-0.154353660855
tempus342_Post	0.568865127400432	0.238853661031524	0.317637713074502	0.0030838388559323	0.148828592664788	0.331051656267419	0.449280329960906	-0.284405118150955	-0.403978617165305	0.32659989865896	0.0316145982890322	-0.0930536958253753	0.451845650535631	0.356738128723003	0.129588340070283	0.358966015885109	0.0444468869479824	-0.112877551929207	0.253128930922656	0.2883288183711	0.408535419395795	0.404062135606821	0.261850500975335	-0.0654103987785834	0.0928467983566449	-0.0401581157510639	-0.450220406616352	-0.413465287006528	-0.459634314236887	0.324540584617427	0.503713828763563	0.0364006208877039	-0.071980857722915	-0.279190277014316	-0.155914888332525	0.0722342769430748	0.161110252152485	0.102441735969104	0.293703189558241	0.329317452157255	0.140201538479452	0.186184872066127	0.326658123961176	-0.186624246292112	-0.159347011995638	0.317467571970058	-0.0673139992639807	0.359573720356031	0.199930044256314	-0.159144216204797
tempus343_Post	0.230573984734115	0.247910848735491	0.266663422948056	0.263623635006667	-0.408561157398534	0.224477307010527	0.0435812547768507	0.0424260758238688	0.333433464670042	0.0400921031997241	-0.123726010063479	0.0384012574821059	0.194152748109254	0.187305677729832	0.246944996251118	-0.0460174941181275	0.15186001522944	0.0202341254062475	-0.0839806093320596	0.0416951156692021	-0.0157429563739805	0.0292757870083562	0.053116163760628	0.0109896854324472	-0.04357886898229	0.257793965286729	0.376334306011173	0.073661230384249	0.174536637910807	0.0456183439449071	0.115083420928847	0.391295608129914	0.139599943933679	-0.0996499274198664	0.283306145112427	-0.218053923399591	0.270870483925113	0.00611434217320828	-0.0575463959282971	0.158182353841874	-0.00418556842746942	0.339054808964187	-0.175212451064636	0.209204301430972	0.241606613271324	-0.214745135646373	0.0324375155033114	0.0711054633356289	0.00443188151559912	-0.0835642791280784
tempus344_Pre	-0.284182680340746	0.140572700954757	0.0377385332620961	-0.369559415334235	-0.171494831039128	-0.137763811605966	-0.21607970358914	-0.327155756688581	-0.59342716639207	-0.165670050786573	0.344399998526838	0.190210555883089	-0.201503666879499	-0.129691298715349	-0.268130246254204	-0.0630269482559419	-0.366318445767441	-0.491184643923051	-0.431648438636186	-0.1409700950119	-0.0615766976301357	-0.362528929192233	-0.0410415959083274	-0.352682961878499	-0.273644162331579	-0.359197419847829	-0.658534559665787	-0.531259313191507	-0.395173017000631	-0.3261828826375	-0.260667757586248	0.510984438735058	0.341517461845654	0.0292255114260797	0.136977475238939	0.0767140737609819	-0.0497665483577093	-0.190900306749885	0.00516883072634601	-0.212285807404292	0.206554172693911	0.434680298837836	-0.157580601696533	0.531730748339616	0.242933147224174	-0.361007716319862	-0.1951403628182	-0.00105541016800731	0.0788382387756259	0.118344740758512
tempus345_Post	0.443472589448349	0.166489570762871	0.454967417533216	-0.166816757342774	-0.324114275214316	0.173220969694796	0.199006284030475	0.213581471364615	0.0404115182658351	0.140991746896675	0.0270198170464628	0.173155584518234	-0.0260299771020409	0.079213404691356	0.313086582376062	-0.311303729189539	0.394551750913147	0.510873416412899	0.414773999361392	-0.241945363371312	-0.200709205499896	-0.330292558058291	0.152867135666622	0.446690667551527	0.327968939271615	0.442869873286143	0.0279839191699697	0.427922037898264	0.0318430056478387	-0.517044958326241	0.194201707687273	0.0256635940433763	0.215557651609967	0.475097842222114	0.288839493983962	0.324892362483428	0.258295743166825	0.264702148529674	-0.172773186615984	-0.30498479004986	0.073339453883181	-0.224380109392595	0.141638485324379	-0.0432537912685411	0.325602049756048	0.233110657242486	0.125849806984252	-0.076472702051696	-0.126651563188973	0.113670926463456
tempus346_Pre	0.331285607150176	-0.0996335417505913	-0.106889289180691	0.261884071337156	0.299861974753971	0.472183023678385	0.383130878102201	-0.20497135015183	-0.321302608297438	0.108794188492758	0.14412524188897	-0.192921562046992	-0.459396458103825	-0.438918119447807	0.105187243648881	0.208189395115992	0.14650328278754	0.147121208070237	0.361198332656817	0.270184427807291	0.0659934801819424	0.415245317104523	0.326947579228568	-0.181730374247922	0.160913068944924	-0.226525395183752	-0.45933188734977	-0.316436559795097	-0.547901306001894	0.531534466254744	0.337532205447103	-0.318069436170454	-0.283061318757451	-0.405808934224665	-0.35631737097904	-0.161953513905143	0.00561358085575217	-0.122387274214658	0.322652169940139	0.544348834564312	-0.0627417565019511	0.0936581439632086	0.316742582747806	-0.180266952726314	-0.202684050962344	0.548570374505829	-0.122627621345365	0.452460167507136	-0.110210337011925	0.208577525555413
tempus347_Post	0.241219294369284	-0.000674922612772216	0.134275294337971	0.0757599908858973	-0.0439923466770396	0.178964479684061	0.310592742730977	-0.0802116763893582	0.347662545636137	0.0811040774891021	0.238481468039423	-0.0157095672419523	0.114586832310778	0.193153017911866	0.0490113464215444	0.166005943205259	0.00581903965095981	0.320336403961993	0.346117003908565	0.322425676727895	0.226921930607606	0.236430516389146	0.36378496869837	0.0319074528750276	0.00249398333557621	0.190387576736737	0.363741589429149	0.149413187832794	0.270930914489004	0.412740725059463	0.327152606269076	0.354999321900146	-0.135209971788605	-0.0998262628656897	0.108358728506038	0.189432551162155	0.0991169245523154	0.217861733563784	0.0215164282554367	0.34559024588127	-0.101534468585604	0.442368243576037	0.223925889117463	0.331608196712912	0.163935856435528	0.397895318824954	-0.0434920789974886	0.275473947058077	0.116959411194539	0.267083019995462
tempus348_Post	-0.270131728571672	-0.0758434148610291	0.0766143860718289	0.169976759821188	-0.288892317840676	-0.00343333606682433	-0.316156071613897	0.0401852089856619	0.473160158282923	-0.265941530019474	-0.0609608872080782	0.175330124717798	-0.34334381931013	-0.0836074478506286	-0.00689772461247354	-0.217208475829525	-0.0671879337315495	-0.644138737535081	-0.49281065793672	-0.0634660648524003	-0.272088458781966	-0.0756337745740303	0.0470237404236144	0.140825376347531	0.140441090171656	0.265797310301912	0.456717553397168	0.497988024566237	0.391228797858889	-0.204176733071668	-0.275156742707464	0.251702992145892	0.104223981642251	0.334854834592295	0.148357861333179	0.352646842180094	-0.0703164020627945	0.213135307158298	-0.138629936307175	-0.20156548739572	-0.0790145507862462	0.231893939798934	-0.178150908015656	0.0946640017802903	0.307652463948303	-0.258224007982921	0.147749471090994	-0.137581912896016	0.00750842287735405	0.309918067275104
tempus349_Pre	-0.140629108066579	-0.0302100973912977	0.153604760941078	-0.0623691721052158	-0.0355241772273476	0.0515323335804914	0.016295737260958	0.0189353087400025	0.0401587472398652	-0.092998198341919	-0.16073393761571	0.219451675304519	0.373380173822121	0.196254169428086	0.2784733168341	-0.116284053598382	0.220228077637292	-0.358733340235308	-0.257511339195242	-0.127012525704819	-0.0391012745922796	-0.293718132726326	-0.111148544295338	0.374534667804385	0.200208226331721	0.343032651677071	0.0428173963573704	0.520836564906787	0.498834401542895	-0.0791572797603713	-0.0417174119008468	-0.152944646573622	0.266486721038912	0.341199645025939	-0.0197335495990039	-0.101762116894525	-0.14414692204249	0.0465411178341583	0.144474455807948	0.00856870661221715	0.0319135649651815	-0.368772790259005	0.0864078267032119	-0.0133282352973569	0.155377025601516	0.221887874699937	0.136916194281056	0.0376584883707524	-0.0352718335231475	-0.225291298633995
tempus350_Pre	0.0149264562640824	0.0654688555261727	-0.0300945885267581	-0.206665132757303	0.0454651058476147	-0.0156274097208839	-0.188688642571571	0.00551374456424636	-0.0780199203143413	-0.134891399307116	-0.105246456246004	0.154704371170163	0.27281011912739	0.151282529420725	-0.12016166578128	0.165155309250324	-0.334987356314945	-0.530651155116641	-0.442429097598599	-0.0840358602652213	0.147565429685023	-0.176005991904393	-0.200297421036688	-0.0901517129171386	-0.241455437017385	-0.240805424658658	-0.11531733383481	0.0605654615957739	0.423920983524377	-0.0283083128280575	-0.15085977620884	-0.192046227866519	0.134453167631252	0.0882723547084124	-0.167719419836868	0.0783710711236174	-0.191262088876932	-0.0348219154242422	-0.0964015291524778	0.0493980778635151	-0.106938495130328	-0.24340444635826	-0.0856965348373482	-0.0259994407256238	0.178625989465668	-0.122540650682964	-0.189715822983625	-0.246044573755529	0.0427046148628078	-0.0211028012425379
tempus351_Pre	-0.286296407127125	-0.0113914491016421	-0.172230865942743	0.185359191955533	0.0688228527935176	-0.404282913375026	-0.476126110416576	0.226726344001383	0.336992630618099	-0.242055892485689	-0.28098535468591	-0.264477712969956	0.257127010387746	0.125442988152703	-0.379785341840038	-0.174348519724858	-0.241224329953448	-0.568805800733981	-0.552297135175477	-0.199190727123137	-0.180000088207935	-0.0390182255943065	-0.491887652268315	0.0709791777757163	-0.0706614288341616	-0.0299418915507079	0.45739207295516	0.244863896382526	0.456231631972771	-0.247965891038274	-0.466909805293359	-0.412436803007813	-0.294911428644861	-0.336503642914824	0.124541561238441	-0.196564528955293	-0.191264883674895	-0.0962738390658801	-0.163448556050658	-0.378185427252202	-0.11642508644736	-0.377173474092905	-0.38866026282923	-0.281803834584099	-0.252298383698976	-0.538933250251175	0.122023610385669	-0.428724822392891	0.0219801641295422	-0.351648657061647
tempus352_Post	-0.243883922898747	-0.28186290176064	-0.13535398967883	-0.193204557858394	-0.108619674829845	0.198272995715749	-0.353706275239608	-0.0819143858633193	-0.247155010882304	-0.170505713424754	-0.11927161852588	-0.149029386844589	-0.250906342148417	-0.225821147476341	-0.045467943163352	-0.265195496967471	0.282893627364185	-0.387638755045629	-0.390802249208197	-0.200978167427652	-0.179960603408834	-0.262133672168233	-0.198189537350041	-0.0752867468803226	0.0761117492874973	-0.0845172955940939	-0.317934301718477	0.0200020941703027	-0.08579501896253	-0.390845181160321	-0.353385192659811	-0.138977335311792	-0.0355588711967174	0.0377583124025522	-0.180855223888714	-0.324638768723055	-0.165684223826462	-0.194146828644995	-0.105345414313073	-0.276012582834406	-0.104485832409496	-0.108867567907748	-0.287588343827338	-0.112134666772636	-0.0647247631475205	-0.394894340263344	-0.0882502603517057	-0.181471385672394	-0.149696366293197	-0.159247867531493
tempus353_Post	-0.332199094202099	0.0240675205308518	-0.0330701393530873	-0.337838517591285	0.25617653910072	-0.0313112742030016	-0.263173642470728	-0.39189720050898	-0.611238869852304	-0.0997791705603861	0.13893987334082	0.230735999020032	-0.298271825867532	-0.207761599625564	-0.173068356706119	0.271705688392359	-0.255179339422623	-0.412757243251487	-0.369188575899422	0.0940686183753611	-0.0701701984073953	0.580130547913039	0.131305852899189	-0.532442985242684	-0.383836914894216	-0.395405947787439	-0.66028083552637	-0.615031474586856	-0.63818010830287	0.142770857134209	-0.215619809244599	0.461622417145963	0.409214804279572	0.0267493898631929	-0.0535709748482402	-0.101141890751092	-0.0868594494679168	-0.0123194353030591	0.239038295520788	0.329639047793917	0.117149639096377	0.457474102712478	-0.0321790439728096	0.583000111812094	0.299182644545337	-0.266923304000201	-0.0442306654439865	0.264351500802911	0.202043387968374	0.523019139496676
tempus354_Post	0.134755101803575	0.259258050390194	0.115172901875605	-0.0249631135295814	-0.396685590488198	-0.230528624890414	0.130744181047699	0.000273766028243222	0.283201962447684	0.131483347783199	-0.101740960959824	0.256197504590456	0.173966375150876	0.283318584029247	0.069515946329702	0.170993935115722	-0.317173552030906	0.527878558852595	0.366883980781892	-0.0633400171700396	0.239643370166636	-0.0534130930439856	0.18247566631784	-0.0911439772275102	-0.170869311557536	0.0696853872773654	0.26202276027179	0.276061904849906	0.349323715343501	-0.233035202508147	0.161425413723535	0.507688968997107	0.319888524184186	0.0333702907447911	0.221271893486202	0.21293996409658	0.00724513507713052	0.171440325700305	-0.183350367797041	-0.117008394409062	-0.0668576153372288	0.459049126219654	0.0419763767581068	0.362325723727857	0.206129932562927	0.206412676738619	0.088935899700057	0.137888156354333	0.277339606684249	0.380198885934739
tempus355_Post	-0.173701692640574	0.00697978828177889	0.270682783599218	0.124320076474216	-0.448796125450533	-0.191397439644813	-0.12444352758349	0.364247775255412	0.510526649763829	-0.0550244600315142	-0.402469618430046	0.363069672269153	-0.305684679819372	-0.120704592722759	0.112854630844289	-0.151032643534327	0.408345867961212	-0.149901710456334	-0.000371873481096713	-0.197984575491593	-0.206883576553282	-0.343493363204204	-0.178741916984695	0.401016279779615	0.220984149594572	0.476101554677963	0.562971884653531	0.595212625713259	0.620713670932988	-0.18983549060968	-0.0928164839465705	-0.0730251142909689	0.195944606960792	0.500890523072048	0.267288502540556	0.105970808520986	0.0704005854755521	0.0982055388281717	-0.242335145828518	-0.237564690308255	-0.0231484776262022	-0.220971600172827	-0.118684360573221	-0.192765017447996	0.116494614672834	0.0108970300857767	0.184553943122843	-0.170356081744714	-0.135413005730533	0.029426741645435
tempus356_Post	0.0801396543141518	0.269434236327852	0.474886243034006	-0.534120147529995	-0.284748347563347	-0.300086396951612	0.293195491248163	-0.261640010867464	-0.601476496980162	-0.00946663324396041	-0.10727666707016	0.385151966939237	-0.0285948567557983	0.0881059086833047	0.241218327084318	0.0056512024286704	-0.0774385029027381	0.463965796816397	0.353404141316119	-0.0524947886366622	0.0892615763224383	-0.00719801424761743	0.327299947715207	-0.280385620537737	-0.0930054090582376	0.0783241935889946	-0.648366790847527	-0.475339033334686	-0.379055667947892	-0.0463092582348347	0.301777601078811	0.575877334095088	0.503214147089899	0.475061480499631	0.164534228370738	0.379602208632375	0.0607237192516007	0.0576943235053039	-0.199128130508096	0.27701866263766	0.0654368682490717	0.518697091927022	0.260424312608426	0.537482655013279	0.433487245615783	0.3534059093161	-0.189599535039006	0.242881955510862	0.204025342798438	0.468103604805449
tempus357_Pre	0.207934780783921	0.218463478619752	-0.220534152390366	0.256147958051862	0.349207874622845	0.411974699836854	0.116158979441667	-0.319289478308993	-0.327551859523772	0.0857840366541771	0.264687303618718	-0.144935887690433	-0.405500538912929	-0.333981353171829	0.033306553151649	0.296503508279598	-0.0230155926803954	-0.457422246749261	-0.314369596526118	0.28751254434752	-0.0172099027532365	0.25331036138875	0.17927848414637	-0.110827416115179	-0.0627793020968747	-0.292367554533463	-0.419256771028245	-0.426529932200712	-0.423367353719681	0.550551602827683	0.204300255619902	-0.189706532321174	-0.318139993504011	-0.228826352846104	-0.00349009910918643	-0.0451671281204392	0.0497697025928211	-0.102024008074199	0.363289814914746	0.509682122982995	-0.0032529445323092	0.244606455983302	0.18274977159732	-0.330693686064463	-0.267287840107799	0.0954260330548593	-0.281332832062328	0.234738357359728	-0.20128041408148	-0.0106255270347812
tempus358_Pre	0.377937914401958	0.00984284835718549	0.0096381885669434	0.330212910336669	-0.022924948532667	0.28077853849841	0.339917931274116	-0.0642511256372561	0.367141490009195	0.0589529685275286	-0.334758795976138	-0.273630132136972	0.173665723008271	0.0460921531385601	-0.0662587956981772	-0.0456611768917664	0.0706624265516951	0.251998491657305	0.419576748620381	-0.0316904173906838	-0.0961339657532091	-0.381679869750619	0.205874198799576	0.0259272636661717	0.198353247790282	0.0920165549384646	0.301626770159871	0.0494144166956396	-0.0241956470477084	-0.183820671198789	0.324356424229398	-0.349014446892327	-0.377092896042557	-0.35180410418364	-0.215806753585481	-0.0291484963940119	0.153835762963388	0.0240595125410049	-0.120560269384651	-0.104303581839585	-0.0774229744138899	-0.221075122013193	0.187440123316044	-0.324640938928419	-0.175088124445011	0.493062188222602	0.0996531840519177	-0.0151820096949138	-0.0951829996574894	-0.131892505007493
tempus359_Post	-0.260434223692003	-0.0688879151534751	-0.10085647344326	0.28577587261123	-0.0234338429626058	-0.117452744262774	-0.158020147406454	0.321770098620498	0.421516781251827	0.0553198464785635	-0.242765703984795	-0.125054631154025	0.351976774270504	0.267827431837317	-0.0318473653093205	-0.0389595342220133	0.135314517971783	0.336520645816931	0.0719905125253766	-0.0906867380633895	-0.063960004850538	-0.0971236688791593	-0.153668774117779	0.276571514936063	-0.143794477518589	0.179373362886099	0.524282014855918	0.512939178774205	0.490816699303878	-0.219227209104764	-0.178583797693414	-0.260184212120444	-0.127947263042506	0.234028048298825	-0.00302231473886674	0.0344801304562548	-0.0575237896152183	-0.0174583233687408	-0.0504217178569595	0.0772089299383558	-0.0495061264944161	-0.154466014589216	-0.118273906988776	-0.172471046066102	-0.103152620408291	-0.0991975252858766	0.0775340825846994	-0.252701667985139	-0.13309892319692	0.040577932328821
tempus359_Pre	0.0890699876545083	-0.164555342632922	-0.186793863546972	0.381325900301135	-0.28534200853483	-0.0459127203443572	0.206426026344453	-0.0891618774622966	0.45654758181922	0.0413829323190338	-0.389792066672595	-0.269844732612743	0.0564298100200868	0.044660085290335	0.179783950468056	-0.182748775215798	0.305509026750005	-0.0468822828676812	0.138069974867264	-0.149746619335077	-0.0875303042185235	-0.168359704752195	0.102945618042385	0.214058852610717	-0.125090278884422	0.192761589750311	0.530584537874969	0.41795320309529	-0.0189316590742849	0.253000131970737	0.242193576758341	-0.376455170921069	-0.191088362508795	-0.278844067358972	-0.22103091426479	-0.292879131135809	-0.137630063015059	-0.0950826850993548	0.157897733229019	0.227820368311312	-0.128251846530271	-0.194951688050702	0.126862234127456	-0.306143519752051	-0.316053343336063	0.354873066280637	0.158749210017696	0.152748191431846	-0.258860162602663	0.134145528757781
tempus360_Post	-0.315370448369843	0.270300404744489	0.112247389942815	-0.194205329953673	0.116057754284405	0.0146005031511416	-0.32510798026747	0.121086906047415	-0.155619943205542	-0.142109149082049	-0.097203459596714	0.310235968220144	0.190924551797175	0.264511145356924	0.00119286574861102	0.0724685697183804	0.136869108295291	-0.690602494736454	-0.575257720251032	0.115600571575623	0.0625385277638091	0.204080351936219	-0.103877033446501	0.199609872215157	0.0788557032017935	0.370198717117057	-0.0981384873171444	0.188750179012602	0.21606021078073	0.0704991478102206	-0.341913542600124	0.438383437888426	0.26398147813924	0.403659224292731	0.369141900325088	0.182426716556283	0.114640091550721	0.323660376532262	-0.29186902022568	0.0697052739708623	0.125284084116808	0.280496739989189	-0.0732523405454525	0.364989074440238	0.387520267260351	-0.418669291509854	0.17550028442179	-0.226113551699453	0.156529219895007	0.352962727161308
tempus361_Pre	-0.125647407590785	0.0404788930496413	0.408399543913491	0.0943326471401253	-0.21142942712564	-0.0775096952522746	0.131422641957552	0.173228203255492	0.453417507171038	-0.0955987364668416	-0.14604382586352	0.19403287769648	-0.328891193675144	-0.0372831653734685	0.020160621969421	-0.224215282397646	-0.243727936321637	0.510367124239504	0.374501744070746	-0.13011254750153	-0.110378704390017	-0.124679821127982	0.10746584004714	0.0514846393983861	-0.172427314578456	0.33248335472175	0.51049431408242	0.406570040850757	0.217260573554973	-0.301337126133494	-0.116448366003092	0.402749965564143	0.410437457059485	0.370764685624619	0.125356022118578	0.210117765485001	-0.0372828532413614	0.21176581023946	-0.147996894031718	-0.254620004797348	-0.0437704387174947	0.282912086663023	-0.0303006973888929	0.433197945653662	0.38974779625971	0.137409301360892	0.108966950226381	-0.00457984512660786	-0.0595645179802637	0.442614289230142
tempus362_Pre	0.493418022569654	0.159994575256854	-0.227640268916684	0.161171810900532	0.101984433887625	0.110320900846323	0.496218829592781	-0.236948024813677	-0.0591527107797664	0.311660698299663	0.0063539232620612	-0.19432323219745	-0.112792375545702	-0.161433618558148	0.194647407572019	-0.0566298291566449	-0.209076819266334	0.503447493704126	0.551425448062348	0.00477168305931988	0.123656935696352	0.198145647508072	0.302517448007599	-0.071618109693283	0.186232329675851	-0.271325034716966	-0.192185781357655	-0.214681054988475	-0.1938806848137	0.221623995125033	0.420098437070482	-0.214669485885412	-0.325820800943604	-0.329500118423626	-0.299339365527908	0.0924318563967188	0.161439577915203	0.00487837362310861	0.197342883323089	-0.112731680457473	-0.118555124728529	-0.0704297133775367	0.407922017850209	-0.310059820705849	-0.174632874500732	0.599931939649567	-0.143258136842772	0.328508139780574	0.0397677403044325	0.00579202237442744
tempus363_Post	0.35318708443576	0.171256584099335	-0.0591947352486096	0.0740654735238103	-0.249303124467136	0.174349825876156	-0.0162118056772985	0.103575020267725	0.140721223803813	0.159692174765414	-0.273905237190468	-0.0776760420276407	0.363335389216515	0.24705344493439	0.268824672957825	-0.358530511470022	0.382452073409383	-0.190070755624208	-0.000821831519334598	-0.145766962718684	0.132751305273861	-0.183044172350093	0.049776462612504	0.21340824782683	0.22620658497366	0.208127039631026	0.138680889732609	0.353098406779636	-0.0350945507780281	-0.457220604861877	0.0393082128520197	-0.200713329890699	-0.114929495021717	-0.0543783212125767	0.0775017218684414	-0.0575427760166838	0.186192215006284	0.094309555909959	0.122071676332875	-0.42767034429809	0.0155862661449438	-0.302657016781174	0.225541991241456	-0.146462408363498	-0.0587920848820702	0.268092805158647	0.136683834517717	0.0863219418963356	-0.0616610389029679	-0.0614659847025473
tempus364_Post	0.103229221335175	0.125485876647012	-0.339713792926567	-0.273925488904384	0.310016117917158	0.0837257338326305	0.190890529331803	-0.406773352048225	-0.600856934847874	-0.033543486822509	0.329953541922737	-0.271152684977175	-0.229280759967668	-0.342866391583088	-0.397830651701852	0.446290302619292	-0.442017187299048	-0.366253907355066	-0.229401815656963	0.376417460427618	0.26838343871064	0.488645880323863	-0.0819071161388951	-0.448270815503748	-0.37035421058823	-0.606286335744765	-0.668864494157467	-0.678813051173038	-0.45412015407625	0.545910046580065	0.122489418265319	-0.204929740484889	-0.359210979944387	-0.464807308959055	-0.229570610899182	-0.320040456368004	0.0673395540763072	-0.234354658367001	0.262583647975582	0.372129447686898	-0.308825359904186	0.263819125726663	0.193427862274747	-0.127227984445852	-0.228472493628451	-0.0289948701753259	-0.225424786432664	0.199502619448885	0.154386348887327	0.207887247910903
tempus365_Pre	-0.0313004815144702	-0.13569395414743	-0.446937764174394	-0.0787913067643468	0.194757998986979	0.0731383137513175	0.153609616163842	-0.0924553083200058	-0.333792457797349	0.0363213643841231	0.100992617507695	-0.200174558047761	0.284315773791736	-0.0281985966572336	-0.0263357106912313	0.012541266207554	-0.21650723278406	0.622246034939394	0.430184700114321	-0.208845238669988	0.240135837285707	0.124350831788748	-0.0719260854974581	-0.164233291609399	-0.0178947011965996	-0.383465019210987	-0.458809277453537	-0.424360658276881	-0.28744563698694	-0.218422527473204	-0.0325925835639246	-0.311693400022038	-0.296805918273124	-0.384249665483085	-0.236212149047289	-0.319924860575359	0.0868838826291985	-0.203907167315016	0.187553953169158	-0.236854149662683	-0.0184818233918951	-0.317435880096525	-0.0581324613925399	-0.345369012899511	-0.397043095975324	0.117049241877626	-0.0822697059155739	-0.0421028371557433	0.000480322650872389	-0.278055678453281
tempus366_Post	-0.0546957910290287	-0.141022092972136	-0.0488537994081839	0.0603697015588449	0.133473437243038	-0.288882262460473	-0.0656354419565684	0.196604171255252	0.421001036052662	-0.0511455996903446	0.0144550932960374	-0.180654489564105	-0.203104620475595	-0.0249961095943681	-0.0569571373059143	-0.259919295381237	-0.209352840564327	-0.341737903990808	-0.17934432782809	-0.253523584596288	-0.000497677142790059	-0.113964108981109	0.00635531772425896	0.00521057930514016	0.20184807121106	0.106169165190393	0.498928351635291	0.277361111743491	0.272663032274602	-0.471355868218966	-0.0553427156695169	-0.0449497778186035	0.108213724264038	0.0296434277022693	-0.0984657339581584	0.386975018844877	0.187675183455859	0.00656377185865445	-0.19285586197658	-0.350287493869137	-0.0501591394855418	-0.384016388862933	0.0354823376032932	-0.0701218910566172	0.119999129692339	0.281983537106019	0.281885391511197	-0.0707048660057231	0.00959165554903951	-0.351761872115532
tempus367_Pre	0.046311270393312	-0.114343345593735	-0.307552745168326	-0.118868734285174	0.39735492197728	-0.212520952855725	0.336957114539893	-0.16092030844193	-0.451435914472662	0.018102690883941	0.0247171335184498	-0.267776285100874	-0.0277375926769944	-0.138513312788162	-0.163137272594308	0.0091428464860899	0.0747184833254146	0.0485503794908865	0.191130393482074	-0.0687017005063642	-0.00570945404844383	-0.384515750930655	0.109724031673734	-0.188808161841495	-0.103357142842803	-0.346463889186552	-0.442563337618332	-0.528743469939425	-0.534797560297578	-0.096198779513121	0.288479930958697	-0.295684967029542	-0.214090459273559	-0.394277543961069	-0.198081183748796	0.0248940303585403	-0.0154066442917846	-0.150127690682524	0.0323115274317821	-0.110017433398899	0.119619318426798	-0.12162072560649	0.154476764289097	-0.164911451831249	-0.122964176045977	0.441890413287143	-0.167919316705788	0.185827192141281	-0.0611173328892391	-0.17793183694112
tempus368_Post	-0.398996133250251	-0.255787644719749	-0.177270185431731	0.151479028216831	0.123226001369399	0.17975435459934	-0.147615543985823	0.252931488359482	-0.00186964973065601	-0.143879920453318	0.0835790806732642	0.0546470602708127	-0.399959944454498	-0.348006855113337	-0.0441965565968823	-0.00212249864919173	0.120355489788431	-0.44996412571127	-0.356092221371058	0.0708608436901182	-0.292071297876398	-0.165391911886429	-0.1352560638031	0.140454268116487	0.0956137063906885	-0.0252057768657897	-0.0984147490118281	0.258163655734393	0.242530858350175	-0.174778999410223	-0.328779049701095	-0.189569535500712	-0.0971861771150448	0.255925790115486	-0.125795096417923	0.000363278148156371	-0.0282626104154608	-0.107433703571082	0.0126234511267163	0.0161804915063949	-0.036999440632557	0.0267244623575662	-0.201084620880465	-0.190950181317639	-0.0653443488181116	-0.173049304611688	-0.0611164318092274	-0.202839801104964	-0.269871792887615	-0.242691795205729
tempus369_Post	0.41623674643186	0.268454168747589	0.393928531873432	-0.131738304468484	-0.125259295615551	0.294884579015774	0.482599017373931	-0.22804272202009	-0.370221637968845	0.332832062155426	0.129783637125696	0.285187037979506	-0.0125648065807277	0.0993396529844945	0.0400705075996686	0.324401446265122	0.0916594127704376	0.25763890293745	0.357499625039296	0.355777946345044	0.311288256187727	-0.22416350471878	0.338572857441727	-0.145933156591753	0.216630089034498	0.0857551088741921	-0.405363004637421	-0.394389644838148	-0.231281998897279	0.47941621110456	0.44063859648387	0.0491714605545482	0.100347681149355	-0.0296760256279605	0.151937394455364	0.188139628215362	0.246062090232475	0.280460236849486	0.185932834142958	0.434285869902742	0.176028039422312	0.303634311080782	0.337403643656276	-0.12995643033683	0.0479934417595928	0.448576723676873	-0.0557881257894736	0.23070120743527	0.088844195100257	-0.375838472366611
tempus370_Pre	-0.383530248553213	-0.135745983976139	-0.412500604096007	0.20093062015752	-0.284594784145664	-0.104211550427591	-0.44182847725403	-0.0160118428644827	0.283083004863136	-0.226669167289982	-0.310489063753081	-0.29398121890481	-0.0151460793849849	0.0459068310967247	-0.165240593817728	-0.264061023287096	0.256070103958121	-0.611030081323934	-0.544874655173615	-0.208076792103482	-0.264688820790416	-0.308782919006353	-0.399467273720973	-0.127647016192207	-0.131253893238088	-0.229145571162386	0.360054593811806	0.204812980877707	-0.12600674230346	0.031718098004694	-0.379312354656675	-0.34082588306073	-0.258952449016147	-0.313648683654223	-0.0661926155383254	-0.411941362565675	-0.261048298418979	-0.292949122597725	0.170786306551388	-0.216632994509499	-0.150723379576037	-0.256636990655212	-0.293188164022854	-0.354817653563162	-0.247180456293888	-0.457712462634733	0.139710437891249	-0.29704198552917	-0.228517591872826	-0.0579028094487761
tempus371_Pre	-0.202463351214712	-0.302247983810608	-0.218032014028738	0.0253724983315753	-0.125660682046246	-0.0986997379673108	-0.201969472936314	-0.222173602366705	-0.166376094890176	-0.26342865758104	-0.0183510759765986	-0.296414282392992	-0.154025441069247	-0.255944003369888	-0.172417260452004	-0.237986981862793	0.148646008321101	-0.131449699876547	-0.173096453377329	-0.201690763808044	-0.218183382807069	-0.331180963785663	-0.271103505953023	-0.144631436222818	-0.0772334809407823	-0.387957046898177	-0.235343310443506	-0.495869742769757	-0.455331626416037	-0.331697289491856	-0.151875638837568	-0.440935863305084	-0.313876115837675	-0.374041069840331	-0.21008591825896	-0.527965203176298	-0.171911911754721	-0.301898008304849	-0.0310290943191259	-0.231891580376948	-0.159829920175365	-0.406089588382398	-0.252093595081101	-0.309250213658388	-0.303388478216157	-0.196139934109023	0.0808544389363955	-0.109339983426275	-0.225928227699017	-0.246914604021742
tempus372_Post	-0.0546953356266921	0.0403366032253061	-0.0614535320129221	-0.0847322276200384	0.434594454022353	0.0318687895813766	-0.305500259167737	-0.393038305070104	-0.381203074966923	-0.19655635179708	0.374674822441424	-0.194606576292121	-0.144751050554552	-0.076923578332741	-0.169368113796247	0.220304110074498	-0.377043241266595	-0.434862308340031	-0.36565852823447	0.189625770714633	0.0956433796264563	0.40755709087986	-0.262762863777341	-0.447169834711314	-0.253406930541735	-0.431193355076639	-0.514869781275324	-0.507380675811531	-0.351113153085212	0.206632107947996	-0.18571847144256	-0.25470962990564	-0.235568430901176	-0.422457414943754	-0.199558488470077	-0.324027868026407	0.0375391851982677	-0.265770563731104	0.219419514737053	0.0556283010608254	-0.145222214452532	-0.107023239564711	-0.055829154725405	-0.0370240725047414	-0.15984394668199	-0.141367424173243	0.0423892645812295	0.0556653033690873	0.255096145464372	-0.0378232882796529
tempus373_Post	-0.453209955403167	-0.166201612251141	0.0165388064686488	0.10046986292496	-0.174195242293423	-0.360204777021578	-0.443874945545996	0.100394743415909	0.448858527123086	-0.315166608850782	-0.310368880172134	0.0384709094474551	-0.392016058075155	-0.150639365935808	-0.273629622385044	-0.261649065100208	-0.0534772466625118	-0.391406879688271	-0.390858028717126	-0.301500296135335	-0.24135445580352	-0.328326975960852	-0.272798194013508	0.0613230798920315	-0.125736515513099	0.198266829310828	0.497478437084883	0.263040391459403	0.183117262002828	-0.510925432163702	-0.383404903083117	0.358815478268375	0.302584615071918	0.0957019147170633	0.161438525143469	-0.220485303290206	-0.26808738042612	0.0680838826710347	-0.31001392231209	-0.368123511554918	-0.133305489108042	0.049251173649892	-0.354879841773593	0.316106580313845	0.220353111394613	-0.449657467669316	0.107958586551738	-0.372999185688094	0.00684276452961532	0.134331794897081
tempus374_Post	-0.286036143269879	-0.119686252711571	0.12976207341184	-0.222664489602075	0.0763219509985627	0.120264102163855	-0.193650040688985	-0.127827301035125	-0.452555222734121	0.00679294013104961	0.246639849506928	0.0169907192850878	-0.0156041512901439	-0.140393895709094	-0.0880316965149637	0.103108142857894	0.0192704994404515	-0.331556001139182	-0.266683301652925	0.130489140322772	0.264151681074114	-0.0460018577701282	-0.186158786549942	-0.301945813204401	-0.188382043904758	-0.366558187582159	-0.479747663234721	-0.443981057161922	-0.251383921922767	-0.239015970433542	-0.216203777760287	0.211972554910653	-0.0947922769557808	-0.288050033979577	-0.0759156853715885	-0.131873940104951	0.073244556143333	-0.122169238777362	0.115943630802585	-0.0138204310629605	0.0775699290161512	0.138746580386533	-0.172766382990765	0.291175563694301	0.210579808683836	-0.220623797450877	-0.201126463445519	-0.0387667388275483	-0.00258124264378007	-0.359484175383029
tempus375_Post	0.125517316787159	0.0603370696570991	-0.039405606312467	-0.0706396637014673	0.159637598858062	0.140840939970746	-0.0221823578435539	-0.124683874043254	-0.215220621265605	0.0953194598327257	-0.135071925479451	-0.10653839814428	0.401996118442359	0.37446549353421	-0.262956215962626	-0.168873055405712	-0.141444636113764	0.399101641098474	0.156636086098096	-0.219548529141609	-0.0026575643862137	-0.154475304099201	-0.0883840443842668	-0.193745292476575	-0.161024370876736	-0.254790830183107	-0.210857976851251	-0.465718511271313	-0.428196446660654	-0.226134484201535	-0.0597821940193788	0.241578539314556	0.0435731114311968	-0.231252536950089	0.0740718868659756	-0.183502991884967	-0.0800307041712998	0.0298577691885462	-0.110529738223348	-0.0230565714350337	0.0465401686468058	0.19915833893942	-0.197896821311541	0.265700729184287	0.156203332376444	-0.324203445030835	0.0378802152245004	-0.237198757380915	0.119850143505214	-0.0232678609108961
tempus376_Pre	0.353200865798962	0.114170835012795	-0.285615778112436	0.0882065822923034	0.242093081434702	0.495799394062984	0.351157058441068	-0.0799674401176855	0.026638986030059	0.321421325253147	0.124212432677542	-0.274298212171122	0.245393319928154	0.217585860965827	0.121445303857869	0.152317840470617	0.30537364519787	0.356826333091183	0.318347464085994	0.258405122477983	0.20362134863347	0.279305188425675	0.204997387465087	0.124401471803495	0.12944447468907	-0.0950036712706221	0.0566422434766936	0.23881077063406	0.0479501802720849	0.648475613975132	0.311712058945433	-0.279368336857566	-0.247513205075066	-0.324523676095525	-0.0868285975110678	-0.360578097196688	0.275504688989366	0.0351597789579624	0.315884520241906	0.417723063098615	-0.132143532518379	0.244039672400918	0.312768907452137	-0.335839947665164	-0.382024155943667	0.24396798392402	-0.063829304832384	0.247249015036725	-0.0972963284132322	-0.218843765767925
tempus377_Post	-0.500701205220601	-0.323519667808699	-0.0726825757698219	0.24709645359387	-0.164543047642583	-0.384586669026	-0.388523306460803	0.324870988356164	0.615815272729591	-0.217210999964658	-0.230643997690416	0.0407502824281529	-0.289918204295494	-0.098598051976791	0.0452993062210932	-0.392386092198815	0.184553661900228	-0.456614025995991	-0.44427956869373	-0.305815987145252	-0.324545729197732	-0.376102241281282	-0.365473173390772	0.112098857793796	0.0695926245687575	0.299452295566087	0.662038218999799	0.561222914074907	0.252758067491864	-0.436037417421302	-0.446747605292655	-0.149207260231444	0.0305962237923	0.288575521887747	0.00552669283042598	-0.0238433737094375	-0.10881613820962	-0.105362296717765	-0.195258963302692	-0.398700161050248	-0.129594575377706	-0.381961210956441	-0.273556806814035	-0.12193643575671	0.0791005601881851	-0.317549228616337	0.292004177966627	-0.297999871296482	-0.123558823979647	-0.304818017585825
tempus378_Pre	0.348554205217437	0.202349806751698	0.0750889950240772	-0.144340039481026	0.159482909095157	0.0976636873438081	0.172014909072424	0.0264069022475694	-0.294215681749399	0.0958700754386766	0.146527728856186	0.124289003640546	0.162165157944052	0.0186313242033341	0.275046089047446	-0.026429578905017	0.170677897522671	-0.274697483057993	0.00747137635427066	-0.0411203174654276	-0.0448108762014079	0.0743282006379119	0.167071734805219	0.232649669832915	0.024616941025081	0.202749062422814	-0.33165125759247	0.376629143540921	-0.0895240651525175	0.413905227138851	0.300437221442431	-0.0558473867263505	0.0483748208598668	0.218702139734274	-0.050432946467964	0.499040376389824	-0.0728601828161023	0.196564233256095	0.25363008664882	0.328455105299035	0.0653383461400243	0.0575189572371721	0.111005497741748	-0.179925099020388	0.0491928631694542	0.367503944985117	-0.077012994951578	0.184036721500899	0.032635721243584	0.125086254352091
tempus379_Post	-0.353462316534123	-0.177150539565065	0.0433218552334555	-0.0555254684509118	0.119257495643004	-0.166126873917584	-0.356600344602204	0.244239365757618	0.393986267824953	-0.194885990346002	-0.225980894074865	0.05347190687343	0.0933155615504459	0.176525918047223	-0.137800988668383	-0.158739735052501	-0.0975640949560404	0.228639170828017	-0.161861099775249	-0.10227562357845	-0.380199304419016	-0.247506441676814	-0.353550271334988	0.375120724340269	0.00445315290549381	0.168157607975532	0.390552294217783	0.463055001592598	0.571299299942669	-0.424010139316127	-0.372785101110702	-0.251723633532732	-0.0452948616780088	0.361337171645405	0.0873215507379596	0.0400835149429896	0.0305044296119522	0.24197162516724	-0.393637339084552	-0.158964805864517	-0.0461924684386587	-0.293764976867906	-0.26498386573255	-0.336936941439373	0.0240074004418012	-0.439111084309662	0.240161088638661	-0.389858189699282	-0.00576238962613364	0.229087780973524
tempus380_Post	-0.359642571875329	-0.248346940410999	0.22695471985446	0.327709344293855	0.181011376681773	-0.101682230020436	-0.273028294093185	0.363156110453835	0.427962519611646	-0.0769207823529625	0.165353723115894	-0.110435263454349	0.344986258798091	0.337974181083621	0.170578448522858	0.0481818090726195	0.100584309270275	0.333264364338734	0.0839422795087797	0.0869348197273359	0.103653786055678	0.155490722473341	-0.221738509341169	0.159933899856683	-0.0365522416884267	0.27140806074069	0.548780286976756	0.398435710949786	0.439248829971958	0.151886181641568	-0.191746990132483	-0.233001541838637	-0.124348043491503	0.0820312594007306	-0.0751310629778904	0.0500492661826672	-0.139247749052534	0.0120725464798463	-0.102033555910871	0.198347783582446	-0.192366019966288	-0.271132842706224	-0.18781120055057	-0.14302274384088	0.0792386041295902	-0.171268522305532	0.154829087051752	-0.116199954325452	-0.0571521703989475	0.0938454181981672
tempus381_Pre	0.051991386954677	-0.347865101855095	-0.31907030900581	-0.0285412085544292	0.133404078125993	-0.230780074501093	0.344354367538619	-0.202522734916589	-0.251834734021437	0.0697564647182508	-0.288692941843762	-0.418986674445303	-0.20110374278246	-0.258168552593576	-0.335345822262471	-0.186443599836878	-0.319370448154471	0.700154320230106	0.606129227230653	-0.182550682171884	-0.120183986117152	-0.224845268276114	0.166018310843483	-0.106270991153334	0.0231313461730396	-0.373313459985984	-0.409821389895064	-0.460329964269237	-0.342919770454458	-0.379679995354826	0.322013982836853	-0.373177659938807	-0.454348299272171	-0.512297914317838	-0.431130316431954	-0.325326599170141	-0.0692973189228672	-0.140831703165285	-0.263271199952128	-0.418267419741734	-0.243552792284212	-0.340940192603068	0.174157233891464	-0.410518307035505	-0.315027034782814	0.460199715216152	-0.0261067949237687	-0.0276618879026241	0.0708276794029195	0.00308013998768575
tempus382_Pre	-0.37345430107641	-0.33949434973009	-0.477771856192864	-0.025379831428363	-0.0104366719205836	-0.0723021424318474	-0.397485419964683	0.0870791890278599	-0.30154662044951	-0.36276597183945	-0.349498635643166	-0.251512925675479	-0.0243512839801203	-0.132689580748656	-0.277264333265087	-0.161900156562883	-0.239642748489577	-0.0195989494006446	-0.282110881607827	-0.205638652293674	0.0203584633666756	0.167925459232544	-0.350535418788451	-0.201578830051119	-0.185637393372541	-0.432378426828837	-0.36588437180292	-0.455791320755111	-0.346397868112932	-0.555327445349006	-0.421190953193679	-0.40152193998293	-0.435031987126462	-0.341353595451577	-0.325892971175804	-0.399930570601575	-0.376453461938072	-0.198362173755506	-0.157050747598556	-0.588224935394999	-0.0998964300710113	-0.427295601071173	-0.239163333102883	-0.240345525491413	-0.234958353036675	-0.207071529467573	0.110985701801092	-0.298087025924617	0.014792119988337	0.135001088505195
tempus383_Pre	-0.36339138732781	0.0351572775544819	0.0118244487206625	0.387843589428571	0.393193509543555	0.0669160598561038	-0.457250191102274	0.374935307540196	0.604013675804435	-0.184290168730213	0.0115254656137282	-0.247381796393038	0.161450345065017	0.186668174562873	-0.129945093918956	-0.273324920957633	-0.0828830468627217	-0.523426190780738	-0.556443264392072	-0.00591353438772416	-0.0528404307794398	0.285224114340407	-0.386224715516024	0.0113380642805066	-0.0502061781095473	-0.0122151147519827	0.654219086715464	0.443959351870268	0.465826893496021	0.0960457912461613	-0.446024480096768	-0.23084512947716	-0.281442396480272	-0.126219807663732	0.0651606312732895	-0.311113703855432	-0.0759956351793944	-0.119203915402841	-0.044721423855716	0.103809447756977	-0.196563825174429	-0.140860624620043	-0.381749970058607	-0.283947572389624	-0.255924767896328	-0.528605115022288	0.0951031717294903	-0.344077541226314	-0.22517960091092	-0.0582686008066167
tempus384_Post	0.245615680365302	0.123143192057648	0.382476003542526	0.201626630062941	-0.174260096540326	-0.164741264920559	-0.00676767049390226	0.119006100529954	0.322590528524476	0.158280764726067	-0.0325916099787978	0.18222567236606	-0.226651560453579	-0.150216012632158	-0.170629360679006	0.214459408311787	-0.336890640878723	-0.370258642547572	-0.173627635384767	0.192389104998392	0.12037236753735	-0.0294306522435935	-0.0383965100555402	-0.0945462661423914	0.158437288990364	0.0754597841956642	0.414261127898419	-0.0501445095777763	-0.0868349612649988	0.105258667985359	0.0603381808416173	-0.134845773189687	0.00946602520818268	0.1662797215988	0.146054698497963	0.218057400652729	0.141211368974933	0.253945842775697	-0.0275791118552233	-0.335443857264163	-0.162740413174997	-0.218000135913411	0.0376048324851748	0.00329452160576532	0.137707901232323	0.0345778266878917	0.103784696080463	0.0519942746656676	0.0611126584569978	-0.0626623630369075
tempus385_Post	-0.134198150307757	0.116301066436029	0.192685771059843	0.0939498881609368	-0.248332949881201	-0.235592168347811	-0.334967969394921	0.233769443497458	0.351643901291796	-0.177759769809654	-0.165095868195913	0.0872963295463621	-0.251893815866283	-0.273647680030827	0.00766821494251149	-0.19961823629149	0.0179392497906823	0.143471416862388	-0.0821544995527082	-0.0771789915495532	-0.152065909319938	-0.377359670134541	-0.222003144710728	0.226464970914284	0.305123211373963	0.415444530107187	0.428005628015208	0.538892119084534	0.575631476121779	-0.200977337882796	-0.156466726129085	-0.2189559377162	0.0874492232163867	0.301027150243376	0.325900244598669	-0.00071823487068301	0.0697568842345141	-0.0554879933202064	-0.337692418944206	-0.312918130809171	-0.0266976471910188	-0.319559522123432	-0.283508524559647	-0.246828548589597	-0.0357792329642306	-0.315938326969876	0.183832123550279	-0.360521780227481	-0.0850766948841909	-0.361863338055974
tempus386_Post	0.300413813797189	0.234116762635138	-0.0622069498407336	0.220517822733506	-0.188094796550023	0.0623099352445038	0.345722283462988	-0.269929015384159	0.253504563238107	0.282111322743275	0.370228517168831	0.264404227829321	-0.0863223510470716	0.0368771980571077	0.118670822465185	0.377557064407434	0.171056004579433	0.450406970602715	0.366960146061906	0.345475442430677	0.311686501775327	0.343837525979289	0.219411889725919	-0.00687042453828944	0.178895074277644	0.0744161118807358	0.275472428242425	0.297985706684631	-0.338460857762997	0.427706192679682	0.358526681047238	-0.0298006920317815	0.218753734256396	0.463400898059752	0.0958647217277074	0.253507580869688	0.132308430285675	0.227605611986426	0.26474452115625	0.272279501830578	-0.00983316382100619	0.256381154252873	0.277235076829296	-0.181845388833796	0.0912642933788215	0.263736607881312	0.161823739215251	0.338159570655259	0.262651910593849	0.355192911633095
tempus387_Pre	0.120246165189023	0.00191844380331764	-0.0845396090262527	0.167930077074812	-0.0267543307740628	0.300991128774558	0.151592997956597	-0.191375932126947	-0.133204163802183	0.0593551371670661	0.0393504775818956	-0.224847472156248	-0.0746473997706708	-0.123142651959665	-0.162973043854928	0.177250334013997	0.0204951518326376	-0.218005608359263	0.166921324915391	0.275828552941186	-0.204089917911251	0.02589721290098	0.120895162192779	-0.145891748936031	0.0148463643627215	-0.130143306481716	-0.121385796208573	-0.419576004685578	-0.367739878578045	0.0988361289558808	0.262799881916678	-0.249531124097805	-0.103208478242221	-0.352776356910173	-0.266955571859778	-0.268039843303993	-0.0778494201907827	-0.0515521547158821	0.203180132814821	0.13353843181555	-0.00320007277113589	-0.115359405767481	0.101447475958115	-0.0724502840117869	-0.0227617233174313	0.230117466597645	0.112937272532418	0.176658235674463	-0.0597323653988635	-0.32956039960268
tempus388_Pre	-0.433243476813921	-0.340698110899091	-0.114223615124033	0.0851347994719732	-0.234307466909739	-0.242055930159214	-0.322106752338442	0.20165613235433	0.374273982979184	-0.2504905861845	-0.252087270522275	-0.0961685695620318	-0.208711909300874	-0.139287535549533	-0.179876192372163	-0.0566865570208715	0.091917003126835	-0.504725902403636	-0.404409257198819	-0.231958371021391	-0.277020849065398	-0.247511798990803	-0.295227907496253	0.0242429585810038	0.0785918028037332	-0.0483292538752569	0.490621444169291	0.315515656673946	0.325404305676797	-0.468478772488452	-0.37253306725897	-0.355325188259546	-0.136680980861337	0.17697758408224	-0.310374721630707	-0.194282652171153	-0.340102067324358	-0.174744261832698	-0.209424592291823	-0.203670004295682	-0.0389025242044827	-0.499150547802476	-0.276689264143049	-0.209374706131328	-0.0180221103733133	-0.0966279922406022	0.165646956162767	-0.224354998191402	-0.0623644830752139	-0.229454161090435
tempus389_Post	0.0723678534617556	0.069259001964096	0.174305104632802	0.298910307835407	0.0326154909184471	-0.0175734910039969	-0.22514789323228	0.0705854880204334	0.458906344171812	-0.08498355992307	-0.175298156025396	-0.120689464498999	0.0982279903859636	0.181140353284345	-0.078826677935456	-0.126827808355573	0.168899414662986	0.166916138060629	0.0711662875647138	0.070247920449553	-0.0453952490548778	-0.175601839708986	-0.095174741480962	0.231435255333154	-0.00303414297303478	0.359866652647731	0.512138409687524	0.304374384371011	0.343077564257446	0.156683676621247	-0.0674759189923312	-0.216260804253535	-0.191418222943634	-0.12013950117617	0.215913937890954	0.0584754407561798	-0.0702042979632182	0.0945783810296951	-0.250491665179642	0.1289875945407	-0.12825684395187	-0.195183469488724	-0.095138632691776	-0.203838391816615	-0.0446250630028872	-0.2139866835435	0.118471013246461	-0.0934125813194025	0.0215559127132331	-0.00139302155179472
tempus390_Post	0.470429164478744	0.0759011280035716	-0.249512039719643	0.228545360238012	0.355391969583546	0.385242092718715	0.5448825981112	-0.191582665635907	-0.0366624992961377	0.270026844434811	0.0106990327829821	-0.375391058717866	-0.362458781965562	-0.30146965802521	-0.19106847691473	0.0711368438288232	-0.31292871026009	0.618201745033956	0.570157378344227	0.347325760163678	0.264271498574834	0.248287687419036	0.380680638533304	-0.307165018016386	0.0901749620420302	-0.194445920770914	-0.0596437252472609	-0.35593977461151	0.0775765331774167	0.350398773173012	0.543889295154652	-0.1373587801326	-0.38692593497372	-0.472687728829633	-0.21188324680957	-0.193737626900768	0.109093918752616	-0.0258903822231976	0.154972514594855	0.404747376749006	-0.136312630166263	0.0652209873117686	0.37899375848967	-0.346045583226468	-0.342690104943385	0.521003208554916	-0.0384936593392109	0.430495086197849	0.109510359268673	-0.169261663776047
tempus390_Pre	0.38455373109872	0.0556605540843363	-0.21969647280625	0.0818131286397267	-0.133658962237993	0.333278015550088	0.269657980325928	-0.215611322243092	-0.302732732290257	0.233272071362724	-0.15015468274595	-0.020272059393765	0.21692402556972	0.060969463390402	0.351110306099214	0.058738464990856	0.254163173624446	-0.170746274685944	0.0420148133122515	-0.09843741530155	0.118668470291318	0.100421499059181	0.237594245449514	-0.142679790824227	0.0815744812803806	-0.110609454724748	-0.296259844477433	-0.205156113058841	-0.572892377952464	0.253901359540382	0.283044885704379	-0.108632517046493	0.0645630233870504	-0.0295667816509838	-0.259435363683698	-0.152530844512686	0.0538504336824792	-0.104185355681811	0.392408154893854	0.157247090240807	0.0733284912044727	-0.0032677258171521	0.125150223551693	-0.134389331090895	-0.19191922056248	0.24821035223564	0.102427553896936	0.220320943473432	-0.0900806133453372	0.0031647042290015
tempus391_Post	-0.0863713771537878	-0.144175917568081	0.210712082156861	0.239299269923567	0.367876589369518	-0.28308972573041	-0.11586476864631	0.277000801816614	0.590510419530051	-0.157959316280653	-0.109053727705055	-0.261913457419721	0.26294064897109	0.313433186845712	-0.207990784776969	-0.315058428830651	-0.0592226007542136	0.163354532550038	0.149033666656431	-0.126223554990563	0.185570045721979	-0.127678464114718	-0.227827038673073	0.122046870523938	0.0349532776581033	0.306638710409399	0.642095282709805	0.600392011850856	0.565043041476543	-0.0908293173273212	-0.114402876420036	-0.189891379083808	-0.0276786758703601	0.143109964364172	0.039645650266999	0.114844916127751	-0.129520121568068	-0.107426943364097	-0.111779625849049	0.00450978678594094	-0.154303472999993	-0.260588250497163	-0.0690554579079268	-0.267007936880651	-0.0159361238015994	0.0429923651853849	0.229910250071126	-0.266345307048495	0.0869788580985149	-0.247170863937422
tempus392_Post	-0.00610458023875811	0.0592645929941616	0.284657923892011	-0.362392096478626	-0.148350056340954	-0.372329416974128	-0.0071546433306378	0.130245321334792	-0.226536156711579	-0.0438606976329217	-0.283245958625752	0.247794035553457	0.10258143120437	0.141568550515318	0.214955714222665	-0.165153142318478	0.156046064806731	0.505178988053097	0.357275641102449	-0.196938988959918	-0.0020778475782382	-0.368689205923108	0.165084203401998	0.468708619560896	0.102987364595653	0.395265112181495	-0.234871407086651	0.296747480957153	0.338889645972284	-0.354123605297639	0.140426176716762	0.43253061022453	0.402657780975048	0.347818822057797	0.352324091478629	0.48712134471917	0.208849384817992	0.323782821156658	-0.290520919376442	-0.249594435077997	0.056260229412394	0.3200640943138	-0.212348845332479	0.382896793602122	0.320997449199483	0.149775657021627	-0.196386923135271	-0.10762768708508	0.10434224645001	0.119043332101111
tempus393_Pre	0.389226864612752	0.121003311996486	0.174660237456806	0.263133257330831	-0.0202443626801773	0.379451154654829	0.503555084811133	0.0895280695403992	0.30263730335167	0.346528124793841	0.0892531636754803	0.0278426491096461	-0.201139627381607	-0.058134625803697	0.199052241408804	0.440407566463382	0.378450854307642	0.380511255585934	0.448061346318056	0.232727741996745	0.114990381188093	0.0751540593372439	0.391113953082905	0.193941535523607	0.216656384736293	0.323263247982629	0.349436622561159	0.348237784375211	0.20707641504363	0.575991889819175	0.453173534366558	-0.0797540673916006	0.0238154904052396	-0.032414020942584	-0.114927968050661	-0.00141297652280933	0.0486819628437649	0.153291676812195	0.302920758371767	0.301426500077558	-0.0919173671146813	0.156324604139592	0.392302317010128	-0.248739041251387	-0.086250453529081	0.502549589233559	-0.0164468359234038	0.315836427582218	-0.24217376718817	-0.159875420865617
tempus394_Pre	-0.0232096396572129	-0.237427497393249	-0.511012140667895	-0.203485481282984	0.211483461540467	-0.29679017388163	0.0526382321620557	-0.376761926751639	-0.363303244757408	-0.237405187471246	0.000299565717414157	-0.249406641098576	-0.339386732102068	-0.322680098862492	-0.33708143041939	-0.0472893328592399	-0.43845364366305	-0.453732098634994	-0.293578175100264	-0.0994632516763118	-0.00634574459857912	-0.117816201720125	-0.144242636335856	-0.381843033105959	-0.214819505715083	-0.531633202615267	-0.488376184420912	-0.584031191740536	-0.42792563341004	-0.384200001913065	0.0818551526776522	-0.328357680654298	-0.361767394545099	-0.497158125341016	-0.335964780722818	-0.226967384889604	-0.0849791262631188	-0.341293149248676	-0.108575149842733	-0.162619242495391	0.271198409617647	-0.373063382761408	-0.0755844014862854	-0.252196170329326	-0.293779110371823	0.162274169534656	-0.130586060750821	0.0412163785149602	0.0920239367500153	-0.0888031066999337
tempus395_Pre	-0.104611257548853	0.0921209997817282	0.186507278383701	-0.234760543034127	-0.302076494255057	-0.350294024940172	-0.196492193321368	0.163328316471698	0.224881533382196	-0.0718473157923713	-0.310503952224056	-0.0767263978329037	-0.0761922422757048	-0.0322112693206383	-0.145624552487748	-0.214035449085065	-0.23162431912394	0.416661585632578	0.268134218956424	-0.13392845521331	-0.244637150092832	-0.384262369774091	-0.132900716382468	0.0324103203459261	-0.0891221117028352	0.300933970763245	0.24805438403848	0.0162047789393786	0.350294384798952	-0.189332756583329	-0.00700011541397894	-0.269454203635364	-0.212100936400587	-0.294520679739366	0.253306446954195	0.14155594049102	-0.130859945660214	-0.0866480792892359	-0.324952971036528	-0.409438707543744	-0.175493500538819	-0.31479769481577	-0.236806181830105	-0.0372391746260461	-0.00483795080325636	-0.126028169300508	0.154234479717169	-0.320291808161836	-0.0205947663520994	-0.169533532856583
tempus396_Post	-0.252368441813287	-0.142265882696819	0.216057537713834	0.0826323489893067	-0.336966738040892	-0.274514662102618	-0.0244414227699687	0.142659454043604	0.392325741146966	0.0349802014256894	-0.330851751178479	0.319528252213304	-0.0423990248408106	0.0755130412290179	0.0546062886188743	-0.215470609565912	0.0441008855258951	-0.388771103611923	-0.177500486050681	-0.278845529777032	-0.209580152784507	0.187703549098272	0.341778691390234	-0.111991534547578	-0.011385677513858	0.276356547576507	0.477911813055826	0.12462923844547	0.120709347151775	-0.335868993465142	0.00609668544552591	0.57623016244191	0.419762810992314	0.352521107007496	-0.00288870802989855	0.113435901824821	-0.218677090074928	0.13892986544845	-0.182049542349654	-0.266373888477178	0.0950769879218879	0.383844466112821	0.0231989504164701	0.489043897945623	0.327931484127605	0.15966846269011	0.216144524002498	0.177966266858033	-0.0872640325523094	0.50038134872318
tempus397_Pre	0.0139643628619324	-0.219407485688379	-0.224107542117357	0.312886355883895	0.384362692652052	0.401726281059251	-0.160301472602127	0.0210373894368701	0.00581850638646854	-0.0096251098662101	0.0210486500502489	-0.412371585083637	0.123144337587087	-0.0865468255723846	-0.0232737991800157	0.26925322642766	-0.32548181595537	-0.367451832268584	-0.325316094007179	0.153448613810488	0.136513867029096	0.440923003275889	-0.0294473485388053	-0.244191964721822	-0.0193939629902545	-0.420138012430172	-0.196732753321352	-0.381668172994168	-0.44094803707041	0.167858892865638	-0.0972660071976243	-0.354543062021924	-0.494054504074329	-0.541820230702854	-0.356094861756649	-0.275401685315077	-0.105824539777301	-0.145350976447677	0.247645136325052	0.212768828941356	-0.0974523507307564	-0.127087589635798	-0.0571757173948101	-0.271877878405467	-0.353734897500978	0.0278263721248942	-0.0840522040153249	0.0290225491178645	-0.0458728477940558	0.294283115735673
tempus398_Post	0.0933554806533708	0.177041178335301	-0.25335553989053	-0.362584483338547	-0.143786964186641	0.120080318554808	-0.117673023258382	0.0497363131050655	-0.56213097590065	-0.204522803247335	-0.171591947877807	0.00409058578960564	-0.231783953258916	-0.24067398205165	0.0228602137177898	0.0603328388220498	0.218687988295287	-0.136919550882204	-0.169313551547851	-0.067492710438004	-0.285115642547482	0.142341747468629	-0.115046164207231	0.359054026426202	-0.136101362484528	0.0730114856723938	-0.593122183508317	0.0379439758278775	0.0201608185850312	-0.233857150200868	-0.102929343918832	-0.0150513489667643	-0.121395410357771	0.396955548822218	0.0359147649383576	0.273620721642132	0.0041093596445802	0.0403003527164783	-0.027880242264382	0.283375616149156	0.124437938865928	-0.134373046488208	-0.0692521845791662	-0.137605026371807	-0.180140181033549	-0.355942213441285	-0.0665175689998169	-0.0958941018319742	-0.121425984191557	0.224510799734102
tempus399_Post	-0.101882337567407	0.0185012702627711	0.177543210108128	0.116831461139552	-0.10766229600962	-0.328118755106827	-0.16629920735828	0.325329659426358	0.401123623116187	-0.0366440159160498	0.0329696688607915	0.208682522364827	0.277041900944912	0.232030277370706	0.00679299658459412	-0.123878173100611	-0.0588589768418609	-0.336125827664296	-0.261392804495666	-0.0839391544456077	-0.212171424407944	-0.274638143641502	-0.0744129480513415	0.312037430305019	0.0967085705291551	0.374903121875294	0.494691979660802	0.563324941367788	0.665704803666235	-0.235817854064639	-0.164590684370488	0.201579175959177	0.293932502951117	0.548740912532297	0.167831399400521	0.0244964580298938	0.182704176859375	0.204821504985191	-0.177001248639242	-0.152787911774641	-0.0296322326276461	0.0978817558722487	-0.160277067213071	0.19789695929104	0.293166859477274	-0.17432371153058	-0.0308193295639722	-0.173027102294864	-0.0440191029020911	-0.199727408869842
tempus400_Pre	-0.367854352649192	-0.0665370826073947	0.266788127679365	-0.1969937506865	-0.318563880591009	-0.267621022574468	-0.380076091085186	0.28307903079922	0.0870420334538441	-0.12205291380611	-0.284413639898032	0.238491714286333	0.0345443317157804	0.0439327852978068	0.0780824815199995	-0.110480209555411	0.406060810420918	-0.444991527956789	-0.410653239349285	-0.13726478081824	-0.255540274713572	-0.425949018561467	-0.163057242976577	0.552815491027163	-0.0299368308963436	0.387603997947073	0.199500170218013	0.474411619309258	0.460272033413624	-0.121667747823409	-0.293609501991368	0.0203010530094619	0.0955422560713101	0.442849395600737	0.210936578972609	0.329983472179271	-0.0479065511066947	0.18388574424524	-0.302085595466358	-0.215104169272357	-0.0100602876012739	-0.136554035715086	-0.109829300304986	-0.0985923213161024	0.131075067540871	-0.361184585308703	-0.191015606211632	-0.344177105555729	-0.0538714060983462	0.203406107223907
