sample_id	TNFA_SIGNALING_VIA_NFKB	HYPOXIA	CHOLESTEROL_HOMEOSTASIS	MITOTIC_SPINDLE	WNT_BETA_CATENIN_SIGNALING	TGF_BETA_SIGNALING	IL6_JAK_STAT3_SIGNALING	DNA_REPAIR	G2M_CHECKPOINT	APOPTOSIS	NOTCH_SIGNALING	ADIPOGENESIS	ESTROGEN_RESPONSE_EARLY	ESTROGEN_RESPONSE_LATE	ANDROGEN_RESPONSE	MYOGENESIS	PROTEIN_SECRETION	INTERFERON_ALPHA_RESPONSE	INTERFERON_GAMMA_RESPONSE	APICAL_JUNCTION	APICAL_SURFACE	HEDGEHOG_SIGNALING	COMPLEMENT	UNFOLDED_PROTEIN_RESPONSE	PI3K_AKT_MTOR_SIGNALING	MTORC1_SIGNALING	E2F_TARGETS	MYC_TARGETS_V1	MYC_TARGETS_V2	EPITHELIAL_MESENCHYMAL_TRANSITION	INFLAMMATORY_RESPONSE	XENOBIOTIC_METABOLISM	FATTY_ACID_METABOLISM	OXIDATIVE_PHOSPHORYLATION	GLYCOLYSIS	REACTIVE_OXYGEN_SPECIES_PATHWAY	P53_PATHWAY	UV_RESPONSE_UP	UV_RESPONSE_DN	ANGIOGENESIS	HEME_METABOLISM	COAGULATION	IL2_STAT5_SIGNALING	BILE_ACID_METABOLISM	PEROXISOME	ALLOGRAFT_REJECTION	SPERMATOGENESIS	KRAS_SIGNALING_UP	KRAS_SIGNALING_DN	PANCREAS_BETA_CELLS
tempus001_Pre	0.0181464134530082	-0.120258610938617	-0.303232885728967	0.164763181998917	0.250228054044642	0.0387809758729425	-0.247865699729933	-0.365647506317042	-0.309044471848168	-0.104607210727835	-0.0490911290205599	-0.435619000202446	-0.0830150873317851	-0.241619821860209	-0.0644454934355554	0.115302262454268	-0.283267911231621	-0.0243100149501091	-0.145568578623694	-0.0743424099476858	-0.0812851537618039	0.034292794339739	-0.243175967047419	-0.378055657957919	-0.210325202348789	-0.430028355309022	-0.367496569639937	-0.518122181887067	-0.538770443909	-0.107984728332472	-0.144374643392974	-0.305962084642671	-0.413848169187656	-0.591402800016566	-0.366515886862976	-0.460798776281743	-0.209671970187013	-0.326377641762042	0.169872382527389	-0.247836445369037	-0.159657074246181	-0.174751846922018	-0.138275174053474	-0.177146476490891	-0.366138063963265	-0.0793130070652329	0.00948972318712535	0.146409188142257	0.0337321579585207	0.0553771378122952
tempus002_Post	-0.361990734353824	-0.290389629215051	-0.350844696339868	-0.0566006029433731	-0.390170203467209	-0.372836736748826	-0.075054379228175	0.0974106340846321	0.208037146328313	-0.284749212903104	-0.372735067134922	0.00705829441979632	-0.50882821713446	-0.452796532024197	-0.279933857725195	-0.312722628572408	0.0899244194393171	-0.264921018854413	-0.195401573536268	-0.290041228048619	-0.480802722419535	-0.0985150315266571	-0.172918247217831	0.0759061640813374	-0.201842643067975	-0.0238593888925535	0.306481027556717	0.505640909416377	0.419381574499545	-0.299442169114827	-0.0697148007764844	-0.298971021353426	-0.146897419374691	0.302506402286028	-0.278615653189015	-0.397236863970018	-0.314237803788646	-0.134575902367907	0.0411538284108413	-0.331106082298338	-0.104671501025084	-0.25401079391285	-0.126316019125712	-0.239855548761505	-0.187483248583686	0.240933541459248	0.24280208250014	-0.00228830918071937	-0.0294477321528985	0.209605309696348
tempus003_Post	0.0455398687757775	0.157920236575007	-0.021093762670653	0.153035843694332	0.27170918677904	0.0152250110375413	0.103292315359551	-0.190738475391563	0.143681032668209	-0.0196576632060419	0.0740437112644159	0.00480411925889579	-0.0919338121757539	0.0261971424942248	0.0310692985902185	0.239830762338942	-0.137221925425321	0.48529634630394	0.288852100201889	0.199370552190848	0.100542665413198	-0.192601939953399	0.0471659118776048	-0.128321482807134	0.119469985475421	0.0950911279070277	0.175172422764345	-0.219253254849421	-0.363137239067398	-0.15126841638454	0.0916509840619439	-0.176875109051139	0.0504033554571865	0.0115114260466805	0.098513361154404	0.0768151127373011	0.0476824676690101	-0.0518878868181593	-0.245037201946697	0.0704685575022861	0.334090178006845	-0.20250875549404	-0.0611459998676422	-0.147027834548921	0.012254134244798	-0.0510789303898502	0.122417748290375	-0.0413924612461554	0.24817135468407	-0.0286142717516066
tempus004_Post	0.0784578621382138	0.134542823335255	0.314246917081176	0.325833473236147	-0.142520220529235	0.0530615515946032	0.240535078691284	0.0447281157412258	0.382169783522543	0.176215490307613	0.172229429142666	0.250411714903654	-0.348208657780655	-0.204978899535854	0.137769302274259	0.0886457123232565	0.046950790806597	0.000751887947733773	0.228458204246811	0.179604020845108	0.0207696267350263	-0.0343047974493209	0.121947303654752	0.127408288713446	0.163697703782057	0.297464683407723	0.411091415724914	0.255210250652693	0.178192473379083	0.258385641145849	0.223941388784027	0.18224231468227	0.123382270566107	-0.0227169792197941	0.144502076263198	0.186753646405493	0.051313260802946	-0.0223071235355732	0.0319525035915365	0.284108313577488	-0.0451056553323758	0.256726570522884	0.110616850868865	0.0994931110410772	0.1977067370653	0.362502308148623	-0.00500206497150324	0.0540840210401892	0.0130379028944556	-0.142876572217419
tempus005_Pre	-0.00145132664003166	-0.0819977931571282	-0.246770945214209	-0.170013513851403	0.149882620356289	0.0892002569262734	0.0144016323243496	-0.242537493569141	-0.527954267982619	0.0292774932379713	0.0354942599987233	-0.0829840824250842	0.217552611671232	0.140289323064581	0.0463586427202553	0.04565864919971	-0.226298207273263	0.27927015222976	0.161617405258318	-0.0499702763277212	0.0366557027984913	-0.111077948090749	-0.0740075735455311	-0.337579671518452	-0.129531695275797	-0.370541970732718	-0.493574338491689	-0.482486299519746	-0.560588654702614	-0.124413714964622	-0.0341093107001399	-0.180144758704763	-0.0580690799493223	-0.431485288637469	-0.310784757109543	-0.129324899890954	0.0265679949227082	-0.303349618741546	0.252499249752681	0.0860724070812831	0.00506408768736044	0.130528164135716	-0.0180841948347478	0.280075946927657	0.027332189947619	0.122652657454101	-0.0521899790759013	0.177028514450673	0.0145377278764064	0.014902604699997
tempus006_Pre	0.212467636360108	0.244561467799281	0.227117891210836	-0.28335364909271	-0.0653197094124872	0.0379150691952559	0.297233729254709	0.22252013628531	-0.0117576178921157	0.154890440789811	0.261956545212048	0.395910745516394	0.18623518685629	0.224342033067372	0.0428950889099087	0.132279342730584	-0.0943816606332237	0.572348734695469	0.464562658888403	0.0694626314775618	0.0605338029198987	0.0668726902079186	0.360412159248637	0.397814733518734	0.160980227405945	0.399362540010369	0.208829382556742	0.559149228076934	0.446970951538456	0.244735695181013	0.2420459614928	0.455523495403131	0.397277404602129	0.473224525852543	0.316432302331175	0.447436336956125	0.0362344618737794	0.407342763477632	-0.196666668831463	0.186661468621824	-0.0692952797361623	0.38620767124066	0.0978027131420973	0.357887102651585	0.393387364915081	0.239193809699043	-0.122890867346911	0.030564232164813	-0.0110827843864199	0.269098861427424
tempus007_Post	0.259638019543419	-0.0661886596173683	-0.113602330861517	0.209145326722026	-0.0628892323787892	-0.368916320719413	0.440670034094189	0.112626476897972	0.469860462053598	0.0819037010884906	0.119859119935978	0.0273386365638186	-0.419412023736758	-0.302040050211122	-0.285550549999691	-0.0496502213825496	-0.127567545552683	0.535043600158345	0.510792023228821	0.128610223225785	0.0391334162833563	0.0899346644083237	0.2099039842913	0.102210769577591	-0.0713340151338738	0.269788569429509	0.5144484979654	0.591756010368502	0.686742081367289	0.297455608211801	0.351848773295198	-0.191960850269136	-0.123177369695223	0.188737530701631	0.175465436400827	0.311231700440547	-0.0888269342024978	0.171779619678541	-0.181471324706221	-0.0185163525236624	-0.268895536718753	0.00829446447933882	0.186574599776511	-0.268423431487474	-0.0634797984476375	0.528299609783618	0.22837088146995	0.167604339190437	0.101373120482111	0.0262418913839599
tempus008_Post	0.515024562374382	0.41203763646693	0.325326770292362	-0.250751420944875	0.221449847419377	0.390260188526242	0.457259591144874	-0.00621963741674492	-0.527750568391679	0.308963018594159	0.186562161153851	0.211885602123099	0.50709532031994	0.376841157107353	0.343247077763756	0.0950139723171097	0.386646185619353	0.215540554213143	0.267787096380134	0.236501382824618	0.208225884537315	-0.00961445016953485	0.358868681078563	0.290735675714043	0.32627801093664	0.234300638034454	-0.619599485238451	-0.02360300109615	-0.17922472478067	0.0108667807147882	0.314145297992924	0.206956717774609	0.204046378420765	0.484090960364846	0.219218561323527	0.533157492068431	0.395861382075053	0.311344232332669	0.185056853563202	-0.188529654310252	0.309193595695712	0.233280678911621	0.374146526657592	0.238174546994377	0.257048212450373	0.259930435793744	-0.136900753499719	0.0962465544556429	0.014631575668675	0.408545745832549
tempus009_Post	0.170850119959611	-0.0510011446727814	-0.210582664859174	-0.199819015358142	0.314286568001318	0.0588485538028721	-0.0235049464048864	-0.0822550538663296	-0.383582416040107	-0.18752349597508	0.148383332004775	-0.360139732026774	-0.0620784265646802	-0.165364792779514	-0.267666179979246	0.0920542004599961	-0.341129191877298	0.305875670987275	0.186150947985869	0.0871145590094995	0.0134134840899913	0.103780319517806	-0.112059862752059	-0.24578458981308	-0.0279368157587316	-0.34185540617535	-0.54543003509497	-0.43641461547892	-0.203884718788025	-0.265585989622387	0.0218236716712019	-0.205989993546331	-0.335510142796411	-0.505078379783303	-0.22704263032693	-0.0364962831762589	0.0958176101494983	-0.11935857366195	-0.126654466288512	-0.300157447320113	-0.0353895667052993	-0.2792964403038	-0.0277823932051392	-0.293672627011395	-0.327381510258402	-0.0166332083477467	-0.286271680958208	-0.225524206673634	0.29126848799398	0.201036570630821
tempus010_Post	-0.376935737573262	-0.266888769961847	-0.00320935360781291	0.227265880789743	-0.308177486779045	-0.326835125678783	-0.0790587991424887	0.162456210928309	0.519896594324567	-0.253572809407528	-0.237488847417442	0.0408952489781227	-0.519813150992005	-0.340578276121508	-0.0700260970142911	-0.198131058842694	-0.167455332509933	-0.212682047013081	-0.159126562476178	-0.165527907846217	0.0259118291776808	-0.345498706215667	-0.0682129032583127	-0.188276672299047	-0.0439433278032267	0.115279421905141	0.586592896719422	0.353358174054058	-0.188335790286309	-0.24305802766078	-0.198677979165099	0.301528735165683	0.254184374728764	0.0880627476082955	-0.03198177497547	0.0755778968687403	-0.142141577632959	-0.0155845036459822	-0.225131887239226	-0.159117981573716	-0.0757336953445105	0.169833129570364	-0.247749177100561	0.271034778553055	0.0936518451842045	-0.0519687139035817	0.223557030977994	-0.194675480801834	0.0857472991432993	-0.0456041860942869
tempus011_Post	0.422721743602627	0.0680167224305234	0.267267331910072	0.150536733211997	0.00971591429587085	0.0269496368322535	0.137376674613709	-0.0911348953621591	-0.0194280238932822	0.291357657115786	0.0645879336761649	-0.112358714282158	0.321554584639849	0.186006748081136	0.226823709122539	-0.0907184621431972	0.425249866090653	-0.0398010629475023	0.15527955222982	0.115050640336584	0.129505015939854	-0.0577860071660392	0.0996331018853208	0.385900526428997	0.175219749381412	0.340295435212724	-0.124793399454936	0.0880420337371448	0.139026524245728	-0.095245570705839	0.327570903395922	-0.220962032853551	-0.0388043202328207	-0.186781854687281	0.11798244863951	-0.00545318667596137	0.281308850960781	0.223831769185644	0.0585824789315793	0.01078943117129	0.0649854112205771	-0.153334448709144	0.0843098855890256	-0.102237967913698	0.0150382789458684	0.255847288427363	-0.0514437354523671	0.00185212773569532	-0.038427185374964	-0.281483422213837
tempus011_Pre	0.520776944182228	0.236282152179091	0.262927703371635	0.114350716578994	0.135248583489123	0.26936825755233	0.0397824202459829	-0.0504700260442439	-0.13614058361329	0.318994919730787	0.265690245938634	0.198045104307396	0.482940034703921	0.373586931060168	0.329520147279904	-0.0507989643629536	0.27240034468831	-0.0238971186044101	0.0737365246689728	0.143153516165729	0.283722060245146	-0.252442002562433	0.131719215338401	0.249807321546915	0.222370559608622	0.245048858026512	-0.179876880889375	0.154239165916542	0.201082530585974	0.00214985487718367	0.295458738092694	-0.134825093930047	0.177024627873369	-0.0550548818074289	0.153850340927396	0.25638599167575	0.2932750389647	0.222455118949097	0.196879093397524	-0.202204908944771	0.108018319570825	-0.0109689198069664	0.22241645400159	-0.0305221888254818	0.218037586439635	0.169626442154052	-0.14975581107589	0.083000515290942	0.0393987202737239	-0.102364790164372
tempus012_Pre	-0.0610792476670789	-0.0468525284452324	-0.123961813987875	-0.248525021314795	0.0487854444253375	-0.0796501611477853	-0.264940555004901	0.14933502097806	-0.402573795998714	-0.114920519320316	0.209049360928645	0.0992365033749918	0.0771553537599097	-0.055947460957552	0.0462187707410051	0.128671684920012	-0.290609206007875	-0.437305200788768	-0.338920135585658	0.064230457332791	0.0464163930479461	-0.275467009334447	-0.212334685233041	-0.153251945693022	-0.254143631962802	-0.308946080384633	-0.413441901939037	-0.156986864779747	0.0589820177364387	-0.132574662893572	-0.21567258248031	-0.174017362670145	-0.0161717118961015	0.389220194070867	-0.048171431713834	0.133492461980905	0.00334596947109059	-0.123736390632978	0.175616103307325	-0.208664309264214	-0.076556072762926	-0.164102178113811	-0.0613867738087723	-0.0152163475602552	-0.0040931583707263	-0.145495424631402	-0.269528644631708	-0.115078324022485	-0.0339760512916956	0.246601136256164
tempus013_Pre	-0.0976160009488814	-0.133608042512007	-0.340407374807135	0.120551222782083	-0.246599456651858	-0.150707508549337	0.130264829306795	-0.194373030527835	0.0590319887613671	-0.0971245905626958	-0.0697161256657882	-0.290764003216815	-0.0492414472424338	-0.0380688271987085	-0.00399500562539265	-0.229953602508853	0.225268913488505	0.600475635518667	0.423110664032062	-0.323796633735167	-0.0545426679348586	0.0244688083822366	0.00799047644776202	0.0138443621290316	0.0173552611753514	-0.137050148625252	0.197208262898906	0.0361075034255566	-0.321579718248337	-0.240358374389443	-0.0258083783744005	-0.313738642803609	-0.263429466272295	-0.226671292720419	-0.188138875722922	-0.307091454048123	-0.126622467539603	-0.235736456189599	-0.0115100899061231	-0.132199953336498	-0.0284245492151364	-0.10489203325224	-0.0385387170258304	-0.276318772521937	-0.280764779360406	-0.0920577482652624	0.206367064629379	-0.0204694756584062	-0.00452957356339295	-0.0105232269647214
tempus014_Post	-0.14815982964775	-0.22247454446804	-0.287400874948521	0.157889923995893	0.0891324897387516	-0.204891230034382	-0.205179882772501	0.0492335160283375	0.490264526030783	-0.0383118616362747	-0.00188856717650315	0.0103766935647547	-0.328198040163558	-0.233983811870749	-0.239954144780117	-0.0627622404231983	-0.25758369718085	-0.0377106062183333	-0.0636269408203967	0.118859561963243	-0.295144240108734	-0.231330757926996	0.00310248660410106	0.08197216903254	0.165439333742892	0.0958189022875685	0.391650364489566	0.511987866085134	0.559979506723558	-0.170416038572942	0.00783381502564186	-0.282777448326564	-0.0904970249325943	0.433525397541777	-0.0902584108148518	-0.101603537066345	-0.173928762297964	0.214193913025019	-0.128337088918814	0.2119492182031	-0.253506113647187	-0.111576593526133	0.0783026250386181	-0.297592194384568	-0.106994259411799	0.173388893427215	0.18335001229039	-0.0332225811527461	-0.0401309387524711	-0.0301739805655366
tempus015_Post	-0.0439292446478852	-0.175840331722965	0.160186830331655	-0.0972839078811401	-0.282710060664225	-0.174895811849566	0.301091649769757	0.144657929907294	0.100161668636777	0.0274727519798029	-0.306214034942533	-0.0849960141715557	-0.120717658730805	-0.138333119953038	-0.0421896450332437	-0.209061786399198	0.249531153896434	0.640921544216361	0.456127129625528	-0.134375020566699	0.0252077896140134	-0.164462526045043	0.181847819142784	0.0334163855271822	-0.0480425700177087	0.253661242410976	0.23979186572464	0.0485763421958949	-0.184623370344416	0.226101732995888	0.175089128242637	0.120313042040682	0.00348451658284663	0.045555723553668	0.0545759609253051	0.0708555592746828	-0.140750740868692	-0.0683709647620535	0.00088776503460028	0.124588187432265	-0.050565519886111	0.0732621945881468	0.11334667841941	-0.0815089035123714	-0.0757450122238021	0.0460104996487978	0.0437231440541575	-0.0308560653197603	-0.0927783839204615	-0.0645482429716654
tempus016_Post	0.408592125087925	0.257126922501157	0.044040364376521	0.116663873665704	-0.0686792250497987	0.0995848703458511	0.396626457321323	0.254509625108107	0.439956838487225	0.264565087730964	-0.00286877147764011	0.0359849837034639	0.106788271997698	0.151847004810261	-0.0242517803810081	0.117792415023651	-0.096632391209415	0.206887301323492	0.235649953005093	0.23131550777217	0.124473507906651	0.261336791243809	0.143288109218033	0.297244453536964	0.045813514078693	0.368811130134418	0.435559546200399	0.398206945737387	0.550020456626726	0.563370923557163	0.343387495518368	-0.10870923717751	-0.171326205152661	-0.163788739670817	0.306850425020765	0.0376544259418155	0.107813740058423	0.257026094895856	0.205186718844499	0.392497216099366	-0.149732494949664	0.160645686615024	0.198095209823772	-0.26646175769576	-0.186627703159675	0.178476255553455	0.257891252561102	0.183713920213076	0.108593615990935	0.118453569264316
tempus017_Pre	-0.142316533149957	-0.196018145642152	-0.322426408002511	0.0458014782943632	0.054002638540397	0.0378167973943514	-0.201316852711487	0.0464971552885243	-0.0380177510548181	-0.0905939362283653	-0.193414595992411	-0.177767510023268	0.171809020987473	0.0568509792911052	-0.414336573038635	-0.0531874746771028	-0.364048622482958	-0.0562758420126241	-0.219123172350454	-0.176565493253746	-0.049089221206826	-0.235742263244106	-0.247479758908286	-0.097800741458045	-0.239349745715891	-0.360310369260179	0.0397203715009142	-0.372295223786887	0.101004298321757	-0.152559403186386	-0.170115055882685	-0.115885797494359	-0.289262287966315	-0.352369585425036	-0.217873744175958	-0.31234311705002	-0.133188097405971	-0.0400780506744536	-0.135827822040107	-0.436169249554471	-0.257452155094391	-0.192534249227404	-0.153978556867156	-0.030773982088167	-0.14293522213846	-0.250419353458632	-0.0787159295573862	-0.294176708682732	0.152763211909322	-0.168737964684786
tempus018_Pre	-0.127819151070147	-0.0977415286165188	-0.327984861476086	-0.169525702687565	0.0931661245365601	0.00521794135799739	-0.174792087587564	-0.166029277647009	-0.497148462798939	-0.113477910044467	-0.15166404255249	-0.292250627712398	0.168724348958833	-0.0370215735859525	-0.176776270815231	0.0743467165743652	0.166652081582036	0.0680115784776914	-0.116520458057142	-0.0502129400027318	-0.0714917930527981	0.238233401614781	-0.207703733309836	-0.111978184520018	-0.256821528812606	-0.428630280871243	-0.577723782970779	-0.382828040608754	-0.437373631875792	-0.205050074382752	-0.268817163770823	-0.257716481576743	-0.329612738530504	-0.333650621077177	-0.336248174688623	-0.366017771476401	-0.245959842415898	-0.327663904240927	0.16434536743637	-0.185087315637121	-0.144114483786762	-0.208233695390196	-0.08262312409409	-0.020458391818564	-0.206173184988115	-0.188828761604613	-0.0565694642851632	-0.0775847589615133	0.0120997203627496	0.0979165573694169
tempus019_Post	0.305081848394573	0.0937700989783884	0.195885585445016	-0.114259577250339	0.0374629858751759	0.257106806529139	0.40010547807444	-0.275512178356159	-0.210453337541318	0.232015466051678	0.434632748462506	0.145906399469578	-0.152214838167974	-0.0123502497621013	0.173731683390894	0.287615324889543	-0.0847743455927897	0.488783342641717	0.444420711035579	0.336470060391527	0.300024313153336	0.340102395263411	0.204133218409507	-0.15906324678925	-0.110936572255954	-0.129230904757703	-0.297183379333329	-0.30217177616883	-0.188229621953786	0.532234674255257	0.37477526682767	0.27330675917718	0.207395628547979	0.140160097057283	0.214233317775079	0.215466435173618	0.206421079289405	0.0460128914411971	0.373024225161028	0.342258897757961	-0.151647775261288	0.276439511188686	0.342857399465263	-0.0201239989590464	-0.104259335680899	0.383209740371113	-0.187891457300804	0.324840256340637	0.195739676803272	0.329046662076694
tempus020_Pre	0.317302724699735	-0.116414503755058	-0.483000258272915	0.00497789314017036	0.250437875663742	-0.182121487710077	0.113200017342815	-0.332502076280136	-0.340920238312942	-0.0133698299594232	-0.254683331266701	-0.455843492729343	-0.00479204763550735	-0.182704465081505	-0.305571373997083	-0.0113347477044221	-0.411979002019628	0.422295332949678	0.373686770391008	-0.2480894640454	-0.0437828405657608	-0.0143756510098914	-0.10149520793363	-0.335125920565144	-0.320330394431589	-0.519745051046014	-0.427578361918034	-0.484535327905818	-0.47401245693396	-0.176329983570606	0.0901219582820839	-0.38923906817245	-0.431460022402367	-0.605774679745903	-0.424443184483427	-0.430793509714093	-0.178798946228587	-0.251559912468164	0.079693111889865	-0.48534116037879	-0.23670146385573	-0.287711060238638	-0.00248447419403294	-0.358362137655955	-0.48111022317245	0.180790644202993	-0.0477057633161095	0.0339547759332408	0.159367944171719	-0.0380029001085861
tempus021_Post	0.231248996609306	0.253151210158232	0.20803831254918	-0.315567099866121	-0.172861113839018	0.199405375626234	0.305423827003014	0.054090081113579	-0.527329825835642	0.11146203565699	0.210330364502949	0.337919543051093	-0.315486493726592	-0.159546716375226	0.240905830004467	0.00383680891239857	0.355442124690997	0.228808810992198	0.266969473637487	0.111505135609838	0.0846401482197514	0.0557011070912158	0.273830797758716	0.191207428188897	-0.0566056536581214	0.262496262889219	-0.521363597427857	-0.188337558170441	-0.2430976314136	0.307207556993016	0.170347734105578	0.559576158371398	0.461473692981181	0.41095623416599	0.336224711541015	0.393385500776245	0.132447484228336	0.18655634593306	-0.0781725081920699	0.157325532480347	-0.0040766793217272	0.478554940074455	0.0390419882817631	0.510845449967752	0.288029569102349	-0.01606817658548	-0.38131238438013	0.122741676322666	-0.124797021846165	0.120821570184082
tempus022_Post	0.210812986599468	0.0356299316593427	0.230775225180714	0.0760988171229036	-0.0103460709847084	0.314402318380095	0.0991741645415218	0.07897507348109	0.21409307213742	0.00896479828642513	0.208591733440844	0.330485686726702	-0.151203252947017	-0.0285672373816483	0.273345031534438	0.136291443938476	0.353633464311389	0.0132125931942043	-0.116298430372819	0.256722097795874	0.112225413771794	0.15212365598908	0.165755862122273	0.280574467306174	0.328972462998138	0.253250929246678	0.12754026092973	0.302772391388077	-0.303935544338422	0.266957500890708	0.0576857095508822	0.0192276427694494	0.217699437283898	0.195208892619389	0.0105109476637454	0.378540524971941	0.102904630124045	0.275593781656597	0.177057475278974	0.349369080697918	0.0425554961307342	0.0855817444518888	0.0296599407554623	-0.23483057306756	0.0653872685312886	-0.0518197397807329	-0.132194289317896	0.064682488211868	-0.0865667886965674	0.0927502215198014
tempus023_Post	-0.0636446266966387	-0.0585585641353524	0.0685454230923074	0.0679160857964517	-0.146286745644793	-0.125440356046385	0.0860787056569421	0.203293286591961	0.381725480848748	0.244005835880562	-0.127074484671706	0.031978450677599	0.237102104823125	0.257011801329872	-0.0448717314934774	-0.112274767522007	0.207461091865479	0.545331371759961	0.296781975812608	-0.191728232341928	0.00915562967279296	0.0592217331237663	-0.0377910520747839	0.0658669369934033	0.0661108197486634	0.27076665805856	0.457090406040836	0.284350182331645	0.222816590646674	0.0146378301765251	-0.0878037981745487	-0.166499537429738	-0.059619549043218	0.0645498798404842	-0.0174201257836412	-0.130717047621728	0.0573194100488206	-0.0682845116818539	0.0868000813979534	0.135290544330356	0.0871939685265514	0.0462374922960011	-0.0418270299390383	-0.156605322436407	-0.177472619729806	-0.363904684985337	0.107800752311465	-0.208317724272852	0.0145906773671771	0.0967229005804482
tempus024_Pre	-0.320704273174363	-0.219114407393836	-0.342738406151906	-0.0701409683481381	-0.0222772974177758	0.176302966067963	0.0390193238752854	-0.125641852760558	0.0712942974854937	-0.233946124149743	0.29661147809476	-0.0696881324795917	-0.223070854132313	-0.186599233308172	0.0664561702874685	-0.0469660674790139	0.0400971580441489	-0.509132877896874	-0.450175449408189	0.122654060407281	0.164666544406456	0.196062967876519	-0.0831496534028312	-0.330896055239625	-0.163643995431135	-0.359019275292547	-0.0633269852723019	-0.32584874637087	-0.534365277025811	-0.0133565950694687	-0.233452813300717	-0.190126472542476	-0.235229514435232	-0.284216447127654	-0.260756396159026	0.242705436929394	-0.0869472371204849	-0.271200760626856	0.185182064881187	-0.133488208792691	0.639885578281908	-0.0341317676855065	-0.150397095390946	-0.233012882189967	-0.317273914665078	-0.335521964858667	0.166009349713113	0.0448685302642926	0.0137410271328826	0.135344747568976
tempus025_Pre	-0.0414804546647496	-0.0084826850611219	-0.251553430385979	0.0540230768749867	0.144492484708794	0.0957694779173445	-0.365865031360582	-0.079375425827273	-0.225611522343412	-0.0235069236161147	0.184788698634373	-0.171400217155275	0.0753634280508589	-0.0874376064814329	-0.322623459914868	0.40140741159525	-0.393608599712316	-0.409390059402216	-0.388921819528658	0.180238113884376	-0.0618093561732804	0.261339091319688	-0.343903063589386	-0.187996401779686	-0.0240888041166968	-0.333607544958213	-0.281018614288251	-0.350314517986596	0.0176343243540954	0.121777800485691	-0.218186022700615	-0.365159441123467	-0.393166152660574	-0.244231940494449	-0.176266278248855	-0.266044037829797	0.0433377613306134	0.119562655455028	0.00574306360670351	0.367174558259577	-0.21598111932747	-0.172670556499533	-0.17356753326972	-0.180363299055654	-0.214213782116535	-0.305245340017799	-0.0941120262667959	-0.227662095718896	0.164910907321141	0.0258270356823211
tempus026_Pre	0.0639490364537018	-0.0762798414814663	0.311512643915531	-0.229696771111854	-0.0149486158269245	-0.332391453545216	0.161388607933981	-0.183343927341334	0.0179723146755647	0.0544002508337927	-0.170209116800171	-0.133471640935062	-0.250938917423417	-0.160484122511154	0.110341598918602	-0.00696187819428132	-0.0336715534698105	0.586852455282609	0.517242094981695	-0.184189025944144	-0.0940530049903587	-0.400265446545668	0.140875485566099	0.0601310904709382	0.0319714444411388	0.0336038564272118	0.0385357791261956	-0.164183704690883	-0.264912053109155	-0.00433341703962753	0.199010729171772	-0.202262386613236	-0.158437483766079	-0.295640397276896	-0.00247165090554638	-0.0591339407086628	0.0106024974942099	-0.0410077198877768	-0.234092788263399	0.18436006345707	-0.233778006568026	-0.0544981724362937	0.0868394138743873	-0.239872464193331	-0.00213341544071177	0.248567740632257	0.0852657721936088	0.114055829454848	0.288674137392066	-0.00922951478357494
tempus027_Post	-0.314938656462809	0.0400550837557731	0.345774737228865	-0.383714058268179	-0.129264038597711	-0.241016747793918	0.233144702040561	0.0832928731281235	-0.457894775557864	-0.0741205030525524	-0.069638235419524	0.31679802303346	-0.293994779070222	-0.164815592433726	0.123257592175088	-0.140505303532003	0.360569061946076	0.346228474059708	0.318020043830053	-0.178686374874983	-0.11074647984065	-0.265249445895366	0.328152202941357	0.0683755063485904	0.0253596476053434	0.0540750046457449	-0.482646145696235	-0.262663895158799	-0.199899707518333	-0.337376595378355	0.0886303769109639	0.491838066887529	0.416581933228639	0.422126140294192	0.177462253864472	0.229304166135531	-0.0860368026996284	0.0844302463791723	-0.186010081104742	-0.212997886287709	0.151742272702769	0.363859626440473	-0.013120472738027	0.454824520315469	0.293508383239417	0.180755923581055	-0.160605106134838	0.0670797182575578	-0.0718646153018001	0.0975130661936668
tempus028_Post	0.210110619979438	0.00571022821953916	0.0348090819886082	0.14798988323907	0.11942131517272	-0.0759493293692201	0.363120427637544	0.149940718983702	0.40272286519402	-0.0154445414061094	0.0762031217675539	-0.0251075793257022	-0.434390044969996	-0.359156440346198	-0.217127156672567	0.0290224791358923	-0.03811466726807	0.280277538231334	0.353306291506115	0.232626838269631	-0.224241114837045	0.00480186816124928	0.243127123589624	0.214007679580727	0.0963236736331931	0.308351354759215	0.461113604645745	0.551313869421637	0.638831969923375	0.416375569814266	0.38282851949641	-0.191860000672913	-0.113359346635057	0.245738611141708	0.118877587037436	0.289934718748346	-0.0821493926604121	0.231924985461729	-0.0465967376423874	0.394469546273093	-0.196193220532709	0.0654646886985942	0.278490023710334	-0.253198548946238	-0.117915868251305	0.519120622522776	0.228673356663098	0.262481093601321	-0.102227521713548	-0.0334881358974164
tempus029_Post	0.282980563999031	-0.00773987532515533	-0.120523289862039	0.000932680730546809	0.0299559004049731	-0.168913458880568	0.311738177343019	0.303442827339498	0.388913730697053	0.0701315436765376	-0.167893576634487	0.124194311395872	-0.388245928763188	-0.257580501512807	-0.294336129790867	-0.109367129194627	-0.331747613518382	0.293863614061902	0.358463866352243	0.00281974266801668	-0.202951153736913	0.209102925157776	0.0844605722611642	0.0707041284841896	-0.0346600448330422	0.159413268513052	0.508930580929644	0.536624443709213	0.654567452393454	0.0690411144928684	0.233542817647336	-0.206128506301085	-0.113384311928736	0.344333860986646	-0.0115621977300576	0.196234938255543	0.248737398271983	0.136815046614608	-0.230923213918076	-0.0397289350698621	-0.166367040135683	-0.132412775353676	0.147737078623504	-0.267297326194466	-0.187916973554444	0.311434012969193	0.118617537326485	0.10576753002756	0.0765023913706813	0.0959166062504675
tempus029_Pre	0.00968171597089731	-0.224310874170093	-0.218503651739659	-0.0589387906235267	-0.137497675110151	-0.249853877314586	-0.21347200454489	-0.172784659481692	-0.278593116423346	-0.138644264393566	-0.316571702697356	-0.109170714326781	0.119955795535613	0.00466116626216884	-0.147941443476624	-0.0390453928218742	-0.0220717731306538	-0.119864327137603	-0.232405228738111	-0.0980105817828694	-0.00381592554006438	0.0875556382820735	-0.334507440758429	-0.113709151868163	-0.1650204362615	-0.157486266020611	-0.245492633789855	-0.302059521787017	-0.294229733382209	-0.395135100539718	-0.318683389755089	-0.208960000102363	-0.208256231760598	-0.0405759001427261	-0.262499480271002	-0.181874468274534	-0.20425467341289	-0.124808330086261	-0.17213227564458	-0.196991065089792	0.0600866762229908	-0.315273851569475	-0.227340624938165	0.121765615388834	-0.083468922629002	-0.26004562216173	0.0867868686723716	-0.15793470049187	-0.0675356808791736	0.0559518354478858
tempus030_Post	0.267511592174983	0.0946188590428041	0.467825685471788	0.231110901073293	0.112476798554174	0.163028065059962	0.251040878709346	0.0867445325333114	0.231841990907081	0.123343571469154	0.185506031455652	0.147524074295871	-0.119896391196858	-0.0654260222638056	0.0988394699011798	0.202341514334428	-0.0146405809645194	-0.0344405250422548	0.0973657813833948	0.334131477515604	0.177939525990404	0.20007016623924	0.117658582935915	-0.0556392771580808	-0.00873502917533725	0.0811946655443676	0.387849023891676	-0.0270668233262356	0.0662004511143879	0.32119117181534	0.122439155483867	-0.0497438963580732	-0.0262168883904738	-0.0966852641447512	-0.00337215897120466	0.104212391083144	0.235663764752501	0.164568202396137	-0.123904504049738	0.235959858865715	-0.211582938817141	0.0484069890933648	0.0937084417836528	-0.0390575910801038	-0.0298047362753308	0.228109983982976	0.0826807716338506	-0.0767482960431588	-0.0436869018641469	0.0176257646321648
tempus031_Post	-0.275961751855964	-0.206017649121878	-0.0233535677921229	0.00116864894038499	-0.186140747479922	-0.143706218869113	-0.0408403618056577	0.269501418259293	0.283305158166048	-0.214528774455686	-0.223423634447806	-0.0287791935409749	-0.38727322017658	-0.234042288801164	0.136178563803964	-0.0907757900889598	0.144570142017621	-0.23581857333276	-0.108513471236404	-0.0821438842426386	-0.291183176579206	-0.270749131150709	-0.226017949682559	-0.0504541854870225	-0.0116191579762221	-0.0229220158531197	0.282936143803078	-0.0604881689624505	-0.218889123686387	-0.173353962490975	-0.284267799687091	-0.107850205008831	-0.116550260555374	-0.0515015260498712	-0.163562007379497	-0.201614312950206	-0.00234461907077307	-0.0791447193404086	-0.105241664551448	-0.195095247032709	-0.031125680154549	-0.25822965175231	-0.144240162634106	-0.239555764107748	-0.150438916946091	0.0882841846454593	0.125265829582701	-0.232536695733142	0.0412711158558626	0.174608716342544
tempus032_Post	-0.00755848534687462	0.228904205734302	0.440288211589611	-0.203413401705874	-0.480081878221979	-0.13204899519859	0.36890842202176	0.238056727681213	0.21535728050092	-0.0515668968829196	-0.0728209610382607	0.513547808945087	-0.14446745047153	0.0395565260718751	0.273481208883962	-0.187067082163268	0.280075214239192	0.447195229125039	0.373447657088568	-0.153320079812309	0.00606146622903314	0.101755058487644	0.328618361546623	0.345403647640831	0.0147062876180155	0.43995593056564	0.404136615482177	0.499764741792825	0.516071017991379	-0.177992279649226	0.1249518727289	0.646490572348383	0.671333581027523	0.667963301975026	0.377406883610929	0.562045508685478	0.0451061861884374	0.355376838035877	-0.212785135532534	-0.283196072246966	0.258150574884826	0.385448723132475	0.155344581074492	0.576895421376186	0.496118794926484	0.0916140114140785	-0.13087899357341	0.0258573434861195	-0.0435357355312052	0.280867106411951
tempus033_Pre	-0.318673255398131	-0.315045649386582	-0.461556940912676	-0.0223515316776909	0.032606192733434	-0.364094982799391	-0.200133986897066	-0.15200985997691	-0.256648790290658	-0.223497877307742	-0.212117536412005	-0.354159698462663	-0.26983747289959	-0.293845652570954	-0.408495031927239	-0.104893214218791	-0.421510462636129	0.473594895201681	0.283208368969422	-0.109849353381755	-0.0545691249027607	0.0860159372311676	-0.154764095756819	-0.432754968978909	-0.210178474898558	-0.450281942368498	-0.24592347512652	-0.510882126477168	-0.32629615605308	-0.292789810356745	-0.173838586779642	-0.397301390946427	-0.396140179926228	-0.487506866399808	-0.337511485837681	-0.445538203135051	-0.375474222670633	-0.169044543039702	-0.176637840012181	-0.136808790663936	-0.245817794460143	-0.296686658061216	-0.210985605840267	-0.359839783847891	-0.369127838807116	-0.110936600365462	-0.00651335418833124	-0.168066244730739	0.139023849580746	-0.202992919426599
tempus034_Pre	-0.0280368468191109	0.151316485202243	0.25147992133125	0.184176095594723	0.344346426790121	0.193504898209808	-0.316024098693505	-0.199535074975731	-0.0912822071080871	-0.183130330279527	0.173603479521791	-0.164229712495293	0.0274949929436114	-0.0437596217703518	0.170750411660715	0.190565274601977	-0.00551337774297658	-0.596627269513813	-0.443280209401249	0.201803103841046	0.0931555502937043	-0.104597971725721	-0.202170521548607	0.036215797633761	-0.0537124286855584	0.121765147144113	-0.123533655865518	-0.215943217555859	0.0806842087675404	0.0702466399556545	-0.0984411726482633	-0.192522892590524	-0.0548756228122727	-0.3503122752257	0.167218737557592	-0.138768123892001	-0.11785070939142	-0.11560190004354	0.00129667257706456	0.0846451882703202	-0.223804062561146	-0.0786993971384604	-0.0339320306284869	-0.134544465213894	-0.0238047647793571	-0.226256254326303	-0.00747808713303411	-0.0427288308520964	0.0134019582353095	-0.145139195462606
tempus035_Pre	-0.0616001429124357	-0.0372836809052597	-0.235598672494406	-0.150118331203885	-0.202602100171397	-0.26468762702188	-0.0584340442482844	-0.070499177400915	-0.185487469467472	-0.0933635427516343	-0.0170694401243197	-0.158114417369806	0.00349690008076575	-0.0708314470596975	-0.120278842956108	-0.101075568747398	0.0861191235415725	0.264105146944369	0.236978497831262	-0.0784206705362169	0.0670664618341349	-0.0514827806998067	-0.0943206728469637	-0.23420419599968	-0.126952677130414	-0.402076571282746	-0.23698849523808	-0.27382283286207	0.0423496072902036	-0.351213087697289	-0.0370345060578764	-0.258271897189311	-0.221494321586426	-0.173253683027556	-0.191578241073626	-0.173847501044531	-0.0551532083458784	-0.234679771382407	-0.236054520544585	-0.3204827190708	-0.0422636900641392	-0.23938560954314	0.0985147810343222	-0.228740617235779	-0.106282836699892	0.228194498233422	-0.0522919157380103	-0.0549342966942578	0.0759657762109873	-0.252955497937478
tempus036_Pre	-0.0630684953583863	-0.217245962688337	-0.10245165751218	0.00896493958021954	-0.186785560167989	0.16354911177486	-0.0708823991288447	-0.323589164574012	-0.373405001933808	-0.0984827783761008	0.102801307163745	-0.218981774179533	-0.191153229032961	-0.279924151976369	0.116162877608287	0.0240538441886513	-0.0563659352140183	0.323065542380225	0.222521675517837	-0.117724936024614	-0.132535825591787	-0.233007513411165	0.0365503198737106	-0.398181874928812	-0.130865215638712	-0.341357610450908	-0.541517912369904	-0.517510248542361	-0.538866191932436	-0.150676402912679	0.0848681331326424	-0.0603055113497754	-0.23659040085905	-0.438156559242869	-0.321348996609274	-0.19918846232686	-0.0662334320033656	-0.297508562710519	0.147290718726789	-0.288098369301522	-0.0224988228570533	-0.033640104765188	0.0250896503474036	0.0749346688949797	-0.10502766415882	0.221946299788961	-0.0187281991150616	0.146692066780247	0.127290244761209	0.148252506723416
tempus037_Post	-0.0763612349169989	0.115042129951001	0.0121399364376465	-0.156924706942379	-0.242995740072436	-0.102326346733184	-0.262566529257276	0.232364728647128	0.0352176435859591	-0.0158299439016086	0.165359297702898	0.181157171467232	-0.364397917521746	-0.313457607379922	-0.0314647669912425	-0.0431931296950744	0.0603684643340345	-0.00571033068370674	-0.0807131533678102	-0.131457087557076	-0.445475856687352	-0.0615091947186022	-0.0938442026916037	0.147240289403424	0.183516729781126	0.216200706405434	-0.0462986973881455	0.138923261481022	-0.0832701346000114	-0.0705558402500129	-0.163043111821042	-0.00747528132935751	-0.00192329833298566	0.358781088392227	0.169215403509408	-0.0215285029233168	0.194109749506945	0.0841426069636772	-0.148343860269333	0.0756708797583688	-0.0601058923956621	0.13215312982458	-0.133302656187163	-0.00411482505506944	0.135303111019347	-0.149965129945592	0.120604134460424	-0.0887332726843991	0.0296585420697529	0.0400616380104899
tempus038_Pre	0.313988546161735	0.158833663778468	-0.269712064440843	0.164820972145143	0.21018414429639	0.358312238563502	-0.0319642556297694	-0.0464964911297417	0.155579423887856	0.149189322432182	-0.0163961687052862	-0.156307304656039	0.463390797692714	0.362508928380859	0.144984264417885	-0.0618373527739789	0.0547483435105857	-0.502128933948611	-0.38408347377161	0.000992240601711408	-0.0862283985385863	-0.120949631374244	-0.143462128977011	0.353429322561805	0.0129896271351436	0.244437062297511	0.185498474603862	0.367525284505832	0.44196288928378	0.148123441948666	0.00431109619991851	-0.0664263286204724	-0.292233434997715	-0.1742320878844	-0.0499048410197948	-0.155417709436185	0.0317484565249975	0.130846794476403	0.120210616649234	0.171443899570617	0.12301752127375	-0.160113343697655	0.0580978650482325	-0.275119636969431	-0.210206099943409	-0.259974482337535	-0.0225330744631405	-0.0330647531605602	-0.0574692009007801	-0.148718006360412
tempus039_Pre	-0.00207511064135704	0.00651641509440717	-0.173028230940091	0.0257176518123787	0.0957239533105938	0.0617083702855068	-0.249949602935231	-0.0802102085394626	-0.263204082599237	-0.0939840413723711	0.0721169710790616	0.0771856254314301	-0.0348769605455393	-0.125050660398095	-0.161617859904117	-0.0801805749638202	0.0559501945489937	-0.342044357730096	-0.276368869116453	0.0322571221838934	-0.0332589239131185	0.306185979041655	-0.192918777962634	0.0174506716609616	-0.0839786999861077	-0.198952023273933	-0.341600052028487	-0.263566221186592	0.0334710926074506	0.173581886336721	-0.116644061879777	-0.242401659362169	-0.28871717297065	0.0873302293998554	-0.154341989902808	-0.268026664385784	-0.0587486108299185	0.0907528772668223	0.143026680808867	0.359629766402944	-0.027794015610323	-0.140897327392723	-0.113114893278877	-0.0897186918671767	-0.106263991389362	-0.0673086721546568	-0.187438292380343	-0.0479788450639245	-0.0514814853966863	-0.0791798357439716
tempus040_Pre	-0.183411909857506	0.0419052643918167	-0.188050983434482	-0.0582542900386414	-0.0703696533190114	-0.253226684984974	-0.0146303781494977	0.226588865201025	0.195162059594384	-0.227075068304476	-0.067973456891392	-0.0797462284943608	-0.344416927795183	-0.359054455195067	-0.358613982332506	-0.0596961683152534	-0.296434721307027	0.246267798660538	0.115479243752829	0.0842403760051471	-0.222337476322714	0.320213827906131	-0.142427138844922	0.096575664528174	-0.19271942099528	-0.225260970119876	0.162665604766166	0.250746755283314	0.286400069184982	0.295725922114514	-0.0658999734315482	-0.224768864780854	-0.281100224127942	-0.106886449021676	0.00266793410156696	-0.14913044147882	-0.130375520528424	0.0434961289051997	-0.0726155660599291	0.178872316776816	-0.302781299922391	-0.142990596122397	-0.0405167022862951	-0.318574606507352	-0.210740815106042	-0.0555066393965218	-0.225991949907218	-0.0591377316244369	-0.000761417644295395	0.0921242018946281
tempus041_Pre	0.0232220667754607	0.161426105705623	-0.129874628036001	0.0270050411339516	0.14824323453321	-0.0906644963574859	-0.179698412159328	0.0140641551949922	0.0709909185531006	0.00732209606419607	-4.73736221805188e-05	-0.106823182920663	0.368591585283698	0.280695098602158	0.0427105091578906	-0.0760766106604488	0.127231384781727	-0.14442504111512	-0.138589986441711	0.0776559169189818	0.135079854889035	-0.24714657088594	-0.0310887797679903	0.181699208769499	0.1858173617502	0.10338643886743	0.15725050134209	0.24313224020374	0.114626085247705	-0.0677199391558474	-0.016400694346843	-0.111896046139955	-0.0310192053101052	-0.0531465212701198	0.0581173386262549	0.144294654763624	0.0103554159702579	0.0399463719294211	-0.0551694285162306	0.11816955174563	-0.0814835219315164	0.0340235369897644	-0.100715057648526	-0.0280294689875484	0.106682773163537	-0.140537850542714	0.0484569609327108	-0.142639738769695	0.1172369123179	-0.150401075773169
tempus042_Pre	0.432514948639632	-0.0334946883529869	-0.281354516590752	0.0987659233415039	0.377824814474046	0.263716123694555	0.0275963674314752	-0.290758377360015	-0.00453817641678245	0.0669384246895729	0.165364944984216	-0.306766562148721	0.412886007267102	0.21753184109011	-0.229468206688137	0.193317297722808	-0.527892036455225	0.146664731261194	-0.0219773183690554	-0.0163730865193042	0.0209917195482887	-0.0807517935480294	-0.208615055816645	-0.337326567076269	-0.330365857313263	-0.526410205017764	-0.124950934694298	-0.523647081057396	-0.340618978057553	-0.121188515787534	0.051571011513198	-0.317114626533415	-0.392364196095357	-0.571129186279695	-0.337165878300219	-0.331971262226271	-0.00974753749466267	-0.211063988806207	0.161514076517193	-0.199328516530599	-0.288623760152561	-0.27713638113703	-0.0407059002205522	-0.161394053425641	-0.336260809367604	-0.283564290547601	0.0404243696452917	-0.0761967984325912	0.180424495878336	-0.145949324657237
tempus043_Pre	-0.0997010016144892	-0.182663502352962	-0.283620348290093	0.10822096440815	0.0489399670251738	0.313369089194358	-0.0986718983879962	-0.149157055647685	-0.0322006612218518	-0.0889325292869022	-0.0240191645782691	-0.260611659316939	0.140259612895943	0.0251960877007966	-0.125652199053074	-0.101760598118606	-0.228657236490871	0.201355529335241	-0.102961344511887	-0.171708583825078	0.0441116744439888	0.0137130367855943	-0.149183873180299	-0.181117106124233	-0.186681537512309	-0.325505282390372	-0.00203507926874644	-0.377837513148193	-0.549925699109238	-0.132491693598933	-0.172607357817279	-0.0733334434341761	-0.29191067866019	-0.345582047789779	-0.266823578120384	-0.441182722734738	0.0104555142002764	-0.0804695349359394	0.0142316992812497	-0.106467816344894	-0.00936900722132736	-0.0681682855104937	-0.112451673099071	-0.0943313917485804	-0.17331635787398	-0.281674287441022	0.226351065448828	-0.060111155895205	0.0545633590004886	0.0548718651478648
tempus044_Post	-0.167767993765739	0.149673756383784	-0.221180268489363	0.333842881511973	0.0504884248175622	0.133515662744945	0.0526989428722202	0.122100243087038	0.509402844779499	0.0871689593798772	-0.177879641914979	-0.0260669315758785	-0.285889733925386	-0.123389573230898	-0.0602383652232363	0.348890623366923	-0.179215655702646	-0.361706404063878	-0.27308679874434	0.0944413784312311	0.0414820848694027	0.141052079427258	-0.0379881405022504	-0.0728814305562034	0.0771776882645415	-0.0161414117612812	0.552456202639449	0.189143390646796	-0.0769940329326091	0.385913141995223	-0.0990180485448476	-0.104548703021437	-0.158402668667716	-0.235637686854605	-0.0613372714108958	0.243256107684155	0.0441469577285361	0.0238362651282095	0.136822024501747	0.241320522581343	0.754172007260634	0.0349422314344591	-0.0950995329239064	-0.190345645143666	-0.192937502527154	-0.154241706490876	0.067873865401972	0.0509717247928082	0.00684106528082673	-0.160445578912321
tempus045_Pre	0.00710253556917964	0.0118773472766451	-0.0948282374523087	0.174231501285352	0.435342992653128	0.00831996554874041	0.0168239139586464	-0.112877651754492	-0.102594988961256	0.166966259312477	0.0899312295064417	-0.239604652908874	0.173788933083269	0.145888676482969	0.145943518324953	-0.145111721053477	0.106298422072661	0.338992998962993	0.240472193777516	-0.0123127117288569	-0.15518170733345	-0.166207307117307	0.073870588428582	0.180748021777056	0.149881932670502	0.111883717995759	-0.116343933341606	-0.134984438514764	0.0659054915535016	-0.0868567137115945	-0.100468987801243	-0.236780794116659	-0.261887055917558	-0.275245821308064	-0.156785477267852	-0.216733365481521	0.0681673393078162	-0.021047016962619	-0.0880191609944905	0.095638707539997	-0.0525275848435574	0.0166335411360244	0.154444883447752	-0.127113505294466	0.00708863782245873	0.133132903444737	-0.195230851626337	0.0472466255630026	-0.101356357222644	0.00466559666034511
tempus046_Post	-0.0785833851554018	-0.0539188234869923	0.078626449057579	0.0124321671358298	-0.287112086689662	-0.142701555891286	-0.113067789533447	0.26677967138915	0.375521994804375	0.0604104069460154	-0.211645370229699	0.150498712338815	0.107848299452242	0.300122209809054	-0.0635793420003491	-0.263740487632576	-0.0510259477084433	0.15267094847128	-0.100763837555734	-0.226299465340496	-0.0615012586160716	-0.17392777407068	0.0496038448599658	-0.0489857481453768	0.090392345657187	0.256823517017342	0.432259504940659	0.353196352473819	-0.0151431484029883	-0.0613890861332432	-0.118062921989544	0.421193374312801	0.327021719635752	0.275789835573844	0.0156436901825003	-0.00806639477499918	0.0935499393856497	0.194518390727888	-0.119357416230916	-0.141474878294655	0.0108764372382102	0.230067480968067	-0.239838226409081	0.32607578889059	0.242559445956633	-0.350268574920159	0.120748403828269	-0.176655668770501	-0.0390687315746796	0.304043356412282
tempus047_Pre	-0.0761261584915839	-0.0582282097251546	-0.234603940354341	0.187251478092043	0.0832096685289972	0.077403386924506	-0.156064491521358	0.0203454464437211	0.242870042749544	-0.0317812316484853	0.0795332840162423	0.107231979081172	-0.0840478471101919	-0.015357220348815	0.0343954517502055	-0.049928513235816	0.111338987596243	-0.530999700523296	-0.398563432515109	0.228600882589709	-0.060626468126657	-0.0191694804921826	-0.0707238767909471	0.169135941939305	-0.0575887715159746	0.166112639414466	0.184526554213961	0.231681522377006	0.223779499814732	0.073181074100435	-0.0913700088032691	-0.0951667078173414	-0.000742226426467124	0.327741874296714	0.0413863566198385	0.0796211989390096	0.0940230357845267	0.0145385428367735	0.119364261173014	0.120494838412768	-0.208668923063672	-0.0024028116986746	0.0454643206236043	-0.216852467705448	0.0737931597843233	0.0802167716718541	-0.000551620561279359	0.025318452557615	0.0298853995636229	0.194567107870457
tempus048_Post	-0.315300196655499	-0.202512500504308	0.251061326669997	-0.101481926985135	0.0270333585140883	0.0560464680778793	-0.149032136829089	0.215105736837219	0.20334689286904	-0.10461937886615	0.149388377089575	0.32133940174529	-0.32417623010406	-0.0608548070864878	0.177221919769365	0.0367308000431441	-0.0448685607656475	-0.105001119083544	-0.112230754600103	0.0706874021985437	-0.0796725614032268	0.180225478576848	-0.0916276065299989	0.166736792261878	0.0908880709564658	0.365048597604078	0.30071769966622	0.378857062025986	0.511215115157442	0.0767211186306073	-0.0532912022837151	0.00837876438319848	0.219161786042754	0.38431360400405	0.233002904867215	0.116210446276718	0.0563738944149021	0.217539633699538	-0.208368478055793	0.149945933851772	-0.0991720930207008	-0.0220355804272864	0.041591195659149	0.0281479124226806	0.288375555222582	0.0857407693296793	0.11072464414823	-0.154754424972182	0.0974302066815614	-0.233514981823895
tempus049_Post	-0.27521668681078	-0.0746064211638568	0.367646495848696	-0.452563633697403	-0.122538163943944	-0.224320591923352	-0.100764209710964	0.0177564732912581	-0.563056153716162	-0.208245105798248	0.25050294448868	0.165313301813937	-0.355895621960571	-0.311165913274421	0.0200529831668348	-0.0980532984151722	-0.158556677369114	-0.187010519698896	-0.173297818117709	-0.174243993152795	-0.120250763122702	-0.188427778995442	0.0812521990845858	-0.311141960294095	-0.271175946954213	-0.193676454245492	-0.536642046955972	-0.336679155830749	-0.426954150588394	-0.348831044373797	-0.198199031816324	0.504160673063352	0.462498306900017	0.394474207499281	-0.0829456125134833	0.246372615578216	-0.106947297510615	-0.0420643637012175	-0.254332625507997	-0.397607727546659	0.0961348516468711	0.222280275099474	-0.176525065514049	0.520705346297605	0.346451159135309	-0.225460381319076	-0.225783499286726	-0.0524725014927124	0.0157069945515223	0.303769091412915
tempus050_Pre	-0.200932008833359	-0.193576559093252	-0.368838673321749	-0.339932294986245	0.355027842345973	-0.0847421895164019	-0.0993359493684347	-0.26154068690408	-0.540548105342402	-0.249956804206714	0.124979810517212	-0.079319629869077	0.307873175267621	0.130479816614378	-0.264128122535955	0.137428246466833	-0.504513589731531	-0.32114921377393	-0.299552473066588	-0.129938983911768	0.130795937175934	-0.168973389208253	-0.25865472247387	-0.294772540235604	-0.298143212785526	-0.526946009867943	-0.546550382387064	-0.59958219944213	-0.153038589090931	-0.183516413148966	-0.157275914682585	-0.0460564362449292	-0.133690460940127	-0.433406041391045	-0.251352549752409	-0.297356422223778	0.00858077208186039	-0.26860629014673	-0.0550672783640331	-0.303450532026153	-0.147515175158873	-0.13174423651083	-0.032522751385337	0.0229137790016743	-0.127518679676862	-0.0907014995852564	-0.334603285283418	-0.0240928687229732	0.224882904709242	-0.328077972328724
tempus051_Post	0.500389999053982	0.321517035381212	0.194007800767294	-0.00791076775952197	0.2358403771793	-0.0621487230864996	0.364432287936826	0.149484622768263	0.163111884476814	0.308648627772779	0.0842788925571303	-0.0141168032750147	0.391364611260158	0.423241960358874	-0.142390761074258	-0.0321457761772533	-0.0643931740095776	0.327270918756559	0.353534406575077	0.176025624628764	0.325929713631687	-0.1023409898793	0.251888104636819	0.180466641858437	0.126639664921116	0.215385286234722	0.121207852893597	0.322239104885415	0.451800790172306	0.0637453547772031	0.372431068993807	-0.0258055608705958	-0.0270431735622366	0.207987217471752	0.222735799558556	0.131824100259399	0.251949154672006	0.303862317624314	-0.152455269250216	0.0155899610233406	0.0700783279953835	0.0749983628857471	0.274084523577306	-0.148629085769265	-0.035494162554164	0.352527791330463	-0.143156638847827	0.10965053520762	0.0397723924000733	-0.158198047981929
tempus052_Pre	0.186018862436178	-0.0898516316203549	0.193957151449381	0.0857379529164523	0.337300533077036	0.297595255441828	0.0569728250319	-0.212059902854865	-0.022174382936594	0.0946417202886768	0.0441249867964638	-0.176675691283491	0.258994570153919	0.192856253236699	0.211863769859304	-0.155712372443047	0.00617281589681565	0.546045160059028	0.427279867460234	0.0957394100807882	0.230491731104089	-0.0805460201468702	0.0420258434408354	0.122917468511261	-0.0470429023760045	0.0146162570337491	-0.139165229860004	-0.232751966144878	-0.0744962828450755	0.0446819701265502	0.249925025767538	-0.202203699623	-0.322388530872849	-0.434567852811745	-0.0427601836652576	-0.206244443362312	0.162606053262397	0.0166659044722791	-0.0619487583492586	-0.000168452385420709	-0.199417564163739	-0.0473721357538837	0.184932801597922	-0.338350777346377	-0.27967641547578	0.20103347424457	0.00949926337268667	-0.0329967590539145	0.129020957417012	-0.208575814893707
tempus053_Post	-0.388053462220568	-0.124997350547283	0.067171285219297	0.277761863347612	-0.282276868506506	-0.250782303918674	-0.268690714503768	0.153146984801024	0.451026841468024	-0.157103134494375	-0.277407933995351	0.195320367855444	-0.343576315613491	-0.147899412413256	-0.0519940916489729	-0.0361897741832603	0.244194193810152	-0.55911366548221	-0.465150145331911	-0.0741281594298651	-0.246636943009459	0.270460745773001	0.0381581271156998	0.170920980318293	0.0787865253134326	0.318582246607454	0.476334082581001	0.45498070533735	0.173039525813047	-0.117753676051221	-0.29900395542394	0.289598337793742	0.253856060679962	0.334788337139222	0.0580828328309821	0.290878349320503	-0.323614603896383	0.173937137554948	-0.25659645737803	0.232451289422491	0.133242009223817	0.10750842711465	-0.228504229814567	0.210211889028839	0.176352867615829	-0.22651936699149	0.256883099064245	-0.0773157357833137	-0.095718569484284	0.324887432740997
tempus054_Post	-0.135572545784581	-0.328309847921988	-0.364425047797668	-0.325234784249551	0.0922202745296038	-0.205796185248023	-0.0921176175175408	-0.153374503714074	-0.47123169800102	-0.103848241400347	0.110352924396565	-0.353655687867838	-0.11812346756579	-0.249001032104588	0.00118874400408708	-0.0445780167930909	-0.16307681577497	0.13432245824405	0.0657530185748035	-0.176231004018709	-0.212544185250207	-0.310083801335793	-0.108396148491815	0.0168353045118778	-0.136664624331776	-0.32131855311719	-0.473789254772101	-0.323020479219122	0.133077079093784	-0.213559247952912	-0.0300254066207351	-0.275512378605115	-0.377449086565498	-0.390855222070145	-0.331194314398618	-0.258119622586452	-0.0697400225712912	-0.217695065183335	0.00048893279840162	-0.20210784983007	0.0471156358859146	-0.231837300075424	-0.0774450414068271	-0.150486885175224	-0.282419016403081	-0.0233748540734751	-0.203874539305484	-0.132231012150627	-0.11667853385473	-0.0722425025617564
tempus055_Pre	-0.404780555988151	-0.192804234613648	-0.287269645257681	-0.339562003471621	0.217099822708066	-0.449971384184461	-0.195462274798438	-0.220479434243858	-0.490404003852602	-0.284406106567439	-0.307552650374522	-0.100555868426367	-0.279774251313037	-0.29184047900366	-0.271340698466093	-0.117584115250725	-0.404794564450255	0.218667019758586	0.0160986125912345	-0.364943421001625	0.00158813397029714	0.0727091464611588	-0.102817187192895	-0.397390300265381	-0.333355523474879	-0.324773603304425	-0.460127658248418	-0.51320627462798	-0.3323732314152	-0.397143966355934	-0.264835043252543	0.413003707859693	0.259943042673691	-0.130301173535354	-0.108401809547233	-0.0171341465389154	-0.158235710158071	-0.185897065874833	-0.297890674424536	-0.411261316689487	0.0504605252704071	0.111892620238538	-0.0838815373738483	0.426706598969796	0.124582703381416	-0.236806567671241	-0.0943549058818317	-0.0632713965008886	0.0672609929966042	0.175786573686991
tempus056_Post	0.299807805774473	0.0462509698197401	0.172357754796857	0.298654511056432	0.0657429006369484	0.245928019303359	0.367291667433776	-0.188598405555075	0.315898455483163	0.260211977189926	0.129171443464298	-0.332058166574086	-0.123027786606014	-0.105280657342028	0.0318193610257017	-0.02747497497702	-0.159807967946594	0.462289831472522	0.31833731406348	0.0464939716433818	0.0139318792614117	0.337127807648716	-0.0927176494848172	-0.167232651099814	-0.104674567959693	-0.0672960030687601	0.28625407558072	-0.439762320493047	-0.277792494342506	0.375360549493929	0.30960170053198	-0.0964286907604316	-0.359559294736713	-0.488990806402174	-0.0776324681737406	-0.347450870954543	0.152719886637188	0.00623869904158855	0.243081486727539	0.380876389774776	-0.0157765391725859	-0.135557715922341	0.110345958375663	-0.281673002209987	-0.266867747385112	0.129312492424138	-0.00857554403866331	0.109700588650399	0.0290694411442611	-0.326832042133603
tempus057_Pre	-0.22735260114518	-0.253592616940825	-0.207686431611701	0.077828887471193	0.146256947994457	0.093774102333848	-0.0352069802256726	-0.0740595736180931	0.244209425446966	0.0983178445687391	-0.083086307522039	-0.376241965573456	0.0240076507560582	-0.167975775090259	0.148079397777304	-0.116152934438427	0.0557572353947769	-0.174945202594696	-0.0651267142303912	-0.182725998454078	-0.0347445319698697	-0.0421528263191597	-0.117810630791134	-0.0592132351855746	0.114582912296281	-0.052801024136328	0.364244321820773	0.130128445342956	-0.373392078142017	-0.182848488572786	-0.150263067133862	-0.269743626250401	-0.362966742741906	-0.36036070261653	-0.259336922199648	-0.35827199164254	-0.0699544150195201	-0.21122933642415	0.103591192810471	0.0986359005581497	-0.16616688469693	-0.274233119084685	-0.139496335130211	-0.228724779581114	-0.304838235718882	0.0941567493473893	0.27121257312483	-0.0933826452953003	-0.121775088107103	-0.090101827425629
tempus058_Post	0.381739432274544	0.277447825647234	0.470089664133614	0.0651648317645495	-0.112749982605774	0.0601354520131902	0.369305272863191	-0.159419311418882	0.238745527662452	0.161488838468472	0.160071144646222	0.101706828670113	-0.314193963420866	-0.189594504939076	0.00378020387877456	0.139889443665017	-0.136743465534068	0.292668639436776	0.367382706019353	0.156403614614512	-0.0277308058236553	0.0903648967386168	0.103845814211436	0.247000375086174	0.0849086393555885	0.342435117450673	0.292202899816439	0.247024161911885	0.262001504644774	0.120779954170816	0.341871171114496	-0.0173961021522766	0.0143104945398418	-0.0614764664896113	0.230507232813268	-0.0364555244010562	0.0928731982395698	0.0771003548585255	-0.0594878634448445	0.0235491179572183	-0.0523060080506585	-0.0686592851532697	0.235198243222924	-0.151540649611167	-0.0495577270284314	0.375874863103104	0.150013516747463	0.199433250244349	0.172690718240051	-0.112346348258922
tempus059_Post	0.383572300926485	0.259732345119404	-0.120274364830413	0.0278536797595579	0.29186733781372	0.261553786036018	0.220123590558716	-0.0521830810575039	-0.161231878016706	0.189088834461117	0.0498036961332646	-0.168122943427511	0.0660059404411799	-0.107601641990319	-0.0475038790804483	-0.10577382086546	0.00262629876288736	0.189048571745271	0.208123019549811	0.0159449937591362	-0.00524962556201797	-0.0477632020786214	0.272672958122435	0.184478582833155	0.288870067404184	-0.000937087156452937	-0.307472188077559	-0.21179329177373	0.158071634465958	-0.259495211223977	0.218886052828596	0.022682850955936	-0.25864472589596	-0.27339612815264	-0.0592123123161239	0.104591563792234	0.165927573844572	0.0893697413050438	-0.024413250396075	-0.255906835923321	-0.0184511601427085	-0.0496004179007632	0.256072676502859	-0.134927270747222	-0.0691541265572338	0.103993354728351	-0.170032366363931	-0.0148507713274943	-0.0408031372427537	0.155830494734543
tempus060_Pre	-0.251532754524333	0.0238109266790626	0.150791601319944	-0.0674969453565042	-0.0704378223266256	0.116652967444787	-0.0086583873040936	-0.0334309999144733	-0.00435381195665729	-0.165711263729364	-0.0381871640154352	0.119077558293775	-0.254186699071406	-0.145038589785357	0.0517252323080567	0.0363700495474272	0.00317947998863777	-0.355843740596302	-0.247854657876695	-0.139186937097283	0.192161286014838	0.333078583285086	0.0927185142528043	-0.155949161893588	-0.271697374227522	-0.0431991916945696	-0.174511024465776	-0.0242160738208604	-0.0759039201379692	0.0246032658842004	-0.115047559082645	0.422827898016654	0.350347864514524	0.211648361182595	0.170827165274187	0.330689835266275	-0.130110096466187	0.0755134140331242	-0.0988341431462808	-0.194397348190796	0.0276596272618988	0.358381623901822	-0.191389364664099	0.45176789265636	0.23920648786371	-0.200837250718656	-0.0860643332991992	0.0896023915179456	-0.0425454362583748	0.483008823872645
tempus061_Pre	-0.0904882795619581	-0.0772592353629639	-0.52955002403929	0.0244177207240849	0.097593234992873	-0.200020226135881	-0.351027431875972	-0.384630912193067	-0.421080978265169	-0.34901876343698	-0.163785719878741	-0.472263373332401	0.0973580905831312	-0.134232135915213	-0.497256780819159	0.111269704369455	-0.601151185807597	-0.401642695348385	-0.388516827909908	0.0781986125091264	-0.0868441114379334	0.227549116159313	-0.405594612382878	-0.448866850577858	-0.360096522937012	-0.621116996649271	-0.493558791101702	-0.65343347718274	-0.481830733935669	-0.0863655306790786	-0.23314512293696	-0.414192579773647	-0.522414938061591	-0.67117527348	-0.312365234649276	-0.41451064164042	-0.230452094010517	-0.340540061906246	-0.0214838388620954	-0.343265234587397	-0.344813575036079	-0.324293389491913	-0.241929439026625	-0.377741385904885	-0.466288813834985	-0.306519338137191	-0.0812674304992999	-0.256794411962518	0.211171132200294	-0.107476748166318
tempus062_Post	-0.124928420854251	-0.16495859613317	0.0362662417924668	-0.150756320302676	0.124799865941884	-0.184768114417185	-0.174849560778287	-3.02192306900761e-05	-0.112201869330167	0.0555428419503028	0.109138156618267	-0.0854137944438245	0.286408619314579	0.166290687067689	-0.123308801773118	0.186644814658332	-0.416386461586018	-0.257698812725311	-0.171956651825254	-0.0449911707061167	0.162932443955958	-0.240168849208033	-0.0565971449760107	-0.300907878425432	-0.149903267692128	-0.209522628625847	0.131832480095241	-0.352857775504493	0.0761856549987592	-0.0450099024758351	-0.0362486497582814	-0.199576338804564	-0.152745056967142	-0.235938178480212	-0.185669705265684	-0.234438790889602	0.0827998375061778	-0.0635604139361347	-0.144380482263221	-0.166595571051036	-0.0699863895029726	-0.0323064769908143	-0.015382532109115	0.0160963167710281	0.141396800932673	0.0399392406759897	-0.0691940158203433	-0.163343811280522	0.229244949249555	-0.217969948100979
tempus063_Pre	-0.045897879634067	-0.108925359759359	0.0467787406459016	-0.322220280538243	0.335065203388155	-0.0514577760549763	-0.00814425692616655	-0.276095651236642	-0.553433008387343	-0.0676912374498871	0.217119066193393	0.165075388770896	0.392660930758121	0.283595714278881	-0.135598637470058	0.228710512714567	-0.339255171239587	0.550799697840759	0.265370473807898	0.100707582895628	0.239074691956104	-0.0812656585899473	-0.0384312775390206	-0.362499998622895	-0.160415148871484	-0.404912296155662	-0.54629678058205	-0.588891069809215	-0.456333125084201	-0.117475978801269	-0.0510436512521187	-0.0725070336358475	-0.0149734386293394	-0.339955743728294	-0.23127034082853	-0.117568304250821	0.101849027506875	-0.144623919864879	-0.0292229907071737	-0.166766556993885	-0.0876753805763282	0.0124060185313481	0.0116524842216603	0.0141445966393116	0.00289591453061243	-0.0353803321977679	-0.274509274028766	-0.0630719923849683	0.145275014230834	-0.0615300571240374
tempus064_Pre	0.0642972543701259	-0.0443143670081237	-0.306109690649373	-0.312042935255239	0.323538457909776	0.142387086277117	-0.266163924231291	-0.18678234987308	-0.477059093021595	-0.173907424009787	0.221150588965261	-0.0786276076584047	0.383279949735445	0.21935425498821	-0.0823313553378911	-0.0307442559150075	-0.376606788085338	-0.472264551418858	-0.41824999605853	-0.103025358193574	0.129717139814283	-0.13506716921909	-0.27209785025935	-0.159778133189788	-0.136730426817091	-0.433671515073932	-0.557028131474646	-0.478008906135795	-0.00235650724479466	-0.0300966423751174	-0.224478230121437	-0.273641629317397	-0.231930305676945	-0.320855696967486	-0.228839510631954	-0.136375431416295	0.0322371171860546	0.0101198332758928	0.153515670943105	-0.0986362778986174	-0.0847879929858746	-0.101589305236892	-0.109596224443069	-0.0363151041296166	-0.108006684982918	-0.398069092398467	-0.313759616264023	-0.170056203689321	-0.0556808905988535	0.0307641082172737
tempus065_Pre	0.239846799884991	0.30779772622897	0.292931662260367	0.313172354819994	0.202127006665648	0.140854380720506	-0.167151708025669	-0.24586184357665	0.209403070584697	0.0172191681497709	0.246141994709293	-0.0416420764542971	-0.0626154635062778	-0.0272201993785188	0.0282875334778786	0.234545157064062	0.0810279155718381	-0.508297524395219	-0.328225713728052	0.368624344809842	0.317838029791451	0.395711491228257	-0.106915387757978	0.100213121620968	0.222215924715541	0.246502948113046	0.0346358892907287	-0.233911034320336	-0.0128256260165872	0.27239168102745	0.0490437710148298	-0.176054078569296	-0.0498654450904162	-0.120482434850786	0.197297100157947	-0.172223382988772	0.0386765104399195	0.169588739828397	0.0714036887672871	0.098978960245387	-0.0758905271576032	-0.0875881611279997	-0.0437795736171325	-0.212773468658891	-0.0796748142649387	0.00225337574264421	0.15424991103523	-0.0199602306050347	0.172273658862646	0.0924400928536003
tempus066_Post	-0.14308334719383	0.217938834998301	0.266857784561704	-0.311947209917329	-0.161867373216658	-0.0515031625795663	0.201170689922588	-0.227476820129251	-0.429496864329993	0.171042564901009	-0.184567180386837	0.280206195100081	0.176594412347332	0.222931728618542	0.305954089318136	0.185922193798227	0.276229457541427	0.0775151877073006	0.184817073512981	-0.224172223183764	0.016346972300492	-0.075771720988099	0.286408091642843	0.0372139395391035	-0.230419539536532	0.140451282871267	-0.442999826001455	0.052086102217344	-0.370461623262151	0.0270142547543893	0.288253196345174	0.48765363906804	0.500572680829319	0.337023746096095	0.113539931112851	0.361731798471457	-0.203483645317248	0.0427120319407072	0.262588748582794	0.0599814306247593	0.142434392184401	0.444184931481072	0.21196402136338	0.530878635325188	0.33993401585376	0.371832211760975	-0.174255027518976	0.243513894023226	0.0314907878687281	0.36993489074622
tempus067_Post	-0.288337607248791	-0.306742070694485	-0.246194410777482	-0.251246631811475	0.24729003728227	0.118700229189179	-0.102216197035482	0.0471504624075508	-0.313914547350638	-0.110678339750345	0.352982130475907	0.0036157210675696	0.245703020827723	0.048804150895758	0.0456226622151495	0.010602779515238	0.178437584231473	-0.288775779861563	-0.380316872051641	-0.297036806569237	-0.0586800675266183	0.0978693922651246	-0.136669078559865	-0.0168052847622004	-0.267784699159451	-0.246298476574066	-0.291842006136022	-0.0373400913240208	-0.0555691385037267	-0.0724415557654571	-0.180081410442171	-0.0740531796095244	-0.0433966587905782	0.0799031879804524	-0.211817097266053	-0.180107336585238	-0.157731515856684	-0.195755976837975	0.27220203365905	0.143848636958773	0.346238653593668	-0.00951979983938803	-0.187260227851396	-0.119986960885902	-0.0995539741970367	-0.389406803565958	-0.0940660325553009	-0.203307423541879	-0.178745897850854	0.195646335056251
tempus068_Post	-0.0887735432205257	0.0857595919917574	0.265732812246016	0.172745364588183	-0.542657071884894	-0.0732096808810919	0.182224010403889	-0.112918120078752	0.0874918705299186	0.0831100616304901	-0.441674968522755	0.131916887863579	-0.33689396389839	-0.258588904361252	0.270779923940508	-0.179512423078537	0.452261099440455	0.393407821259675	0.296861996505481	-0.146001222197693	0.044588576342792	0.215224264142616	0.244146214560179	0.0486994894481202	0.0285025988589889	0.365158590080151	0.241636522079311	0.327293814043962	-0.372621562788047	0.0608732161988792	0.167116983822377	0.320250338804678	0.280738891245594	0.136588128856642	0.0865782550981238	-0.0583398609757284	-0.261679934236362	-0.016645376200851	-0.0611252253449382	0.0688278203617911	0.0516239925008864	0.257910366411479	0.0494236869724724	0.377655871272364	0.0984608951461928	0.22123563140996	0.301189621732896	0.256876736451438	-0.00875505229241552	0.198921468814212
tempus069_Post	0.220195298746753	-0.0540203792519789	-0.171030190444463	-0.20544902812513	0.0319620496785604	0.0477469207128716	-0.0566679343366139	0.0606752780186403	-0.3831276501609	-0.029642303927529	0.0146290507397076	-0.26743348007479	0.176408600912512	0.0321160999289794	-0.351117432698264	-0.167435120401606	-0.144831681507022	0.623108151228091	0.398092417871892	-0.171924328577443	-0.0954359143299813	-0.0528396724765476	-0.203562066223379	0.0217971759210071	0.0588852298389153	-0.314378092577509	-0.431216016119125	-0.426475635612138	-0.244027983275453	-0.185643580067342	-0.0498962321552297	-0.0020667410142606	-0.265659618767691	-0.307058583175871	-0.119745410684093	-0.12163527591018	0.265906041377806	0.00417727137609614	-0.270774394231208	-0.379601813152845	0.149954696214424	-0.0139075527108135	-0.0930403402439867	-0.15811842908564	-0.171234857296938	-0.281772579791382	-0.229487947479405	-0.241412347997003	-0.0305819571888873	-0.290733844514874
tempus070_Pre	-0.328366258676398	-0.334848861770672	-0.343608760524373	-0.308506920445452	0.11377855105216	0.185971681066113	-0.239932162631322	-0.209203186757106	-0.486155220945813	-0.236157078342276	0.320881086238314	-0.328702119431412	-0.0279553828625179	-0.225117746157251	-0.16046434607157	0.0838037198010212	-0.407014047317416	-0.451638510369021	-0.450456756421413	-0.217204437997077	0.0449361200975975	-0.219662014255968	-0.280634951388846	-0.470020636541033	-0.238541321118655	-0.532856052220031	-0.530931213096004	-0.601539108948115	-0.529815158967462	-0.207636228272843	-0.302370345040013	-0.297923766873153	-0.348705662165977	-0.40753288353152	-0.388898099688939	-0.331197541826951	-0.11761307513691	-0.403123713480722	0.0199275153579467	-0.365246123206835	0.21563544699361	-0.21700898365128	-0.209582793519536	-0.314766484484651	-0.380597969103578	-0.403412405553922	-0.102885508370916	-0.104516754511887	-0.0398907517746514	0.102311970407522
tempus071_Post	-0.382608012840352	-0.250809903063034	-0.075212500993372	-0.0976163216521648	-0.0127972005891554	-0.116681499490318	-0.325189419019353	0.0837489914749305	-0.189823689324479	-0.146355513675249	0.0496035562099547	-0.167819190592557	0.420512091033628	0.323581206463339	-0.397692156208642	-0.0296758342571778	-0.234439776580344	-0.479470865271321	-0.479539932108608	-0.161492000215195	-0.0257913727847129	-0.321116318304774	-0.108352705513312	-0.154479086214089	-0.164635237766919	-0.274463028791881	-0.0237703465006446	-0.413909389190965	-0.419177501249387	-0.206091372455596	-0.316756527333511	0.175422421381222	-0.130090557698867	-0.170346028751209	0.0164518560008206	-0.179976853913586	-0.029940828584834	0.00871322491839696	-0.193582096728342	-0.142067924623963	-0.138965965608954	0.155361917755742	-0.39523995823328	0.316394115297603	0.0166085263888047	-0.468093894120874	-0.0845403153687237	-0.283188389910621	0.103049962112265	0.0829136245980901
tempus072_Post	-0.265319805538431	-0.0281605998195794	0.200153322792911	-0.451532884192406	-0.216044796911268	-0.211814021998772	0.0464904950064832	-0.159775982162187	-0.63228472812927	-0.0163864252471707	-0.0640525759911228	0.382193646647463	-0.216881731279605	-0.168838336955999	0.0609476120647769	-0.0574948728157067	0.303464646173753	-0.0997691343683975	-0.0934433951706919	-0.237358037709641	-0.251500218679556	-0.0871818839349864	0.196091121172919	-0.332624222345431	-0.151761929127237	-0.0788932343219176	-0.700927229046704	-0.460774529193762	-0.375651884321142	-0.212914746006325	0.000306729750106927	0.539589631192659	0.51048703598749	0.345564758735448	0.0721266381314941	0.287193152311961	-0.0134940507834038	-0.0306945504221293	-0.172139497295719	-0.250438373498107	0.208748881006494	0.393565841229457	-0.00644209451166042	0.591129367397454	0.391184653706677	0.0510371940628052	-0.268300663663377	0.117272807025384	0.037717967380318	0.250629168692969
tempus072_Pre	-0.376997034666801	-0.280175203071136	-0.169433166777569	0.28111860062231	0.0593938714645442	0.237141000419561	-0.337246169041353	0.250674823621546	0.301628603843784	0.0483716377215913	-0.0724615847278808	0.0700175752543583	-0.147784025477693	-0.140394608385651	0.341124760458233	-0.159175010337358	0.480228514190297	-0.52721901227856	-0.444002595286858	-0.115705884333167	-0.290607030605597	-0.147217747615755	-0.177521175940487	0.0952305160777723	0.277985085050534	0.246710852527666	0.22468818582929	0.227659264495159	-0.00952037951220461	-0.247243809954935	-0.324172706938415	-0.166502920439625	0.0858576614070216	0.115635244775485	-0.134925898636847	0.0464540211794896	-0.0508040858685372	-0.141962532196526	-0.0620623385864701	0.0708324496087436	0.0291630372701478	-0.242396186765589	-0.276228405167809	0.020827268573398	0.262588221494635	-0.435492214833181	0.00928977975800327	-0.18602794630584	-0.227003450181004	-0.223932227124238
tempus073_Pre	0.314124111404779	-0.0419005188875752	0.117406765955455	0.217025991998315	0.320319011776173	-0.0683237955142717	0.342491800309908	-0.145847466294327	-0.114354047022842	0.213327080881272	0.119965388842271	-0.278424666778976	-0.146292495318116	-0.0781926017448256	0.0579740340812831	0.0529726082466838	-0.198553186128391	0.387137961348788	0.421497827896704	0.213890644468791	0.271610308510381	-0.0847619291807385	0.287252788002123	-0.251600534444551	0.157936267467602	-0.226461936952051	-0.013921367395282	-0.203057120609226	-0.304626870086237	0.0274020773621532	0.320730961316212	-0.30481889594705	-0.208834792417102	-0.257777394398877	-0.238782869751179	-0.138604631137784	0.097042441816145	-0.0852309264326636	0.0488970030573314	-0.140774654919748	-0.127111960048783	-0.0656611655959853	0.227347841577605	-0.308027079939617	-0.176570209047637	0.387803159590619	-0.155724254378089	0.182401495834874	0.047599556598075	-0.11066367092497
tempus074_Post	-0.042005054221661	0.253058546303745	0.424883381433125	-0.169850052869351	-0.140668433396433	-0.191332954501967	0.342605206989051	0.0109548173324979	-0.200278931461058	0.238092638177117	0.0209659774991012	0.420472428958429	0.2802742768587	0.319618803148984	0.0835163878173513	0.258359210182678	0.00512579168724289	0.422623124794571	0.370670277263602	0.0273332085648276	0.0208560424270496	0.155934719244317	0.3107784285367	-0.0779593323381905	0.0406193589980174	0.31862119020018	-0.104553887000814	0.151468198185982	0.135503803627046	0.29940013746653	0.201223184476325	0.608392151541237	0.540113049494319	0.468126403131866	0.331154418186877	0.437685636999616	0.168632255314741	0.287267060946469	-0.101961627521594	0.213876856757747	0.1272744756497	0.541314937254703	0.165555421697735	0.548917242164617	0.473769880912266	0.229038730985701	-0.250100746993315	0.235817453749951	0.16450407569036	0.209522275445252
tempus075_Post	0.355516743976099	0.222133327434399	0.272275647613366	-0.117381066848418	0.104142362845463	-0.215491149434749	0.44150908175819	0.0581008859749054	0.176774233427467	0.0927219983981162	0.0257149013490246	0.128018707166426	-0.202922900246821	-0.131057804559118	-0.0821366754149037	-0.142537974293493	0.00251767899976033	0.511769311848012	0.534840975544866	-0.0272049960835441	0.075699094726661	0.252614907514198	0.334863563714227	0.261592451533238	0.0424765293118127	0.307477386107833	0.0671794141512221	0.377916379685035	0.45656786006323	-0.123042974919961	0.281159215740801	0.0228767143132671	0.0959357995773703	0.249796488097496	0.22282738035503	0.397996691772671	0.0974502735397155	0.23518308361308	-0.231201334498927	-0.199098188696377	0.189654802864058	0.0874689041471255	0.187426258756895	-0.116810313940774	0.0534416508310315	0.410616125273203	-0.0967001928110996	0.112263696017756	0.00780736655814404	0.0839295421430972
tempus075_Pre	0.546769082944711	0.377878742562555	0.406874630645964	0.0961832977099172	0.273286668305702	-0.146424101247652	0.415700494423425	-0.0241056516756736	0.268550432995892	0.292835345681201	0.143368275060554	0.151368510657055	-0.0556561310639409	-0.0221528077011795	0.0471778695470212	-0.0224574566957148	-0.12445351753379	0.597194638198911	0.613005288119096	0.0236329338457446	0.0650934158879459	0.201662238301639	0.334251086357139	0.355345264553172	0.0892278796169	0.344808158837672	0.286441816771517	0.415896531754121	0.477288433152903	0.162685668274183	0.414837457777143	-0.0444075194606786	0.159280155254666	0.315648706668722	0.323710079484692	0.275052900597109	0.206177345382644	0.210371413142703	-0.207451283628766	0.0841108471843208	0.0144017297714976	0.111990838901052	0.31974256746365	-0.0643433636783618	0.0566774691162074	0.50125406288882	0.0402412781584304	0.232485712138216	0.0525611503121601	-0.214930661114407
tempus076_Pre	-0.140847060282151	-0.123318020448209	-0.0324169003446016	0.0833142925695126	0.068027097125666	0.232285099622286	-0.107496900805363	0.097650569913662	0.142873028298633	0.0834042514211546	0.0356427561937464	-0.191396886207345	0.176504951005289	0.0607284344792831	0.0608161902717924	0.154867755278752	0.10717927649708	0.607862853848473	0.434214421222009	0.0491347914637223	-0.0802170547793903	0.0323026197862493	0.138814985820321	0.179856752421636	0.205389857294106	0.234774878473536	0.125685396757183	0.345972471458424	0.0099553765158108	0.212092502216706	0.016270521747303	-0.288410602308053	-0.128135615684827	-0.100236875326355	-0.0166468050520319	-0.226774943898011	0.0772377896947857	-0.144892942899025	0.0437249369568398	0.089278208336592	-0.0921754824960601	-0.0859789569070657	-0.0701274893325945	-0.0175247395685474	-0.0091108328014618	0.13366231880411	0.0157497242021954	-0.0638159109176253	-0.0257624077524367	0.00147536203942497
tempus077_Post	0.181809507192698	0.272069569336362	0.335101485268513	0.151817946978455	-0.331565731689472	-0.0211395709745675	0.260723546749175	0.0259939694976726	0.295730429156594	0.128915173119288	-0.147403655923069	0.11376963121952	-0.398498290236669	-0.271813788949098	0.139772763966296	-0.187971769230369	0.372732923273869	0.303175784247901	0.400032445580066	0.217043218797581	0.0112157581999638	0.122437873359066	0.164479106680514	0.165418314516485	0.229883860688177	0.411767331249331	0.33657862821092	0.204324699846802	-0.302512452218037	0.258461887999253	0.291758593568661	0.00596109380211024	0.130638660331527	0.367227579795266	0.252159918460834	-0.0200291639245924	0.115579424084637	0.0269086564006105	-0.00988480373390824	-0.0153856795842128	-0.0734762431324575	-0.0903879629891265	0.134446400093109	-0.0850974320822108	-0.000819366546112921	0.366440581181345	0.0907634681182255	0.0607244667405824	0.112882976818119	-0.26291806018232
tempus078_Post	0.353609381159637	0.357612753074906	0.0291293276213749	0.278283880248942	0.340820956279844	0.164219146849286	-0.0412771679969861	0.241689104382494	0.376943051049793	0.128996168724686	-0.00163072325661112	0.208487197624297	0.103431299990554	0.117736738385143	0.187551673305439	0.089693733256678	0.243422501751448	-0.435753437063022	-0.207046241023428	0.189081263087155	0.304269096264316	0.170705508977844	0.113283812186139	0.328665932023341	0.217729351491605	0.413860546716957	0.422136090473517	0.532525395264047	0.359984197943481	0.429364292970909	0.162208876319426	-0.119187759496383	0.228847347763087	0.372511196743102	0.3284630228464	0.328156002310054	0.0691356970120246	0.304611130565531	0.249886580440777	0.477587463853946	-0.00177821735121272	0.144830962018539	0.109272058220358	-0.110897329810621	0.236457895879367	0.00812770534025986	0.0361898909417397	0.113302050932805	-0.0565863058718449	-0.27396415503862
tempus079_Pre	-0.247959250660824	-0.0794705333357242	-0.345731980019859	0.205966337229654	0.111445541135496	-0.310938001542542	-0.143324101821138	0.199067534862274	0.421389159358293	-0.197073568807171	-0.0999808782244601	-0.277036574786007	-0.210730382763146	-0.256847225155126	-0.298189788650931	0.0702699128571492	-0.325215356813516	0.0728018238228271	-0.168367061031861	-0.0257076100531753	-0.260450335467786	0.379602906842941	-0.19283165788532	-0.0283920813759571	-0.139401939325696	0.034471095855724	0.511955654697021	0.241817152833229	0.317808319344522	0.201327015114577	-0.108944591687493	-0.310185236911556	-0.38648913082583	-0.203009253224851	-0.12753753692452	-0.361985213199166	-0.160328534386867	-0.0530446464538127	-0.051393581348974	0.404468445649132	-0.189498180985855	-0.260373916413259	-0.192390551979977	-0.312204760407775	-0.245823540101017	-0.275130380712931	0.24451201094367	-0.00585705974050986	-0.0614671247396124	-0.203778780897862
tempus080_Pre	0.00394963853902053	-0.0578370164612124	-0.00279800330852004	0.00669466606702047	0.138724441333968	-0.0247004839774604	-0.261274178873223	-0.116586364458245	0.0762474740109076	0.115037826362289	0.0796039095961316	-0.283186914833464	0.147696536941981	0.0685052195808163	0.0972977872972248	0.0065669574955475	0.0621124550249348	0.547021006231486	0.399215346811649	0.0467144428767441	0.00948093014899387	-0.135784071423278	0.0064373015115845	-0.192527855757119	0.190633576723186	0.0783730610117273	0.0292803209987129	-0.26741680599025	-0.301155335699854	0.0043777427853165	0.036690305903465	-0.217805987238915	-0.167029144813671	-0.363062273160991	0.0292913021281862	-0.000775755757212337	-0.0456211822585674	-0.0803583609264696	-0.118232662218015	0.0774542893055202	0.00238570013987133	0.00189407270437436	0.044161928095937	-0.204599814563233	-0.177910091851079	0.0545911449949127	0.0962240160641843	-0.0142330951394506	0.018235965059938	0.0319999890802303
tempus081_Post	-0.178314683050444	0.183140179319241	0.486256218697581	-0.223046019953918	-0.369133718992298	0.221728284249988	-0.225452676110968	-0.0149724337390899	-0.136492384075977	0.0263626066404843	0.155625328886011	0.443432432372526	-0.101233961730581	0.053634099474721	0.299893252705584	0.0288173551758856	0.253045832654707	-0.403884418411488	-0.332847374680258	-0.0755854837835492	-0.0794198227982436	0.0555170471608458	0.232602864724712	0.12940820793196	0.118211572210023	0.216001415936102	-0.142480969816464	0.0637243893492732	-0.271926071578267	0.109213977719241	-0.00257042289233564	0.552690891580687	0.582700748601357	0.535451383430674	0.326699429636356	0.276898032832829	0.10025036199533	0.240053627369801	0.0683726540565572	0.0638422080900121	0.222475084583067	0.479658433179687	0.0454752251058106	0.559781484667665	0.494936658137051	-0.264492128537768	-0.141942999931238	0.0651267310231892	-0.0169178919417697	0.296974461089909
tempus082_Pre	-0.139253597795651	-0.194764182595773	-0.352707188220971	-0.165709628030293	0.10692896331249	0.267650294972391	-0.175797600323392	0.0355473185059664	-0.149719879406652	-0.0010876101601916	0.0715278200816926	-0.0876989529489034	0.278241063796967	0.186223911425824	-0.145406928885292	0.16727509497617	-0.412175135612571	-0.160901023732544	-0.269078611964162	0.0480987353224681	0.00240113292354582	-0.228208570507036	-0.157086682684598	-0.342343832407498	-0.167619708457682	-0.411688648681992	-0.00293417263045156	-0.36263562332145	-0.316451540120759	0.0339432522994408	-0.184528822458699	-0.174021390298035	-0.0572566281632131	-0.326085699330347	-0.285151012246474	-0.164322702289754	-0.00983577217228387	-0.120523866808846	-0.0194183080027644	-0.0989487720764221	-0.103164232042844	0.030059779960336	-0.0962656367740228	-0.194245099154297	-0.108675472576105	-0.275108449115512	0.025931573795584	-0.1238646137504	0.237438245390052	-0.125031921263932
tempus083_Pre	0.392359586865312	0.171810557270164	-0.207989117014513	-0.0404097278129066	-0.0794338605610721	0.100010816288429	0.171799270682078	-0.246267704130529	-0.402431231764424	0.127444012426937	-0.286405534601647	-0.345821339325606	-0.157224191300808	-0.272435410121356	0.0161364675523678	-0.250265473051577	0.252240209155695	-0.148836962264459	0.0720434126184616	0.032092355312633	0.140248845944164	-0.265107667050556	0.216854511751659	-0.128894500273284	0.229573244018072	-0.128001590158312	-0.450331004443603	-0.247794399683696	-0.473382471684972	-0.379969048287059	0.161253448172289	-0.192619395847923	-0.249388989112531	-0.385683117917909	-0.236243375678019	-0.137504826972087	0.188482460080417	-0.077132734243952	0.0311412940989298	-0.466438062476572	0.0547247076751024	0.0185007308076372	0.0535885676499647	-0.201232363835069	-0.158716903828936	0.113909303664891	-0.141456720214339	-0.0776143500935308	-0.0646609335611709	0.245426863468714
tempus084_Pre	-0.160915706655915	-0.17754371325897	-0.00760513207115032	-0.28055110909921	0.0523318077655059	0.138121970831102	-0.232974173660215	-0.428831340517348	-0.596657285836115	-0.0631171155068852	-0.0116412807096705	-0.315442554246863	-0.339415460445692	-0.328384775268062	-0.0996250620021242	0.35301622567858	-0.314395118403189	-0.436217488476649	-0.384375540852952	0.0888142321931584	-0.102883307944284	0.0861594257854343	-0.0329215598586169	-0.427408577129462	-0.30189966128429	-0.438803593328464	-0.67922595524783	-0.63268825708462	-0.637598718894567	-0.0550537608996891	-0.0753848075245399	0.214650453616508	-0.114046337958927	-0.449639172567523	-0.331399343044294	-0.293746912544962	-0.106445102813747	-0.352854583456721	-0.00898602478532697	-0.101952387652522	-0.0724298179185705	0.290886390344713	-0.179215424412433	0.37891725802994	-0.000376376612363727	-0.237335298257511	-0.186656240311204	0.0989663980536253	0.183394338843171	0.244277387724965
tempus085_Post	-0.259982120871035	-0.1949866292328	-0.15694068542572	0.0977217040946585	-0.166340550180509	-0.0189679055625608	-0.146465156602986	0.134390211952626	0.219054377574446	-0.129706499738719	0.0632658653785426	0.061547051580653	-0.315414007367743	-0.191244230155391	-0.0479884657732584	-0.174780044943986	0.000495495969967535	-0.480025845985399	-0.390355352003227	-0.212536878084078	-0.0591958667968508	-0.0988968143311394	-0.151141837033979	-0.0788636442087397	-0.133287329069286	-0.0485210627407386	0.29770384394631	0.0930718387046726	-0.102600155888013	-0.311695634588231	-0.288570937336224	0.181985942009332	0.218679720260728	0.357049348544908	0.101601504889727	-0.163373148893843	0.0171874012769993	-0.19625050189493	-0.232808221842558	-0.299235513614301	-0.154111101372183	0.0375644735676643	-0.249255147738649	0.00831015886245259	0.112270489375067	-0.347959802829651	0.105574986434593	-0.0995116405882268	-0.11935308501769	0.0749059574034165
tempus086_Post	-0.266921093085698	0.0699502491018778	0.0447310123365338	-0.0907954232098232	-0.139380091222727	-0.314553863442324	0.0116523025056547	-0.0189438486102352	0.131647897282134	-0.157214748969722	-0.291323075553455	0.32125662787746	-0.0745577606480267	0.0784457819497604	-0.0150530408437814	-0.094415803676952	-0.322406288467617	-0.191067053546701	-0.101120292318651	-0.283179067998261	0.0826045495721807	0.151832458448559	0.041977717213511	0.0278750174970376	-0.269244640657252	-0.0143321485155753	0.221763909768011	0.000666227857069157	0.26936128563093	-0.300188060794449	-0.0705551498787389	0.584467512542997	0.557133296148179	0.445077479160715	0.232726760489478	0.31897348711659	-0.163151289455378	0.147536359610718	-0.264950434959703	-0.356435573565664	0.0770925907533895	0.314654322131737	-0.00987593362681413	0.574560654701326	0.402524926078203	-0.222351351720562	0.103711667213992	-0.00146371523311875	0.0804793058604795	0.284617241187831
tempus087_Post	-0.298772969667653	-0.279884140028479	0.0307808088738124	0.088868169161392	-0.352968269397924	-0.211634584919933	-0.146160400742812	0.233939302607005	0.315076111936274	-0.178613914919692	-0.398110824377311	-0.108317476133555	-0.395732288506863	-0.363528428650331	-0.213441981558981	0.273248574429336	-0.0852376755916868	0.0397742363001015	-0.248121309222277	-0.130724258527106	-0.14197654511557	0.179677308710567	-0.0399288455722847	0.0585428373064837	-0.210116882458778	0.000428042163844067	0.346019340102046	0.10372304619707	0.00352486262630022	-0.12818236423063	-0.165688242047684	0.0383722828685562	-0.10157619530238	0.0728513035147348	-0.126294853613199	-0.396805901990481	-0.217986423386545	0.0347338151063952	-0.240464516907684	0.148819872399783	-0.0660124956847702	0.0809670481812975	-0.271820642149823	0.0738053396666856	0.0156886462051151	-0.336615690720718	0.307586575001869	-0.0208267592464155	0.0330796048936176	0.405135586800109
tempus088_Post	0.204733189125075	-0.0483904724716422	0.198245589529123	-0.177841965536736	-0.141575192894289	-0.00655425129881271	0.152860096654291	0.112287075308723	-0.0160863888295978	0.279871094823181	0.00266912275939654	0.18652168196259	0.469382114915294	0.414704789892013	0.233739931277196	0.0599816282092922	0.419973485830265	0.647738835054994	0.432364082170945	0.0433281417544685	-0.0245251208793264	0.0187204564810294	0.222241702723959	0.311022228567226	0.186444183834287	0.392995239790539	-0.224186303654155	0.41969332194244	0.254867255441806	0.140066041944984	0.181398696342067	-0.073664905549332	0.17352124271474	0.195135755022289	0.0697861529966179	0.135112196417656	0.219059976187036	0.0749592316934668	0.102070789138674	0.192723094081105	0.139327275927516	0.0457804555331385	0.0116288659214077	-0.159350344404368	0.0702081468594957	0.121181099313697	-0.19122681164629	-0.0189156277657718	0.0435022769798692	0.200674703295239
tempus089_Post	-0.325715048692064	-0.280438824652494	-0.096541890646736	0.225882320942291	-0.487897002079073	-0.264839305054733	-0.157985011495229	0.218519733763883	0.488276282037616	-0.238925074303372	-0.504282633488259	-0.014751346014991	-0.433081039191836	-0.280381613909263	-0.246944861223168	-0.237706491367916	-0.0456324651658642	-0.2460734306476	-0.170020904232745	-0.118807949139014	-0.343916584439681	0.301671465258253	-0.146029732129115	0.0222084359638083	0.0826309361175515	0.209111511713003	0.600146001861907	0.443136780438562	0.382031258844002	0.00114131675413526	-0.166531847119415	-0.241351852662629	-0.14743766833907	0.406693848146365	-0.00898938547256961	-0.103951583668114	-0.234630568849621	0.0339791478632225	-0.078812192650087	-0.0948946101965868	-0.18832245311875	-0.285457808900345	-0.231226375915293	-0.136292042957468	-0.23696633083849	-0.134292026806429	0.371614777695823	-0.0837936987192312	-0.203892319596183	0.504798435609513
tempus089_Pre	-0.291982090404069	-0.238454197830651	-0.183360490507004	-0.0361280885569069	-0.166980742385117	-0.349531537159984	0.04138154921903	0.179484948002148	0.314816670248081	-0.13933978823986	-0.336543759913552	-0.22250060155586	-0.0330137832482002	0.0648984535968809	-0.200113441438515	0.011239686678994	-0.432561239699701	0.579307207768595	0.427481645890482	-0.108106662980982	-0.202446038293889	0.191757621969594	-0.063894243679959	-0.179641208226183	-0.116357573882015	-0.122031218590663	0.417342873064666	0.035121111456396	0.231603611120277	-0.135516722823834	-0.110537050306621	-0.220255001483516	-0.323490497711265	0.10314649010863	-0.149062131378941	-0.334668446042968	-0.0535678693992474	-0.00572918671862679	-0.12111756295502	-0.20471755378967	-0.290477207824236	-0.243184114278852	-0.0852212525730868	-0.11058807626548	-0.199860241464575	0.137679670879558	0.264477288153262	0.00593564711107117	0.117943828303693	0.252977385103734
tempus090_Post	-0.111953005929632	0.0509415483098195	0.340852376389828	0.0266933980149633	-0.155386048659639	0.0564789338689457	0.130369142184651	0.183752007412499	0.334738370710851	0.103865427634655	0.204628409661308	0.348840263523272	-0.344288507497875	-0.166031970048279	0.152199491593672	0.155730351398306	0.192406602675794	-0.464641048653563	-0.278553927391252	-0.0559203900108721	-0.0159712988247395	0.0481623588957434	0.191569694850119	-0.0509304022787751	0.257607217121605	0.292750841236943	0.352530911360471	0.329930553010358	0.207821846252348	0.0753434782669613	0.00451799001377123	0.463193436744985	0.454107403643376	0.430724535666459	0.265833937032111	0.415149174892018	0.0149407957608371	0.158768472612716	-0.176576303457133	0.103399944145214	0.0904608876424204	0.340567493448538	0.0846043915245612	0.369336030777226	0.350369458204215	0.074445561626294	0.102011185576737	0.0242508075952553	0.0443730810289122	0.11347913120495
tempus090_Pre	0.4102894748647	0.130129206102026	-0.189182154156461	0.205009373721598	0.167141698233025	0.24375383415349	-0.0228967967830454	-0.0332797182690349	-0.0945049690924182	0.288228593811127	0.230581160602939	0.0244449308918372	0.292731692362359	0.159841234110651	0.231200683201643	0.127084282618685	-0.0474571284248839	0.00313531031195304	-0.00749626686566671	0.168843966101352	0.141461099599457	-0.0677767858260233	-0.0524567333159376	-0.130855330080989	0.256227991567022	-0.147811450000659	-0.0854105421650015	-0.200317376867322	-0.1800485671958	0.0234821564819759	0.0769654030134868	-0.188725594977389	0.12419301887763	-0.0545520575480007	-0.0002753462825687	-0.204190473601163	0.154112916314408	0.09206576303053	0.149590609996214	0.326606806293026	-0.0630973235538093	0.113455852690072	0.125307526648281	-0.0967278148905614	0.0866819824714222	0.0904731976746856	-0.141697609835281	0.130222013414611	0.134415279806411	-0.13600993477262
tempus091_Post	-0.388128596684874	-0.264801629230364	-0.22166900851141	-0.167452288391959	-0.183825821120254	-0.309180761128748	-0.0303673270536532	0.0556901655208422	0.132307028856699	-0.254970320087002	0.0708737449785947	-0.244539755504544	-0.323306049109815	-0.189023089272968	-0.364754624237178	0.183960044939355	-0.45980321685776	0.421974983452203	0.172663916116664	0.0386382343824747	-0.098741492910402	-0.0186511613265545	-0.174562148037191	-0.431219025586753	-0.283279282514426	-0.334024965746432	0.217852196421325	-0.372501147295784	-0.173197364050115	-0.205172778784635	-0.292616477168087	-0.175412152836781	-0.189573702447277	-0.0311694109619734	-0.194177159508767	-0.0498482584926844	-0.149356441886318	-0.182386555997755	-0.277773440437445	-0.204092275515129	0.564269161679118	-0.195591097018649	-0.288848323644921	-0.128399370959588	-0.230793054960549	-0.32683861049399	0.0651676834620892	-0.213136850950322	0.210342223474673	0.135957189921576
tempus092_Pre	0.0177726951197723	0.0350604083116557	0.283307397632128	0.0353428255693919	-0.0504920383751783	0.40169467059341	0.0436252613293032	-0.296923392023466	-0.310234393566902	0.0821338146177466	0.183297787707165	-0.0402569088528162	0.299963978524242	0.301729378203613	0.0155522875272359	-0.126108345020383	0.329928114040421	0.0280733574945381	-0.00164608746349641	0.0709790461221091	0.0993962108043393	0.132614555005309	0.236397759807546	-0.138206287948989	0.0595428189708135	-0.0702332542754387	-0.382116928708018	-0.295004406647842	-0.581474015057251	-0.0591590633514484	0.0349045148972087	0.265977447346449	0.181569134392665	-0.145245645967431	-0.0457207565974417	-0.0598250803883105	0.0214105577131022	-0.09132500216322	0.037477465493303	-0.115199476925668	0.0109488860820489	0.334329299093982	0.0670913966217096	0.354496426454918	0.135378200699323	0.0822187284075731	-0.227278618591497	0.087947984289171	-0.101919424957363	0.21921452617825
tempus093_Post	0.283001040622491	0.31850177888612	0.345743483806451	0.0353017864587964	0.292619496592239	0.229074468091642	0.0212949202496568	-0.190455644219987	-0.184766993996092	0.171370133867302	0.150015614750331	0.13110330986929	0.437123003454313	0.356325311777129	0.0630810470685742	0.286807007509757	0.0837219694006795	0.585633902032826	0.372461336210922	0.370945497693013	0.252277395623266	0.243279907282933	0.143982921534118	0.154727929835217	0.210878563602323	0.17320491475115	-0.297792531979578	-0.261360312418353	0.336218030213474	0.258345996086162	0.207726696199055	-0.0722283167856786	0.0870140416882084	-0.183585908598879	0.283928957668116	0.19737055639442	0.197432477527145	0.230821122769086	0.123825642149693	0.364017130913727	0.151146777331179	0.213159699576071	0.192699901404637	-0.239441545474535	0.0369608264895244	-0.0911477705318577	-0.277250419568477	-0.0849885605511237	0.217800241587847	-0.198633500919304
tempus094_Post	0.432199027294011	0.126163498980033	-0.000548832870822774	-0.181495577022894	0.239284544797529	0.253801256817681	0.407198076592857	-0.3674099470972	-0.437810615533568	0.154225073176659	0.315608043395223	-0.0914672266845997	-0.213819991013928	-0.0899838903812691	0.170258703977588	0.306423522807799	-0.0300258422260372	0.321092204832077	0.376303356538722	0.384199535780674	0.0819002325930308	0.391941526660166	0.136636270172184	-0.270792127495905	-0.160388184135551	-0.313607336172895	-0.579261249381482	-0.560584215412235	-0.457842236923298	0.522858330349335	0.37008683174711	0.044156406429899	-0.210745395996183	-0.358301589569132	0.0676991103818207	-0.0535801566331287	0.256701059179264	-0.103243056621861	0.37228555105266	0.360910615157389	-0.10724219582201	0.229701696410105	0.278495479242735	-0.122416702582168	-0.280064559059856	0.318129767153472	-0.252978705408241	0.34658942905736	0.167433549123003	0.279275234180163
tempus095_Post	0.180998008932537	-0.0206899005273418	0.217765746967254	-0.18863180065994	0.25136507797742	0.164728509937405	-0.0150582532249032	0.0636745953101639	-0.338673219789743	0.00797258905475556	0.408957456708716	0.166684450947177	0.173128076805849	0.100304979402121	-0.12056952509973	0.290622393321858	-0.365991361355311	-0.368401778118678	-0.305945810851129	0.230012003051475	0.287636343992894	0.0243459723143322	-0.185741103449879	-0.269695177341043	-0.0250772838556139	-0.268428657003419	-0.364277177489243	-0.364712872870809	0.100490339162338	-0.0770599369702167	-0.0841824159325007	0.106890372380499	0.0544854153166147	-0.0597141774593835	-0.0431155986024274	0.0167494599237825	0.287982710423351	0.0714640347456276	-0.0355642530845692	-0.07562099929372	0.00341321040057113	0.0905675925445302	-0.0278733514511711	-0.0732542296209764	0.114397889452143	-0.156151789048597	-0.254884930747942	-0.137803119951832	0.161960795185958	-0.144867215608727
tempus096_Pre	0.0122203409250235	0.0525265061330388	0.0225467420326702	-0.238044899691622	-0.019745173646341	0.0783257125419654	0.156566149404138	-0.155927814514203	-0.377590480809919	0.110935701116797	0.245111466957659	0.28108368342243	0.0218219601383102	0.178413468725307	0.173879676302539	0.0479169222450471	0.124304510834327	-0.313755612031646	-0.232730916900599	0.144338053396497	-0.0180939143146133	-0.340124860973127	-0.0307728395381299	-0.0589948645033365	-0.00415822928454934	0.0271946436399507	-0.403809267786193	-0.356324000632733	-0.298969643625074	0.0112402350096798	0.0522274935891863	0.147726841028145	0.0901585726121696	-0.0225475657165015	0.0503483044485483	0.113681306411164	0.140001850091111	0.0134984533252915	-0.200848047318019	0.2389767717694	0.422694165000839	0.0250115988328677	-0.0808020555994735	0.172651659818014	0.145254796452753	-0.209248527267945	-0.190379450968403	-0.00440958087985774	0.182158034060169	0.0413239047543952
tempus097_Pre	-0.357366063221673	-0.0333089885176782	-0.387445409399984	0.247533247883299	-0.140163580610241	-0.293929955050533	-0.0980361715862477	0.0946142985602232	0.463304001478306	-0.328342681941161	-0.386445708497442	-0.329430527481031	-0.318907662675566	-0.249344814819449	-0.281488062880309	-0.266013855365627	-0.26048741745641	-0.505532369189995	-0.370129897364996	-0.00598629004765389	-0.145745276525667	0.419971406993235	-0.164568774016115	-0.163485397164565	-0.185952001465681	0.101147769107828	0.473598844342189	0.26399645808904	0.0196579244909207	-0.064890812214886	-0.147735451021844	-0.325975362773443	-0.278949197999896	-0.175511751534352	-0.0720143150239992	-0.491375594307957	-0.3983832952063	-0.219299446815328	-0.0668836296606808	0.111658575981659	-0.0800364413634102	-0.217507015103841	-0.142018794774064	-0.226654347671233	-0.172645359249728	-0.0609525948783761	0.33386768716343	-0.0667782642335909	-0.103751128256981	0.147943381423079
tempus098_Pre	-0.208493705686847	-0.175446604236222	0.289307315725137	0.124396517235909	-0.334710567428425	0.202864241345081	-0.394662653928115	0.052872542585789	-0.0722210450689473	-0.062405131364253	-0.271649149423521	0.0144513689460667	-0.0704807859687281	-0.0833410179687014	0.118059730253134	-0.159035959076083	0.418638364274403	-0.342295458633575	-0.265264894951171	0.107399264600238	-0.217435881072934	-0.17946275227893	-0.0948070313388704	0.053143947662953	0.408092686624719	0.221322252718168	-0.14077665691767	0.19543256813788	-0.238735257622647	-0.18155748958028	-0.223283865328967	-0.08498583907292	-0.0665220694013987	0.0791367594262317	0.0594469503287886	0.0263340003028898	-0.037030205230981	-0.0982042621403358	0.0445964083900449	-0.0721003368331026	0.0300912845684455	-0.154182029087872	-0.232104380991494	0.0394333172121557	0.126258367273726	-0.198690557022474	0.0940932698083656	-0.113827853026694	0.00967580424478642	-0.0950907005057573
tempus099_Post	-0.117071990535966	-0.209847501772665	-0.119210582123162	0.037909567195897	-0.190327180394096	-0.170888345292026	0.0233822693730945	0.334922198042611	0.390704223187628	-0.282240934675592	-0.28021848631135	-0.0505926635633351	-0.415353308933664	-0.338210511345281	-0.320659247365516	-0.108780943421079	-0.193760122773379	0.140899569737436	0.0299396786085509	-0.00170933418960684	-0.234351912795157	0.101827236626051	-0.117146082617899	0.152718752502108	-0.0263667857856393	0.155668793241895	0.435588974114156	0.555514934087932	0.658405500811903	-0.207442768460966	-0.106491181032814	0.00788939905378847	-0.125565735733545	0.150594697112446	-0.0874154238846919	0.0387573438280784	-0.12815452079865	0.211469742165082	-0.307538365961997	-0.322020501673397	-0.207853355439513	-0.0257170359159681	0.029103298738776	-0.251941315163937	-0.071996494541759	0.019175118103128	0.159185745782757	-0.198923793878243	0.0265593534531534	0.107613011773628
tempus100_Pre	0.107058485377247	0.178814155497243	-0.236338742758242	0.168066503177571	0.220224315211755	0.106684889561761	-0.117423986265463	-0.124342082547617	0.163597847800223	-0.100651738428276	0.108053558803256	-0.173152790578643	-0.264656836910494	-0.177567682274561	-0.170305877481609	0.378385440237548	-0.294891251024351	-0.305766571100785	-0.262761646768142	0.159554704056055	0.14067933096998	0.362432845543763	-0.16294084439048	-0.316962618114735	-0.185827554356193	-0.234190019366782	0.0177924460286258	-0.237643481281042	-0.193259911465734	0.155922211608904	0.0329105367802097	-0.249317704049632	-0.356331848350294	-0.494283213834624	-0.157351333921042	0.0761286569942838	0.0506357360574274	-0.0275610901564935	0.0862434981836881	0.322728272006195	0.358881898291143	-0.140079701276715	-0.130772396466439	-0.326785620734416	-0.345050684678844	-0.223626819202722	0.151994399157954	-0.0227895015093113	0.282199566458788	-0.0342025744093377
tempus101_Post	-0.422184915532796	0.0169970792609052	0.283429754523551	-0.384373517565519	-0.182375041389856	-0.365058040707162	-0.27181842179491	-0.284325165180849	-0.628010744328886	-0.187612768512709	-0.315226957441377	0.314079115377897	-0.288508275981972	-0.203675175025974	0.045617800163949	0.166665832473143	0.0971831295251788	-0.392872233646777	-0.294960131362496	-0.256635909461949	0.0613366897676461	0.315114574896971	0.0624178565448612	-0.0918519338584651	-0.243682259707412	-0.0907271939807617	-0.615036287105079	-0.447015392775542	-0.550729743589667	-0.161424825541804	-0.236029458922319	0.508881400382056	0.450987820736347	0.372192762717547	0.0675134863915617	0.0402037437070801	-0.283105784681516	-0.10344961906229	-0.0493809086018987	-0.176066652425756	0.0233718961934077	0.340544965234179	-0.192063568180858	0.585829850178789	0.368879980895342	-0.125467694595582	-0.187289168801415	0.0746135715235585	0.0513399817483993	0.319172419039113
tempus102_Pre	-0.389670043361197	-0.27763635499273	-0.232911403395659	-0.049263429327967	-0.023846215938955	-0.0721793862968692	-0.308501896342966	0.197597250860831	-0.0920800689473589	-0.145230627624287	-0.298810661787583	0.0149950249199789	0.0650738268106749	-0.0490989753229451	-0.227100893564117	0.0732376639285229	0.220728610623532	-0.0531954451203763	-0.254750257001381	-0.104515978804921	-0.243987005236639	-0.12131879040084	-0.138353861152116	-0.0836458651127642	0.152622579600762	-0.150167968534356	-0.151944626627612	0.00944310683520047	-0.247505357241521	-0.308800405088786	-0.292502282861986	-0.247416058703748	-0.0312698399669672	0.00339283199132467	-0.135045687041863	-0.229521754651172	-0.195581391392088	-0.244825749250382	-0.218965397842028	-0.134043139439435	-0.143908322878988	-0.155804499871163	-0.263863724200158	-0.0786052581532152	-0.0249500249095065	-0.233672550058256	0.0187987420536335	-0.203426322428189	-0.0455623258598045	-0.191189249701317
tempus103_Post	-0.133704573674892	0.134174673423372	0.468889446542776	-0.405921382510359	-0.345986348769136	-0.0239669826044846	0.319024071376811	0.151880591981075	-0.399896797239867	0.112268535778415	-0.0460489434965161	0.495695083064934	-0.171072803066794	0.033638985639045	0.159506652635671	-0.0916612364592932	0.174139460259998	0.306147725078483	0.288121393647893	-0.183758633794551	0.194254306045394	-0.0427089722998677	0.227872470549166	0.00529113917726101	-0.0736757417784828	0.29516529555025	-0.342353150006204	-0.00168355967306671	0.0104658983493212	-0.0665163114466351	0.148063577550768	0.621401273682266	0.624550968736118	0.631494950752185	0.321372875508756	0.506628742566202	0.0218231601361412	0.0621031170380931	-0.056498345182123	-0.112269583489923	0.30732385095663	0.396877443021108	0.0724816392572971	0.679812204956015	0.529691096894347	0.238843874754055	-0.244530739074488	0.158916924671799	0.0692968644727009	0.275242345400585
tempus104_Post	0.0640063768144154	0.0593790831373529	0.0848917798346313	-0.387726046737837	-0.289466849652243	-0.143147518184227	0.318984835712078	-0.241801176295205	-0.476053345128476	-0.040340013929022	0.133278238243115	0.134319419437036	-0.299206541586551	-0.193675477723791	-0.111024824370903	0.290648695655141	-0.280082256599285	0.607821521562153	0.420934714559218	-0.0528032530236202	0.134209280441113	-0.273883915174723	0.170935964472593	-0.347294263637625	-0.26330907397451	-0.212609036073202	-0.426664466927474	-0.542154419431453	-0.463326801063334	-0.0406819461564477	0.242538290820222	0.517737637562309	0.352502114622425	0.00536893382572083	0.0613641207484839	0.119922805685645	0.00504570953379033	-0.00370985519980499	-0.114455370566189	0.051688903307318	0.0387916429516898	0.42481744743777	0.127809845650077	0.49678791722412	0.347088924288762	-0.00892465108814416	-0.157265314212199	0.0873165774275163	0.23336728194545	0.183068645535234
tempus105_Post	0.452391885465904	0.235766778880109	-0.0240836875652963	-0.0789180068912025	0.0456293426952374	-0.121133634861416	0.349446514641282	0.0626597880248357	0.109140542249325	0.202047020328155	-0.0571647508624592	0.0070782433164612	0.375758739819473	0.320061604160051	-0.212913612524333	0.232237721512467	-0.421799686867615	-0.353278688861128	-0.0513011988916828	0.117669518178336	0.181445141037407	0.11510887585951	-0.0234257273797611	0.21692771381483	0.121218172166094	-0.049586081217203	0.0771786665259421	-0.0771267993281504	0.449411995109139	0.379597175956372	0.315696786637295	-0.0182068841763293	-0.229474394898592	-0.378192639721666	-0.0684215257939898	0.163938174286997	0.238642909535922	0.250827271666903	0.125797618070783	0.281342342709793	-0.09730381683139	-0.0381894513274943	0.245191436488775	-0.198773041161981	-0.183026444644668	0.15741152280494	-0.0396512248229876	0.12177358002159	0.133339960823229	-0.220940703316223
tempus106_Post	-0.317125676091073	0.026489849528866	0.275304600194857	-0.259806812345426	-0.305857417964777	-0.171356138227421	-0.122968362596284	0.0513383511381184	-0.0991746272203499	-0.210950279174045	-0.0642595429533082	0.371819202962475	-0.368561770124202	-0.204962110847665	0.127711374069818	-0.121900432842544	0.328942044874858	-0.0107728963100599	-0.111833699697336	-0.194604313432942	-0.13750514763502	-0.183306833134356	0.0188128476864573	0.156035052234277	0.133135287206254	0.224541023552116	-0.0828802528643955	0.299404632759335	0.0455291464810331	-0.211526064668344	-0.255805167798371	0.458292243536558	0.485385685887813	0.490226812137703	0.330381804540865	0.192407154443833	-0.125748117677149	0.0877552710639483	-0.231852205223967	-0.16257845792995	0.165049205261288	0.304336719698155	-0.134011331750009	0.426039076806401	0.314577644857178	-0.285593294060509	0.164885414386205	0.037326646233332	0.114674033918734	0.41046769310287
tempus107_Post	-0.40078710745462	-0.0675106220043936	-0.1370963712177	-0.0918222896642219	0.00848393628125113	-0.255450038290942	-0.128590549107063	-0.142474479754691	0.0512048338345456	-0.098486487852011	0.0236046829303973	-0.0253274606648216	0.242719118143502	0.193392552512423	0.0629309745761441	-0.0355238920900339	0.280648848105291	-0.519156389019695	-0.412343312601116	-0.0266148581033755	0.00525220576599636	-0.0958302576003958	-0.0469031477176537	0.032723218167162	0.181052693857637	-0.0165493221559776	-0.0742131773948696	-0.0810621507577855	-0.303379211300318	-0.103824312439649	-0.108874807075164	-0.228051538289186	0.117472057946505	-0.00720192786571497	0.0661703471191902	-0.26565224126195	-0.177741100533445	-0.108506699521575	0.189126524383138	0.240606290311669	-0.114445733127267	-0.184338339381507	-0.0478347655751315	-0.125328898306686	-0.134474937049239	0.0589695921483308	0.0839211327246143	-0.0647810828265582	-0.024677842156603	-0.11277704533525
tempus108_Pre	-0.288118240437279	-0.282634497863437	-0.0425777052119599	0.057110367436905	-0.226094203603549	-0.24774207598821	-0.261612416511035	0.24154691836754	0.32465637952234	-0.233002003011542	-0.00592754195162121	0.00684028859243285	0.0284347011962292	-0.104316218140601	-0.0310203332797997	-0.261104027199535	0.30293685894891	-0.0740523451459297	-0.00713443180964959	-0.121152877053563	-0.133612728278966	-0.225409127554215	-0.156524532157615	0.199020885307135	-0.276406476476265	0.128432229788567	0.281422604323734	0.527088079937198	0.513883112743908	-0.322304926447376	-0.128669873983395	-0.268064929293231	0.0284040681698986	0.330962497065232	-0.0770715904624447	0.0188315458700833	-0.280062830450491	0.217114115793224	-0.0874267152613047	-0.421621884038011	-0.128945893583888	-0.302129540802613	-0.157774309845492	-0.115931100396864	0.158422271281916	0.107747878047484	-0.0272111404654909	-0.222962939334636	-0.283040716816258	-0.176397944370824
tempus109_Post	-0.233226579451496	-0.0295052321901647	-0.0294761796524887	0.131936877963855	-0.26474516175405	0.213617860809894	-0.19179180886039	-0.0762973953226542	-0.0145288442117831	-0.147298474074353	-0.0831997627091685	-0.0883984745872872	-0.385435641292171	-0.326041126234679	0.057307128012743	-0.129414075877961	0.262860967829846	-0.469075744858125	-0.39770085582647	-0.0846462888237717	-0.176605218714559	-0.186600260621774	-0.182260695041279	-0.134764634074229	0.0801252716974936	0.0771924563992209	0.0147233929379358	0.179518309098395	-0.465577283058582	-0.0206439332243975	-0.139708812279546	-0.177939671364971	-0.0290997493372606	0.0211330072396926	-0.0243684234123174	-0.175883175937092	-0.15806723818477	-0.296257019235898	0.246911754355686	0.0544069940683128	0.0138872381580737	-0.0812862948648899	-0.127667372570953	-0.106320075266046	-0.0290613902472772	-0.213745479621877	0.0283776847090715	-0.0410673814405201	-0.0907078889205956	0.275030317257021
tempus110_Pre	-0.0281681124351007	0.0944960352051682	-0.0315335056876709	-0.212161900387979	0.0353708726900453	0.0242739009792797	0.18860949513172	0.121071080858772	-0.189202010514603	-0.0937531412322425	-0.120484623283632	0.0948777461473568	0.0284882101656108	0.145270192753524	-0.179951357452006	-0.151334672448282	0.133424653941601	0.546766660475748	0.402878382309018	-0.145130992095317	-0.157845657585906	0.00154376996820321	0.251379664772893	0.0164535515143231	0.0469583373439113	-0.04998771566137	-0.182662186444343	0.0216681146191723	-0.0925047995881459	-0.169062652721286	0.197146084058608	0.424903110850181	0.221165061837584	0.0623271099639271	0.0547517107310665	0.210320190212771	-0.0439164572825595	0.0906429679759863	-0.243110381412742	-0.285850330336369	-0.117165404144795	0.405718546582543	0.0134752909842017	0.332981869726188	0.191278379343838	-0.102226353245286	-0.150733928266008	-0.0955275781961733	0.171800931807422	0.317471192238805
tempus111_Post	-0.398966901642667	-0.265591012620347	-0.223927687351178	0.108425722357438	-0.187470393594915	-0.24369881644998	-0.231915556204333	0.122423855054917	0.074411693703994	-0.154774511433522	0.233978506430581	-0.117653418147018	-0.309531274770917	-0.30889277581473	-0.261114041052505	-0.082885330562871	-0.20218502033884	-0.467632369852725	-0.390073545251342	-0.135501059076185	-0.00550822344348142	-0.181822481403429	-0.165876114819642	-0.265825931301792	-0.0790803965801068	-0.304463824501642	0.167588181053621	-0.204330664391884	-0.161211137544041	-0.244460165138673	-0.338468422770718	-0.192628386865008	-0.121937365328599	0.268305751254337	-0.000680306750670046	-0.366746344900815	-0.174397522489665	-0.156174951312042	-0.157616695374453	-0.167244173274686	-0.0728757174010263	-0.21632159121127	-0.23210169661162	0.0493728919938109	-0.00348314133982289	-0.258489010124788	-0.0455508066072376	-0.118443713740172	-0.014260002806599	0.128851544713555
tempus112_Pre	-0.180965153452241	-0.200198078620738	-0.170018843240036	0.147608920252547	-0.430163240062343	-0.230648938293313	-0.0965308621048953	-0.225537360496917	0.142540523926959	-0.0302535054984045	-0.336311556688432	-0.102720626420074	-0.2658666204207	-0.250123669853044	0.0458130493467404	-0.348785543034387	0.267156167298561	0.465460901119869	0.363546392035672	-0.25112380241528	-0.212403952422521	-0.320630863275424	0.00369691985501708	-0.111554858291005	0.0237602572649325	0.0536378910878345	0.0765412615900715	0.0159559114550538	0.00250665974123987	-0.35283738869326	-0.0481734161542405	-0.160187217131899	-0.210865396211636	-0.30112031672018	-0.245194616118145	-0.388219886692108	-0.206754718354157	-0.146281434689817	0.0223678046476279	-0.309146753111761	-0.124518268310951	-0.261008926838789	-0.0876807829592998	-0.135461252572348	-0.134888251061873	0.203324328496759	0.137030292669912	-0.00319062362948921	-0.0451785384412386	-0.0171633872095749
tempus113_Pre	-0.278888119836556	-0.146008934077863	-0.166620783932632	0.231892253229268	0.0727742446994966	0.300157747808642	-0.024625446900478	0.0294288605839299	0.328523398231958	-0.0244675854457959	0.277703284745466	0.0918662395003016	0.0507210039325767	0.0893060951996765	0.000296252933601485	0.0723728541188179	-0.0167776024329513	-0.442611192697116	-0.3766412468046	0.08387920153446	-0.208008892922091	-0.244051655045101	-0.0753090492260269	-0.0384515443409028	0.0655813629570512	0.103048207770893	0.368203137168286	0.155814238732245	0.185014089609285	0.17537935086955	-0.119431193582283	0.00636232851105067	-0.232346222490968	-0.0105199187856798	0.0213704526701335	0.208825312355681	0.0464433669983106	0.145233134359834	-0.00972553105963181	0.122982826099997	0.239658938840865	-0.0360423619501972	-0.218024511939698	-0.286532317205651	-0.0685553271541028	-0.372463956771851	-0.011393158547902	-0.218826597794331	-0.0372447097361946	-0.113142427289507
tempus114_Post	0.0889530681583068	0.0487641664873256	0.205799157816034	0.112446572584286	0.279550177655528	-0.219831281563382	0.0572821824857874	-0.138915031256206	0.173481309080187	0.161649033009169	0.276262076642046	-0.157095858872075	0.224601930021089	0.204191767433588	-0.0309994085134544	0.0889238370913049	-0.00490537267852972	0.139519635725107	0.236385944858777	-0.0227412278515479	0.13098891039243	-0.0256279681009517	0.127138142613481	-0.275858467388376	0.0243693963873933	0.00446556951328986	0.244554225463712	0.00440558277268305	0.0117179351853007	0.0644663719681892	0.277580701745749	-0.269913837877189	-0.112461713186789	-0.318549767996581	-0.23570938316687	-0.00945069897951822	0.164635192746764	-0.062115718786289	0.0709404632465117	0.273406365131514	-0.143934430982289	0.000194855307903252	0.181026214274114	-0.0156102817831265	-0.0412027262283427	0.38186400732463	0.0350062269228411	0.232914395300307	0.127835937911736	0.227241299009426
tempus114_Pre	-0.186970731494851	-0.299742304777338	0.10166103065326	0.162038733925411	-0.356026311108546	0.10086197877004	-0.225408933566432	-0.187804406004958	0.0217512905823265	-0.0826078219150784	-0.267668648889392	-0.0945004157435964	-0.00395296447474419	-0.175801087178263	0.294769940350783	-0.16865294074403	0.356772590905583	-0.0345967847052421	-0.0919486086867846	-0.176818566324232	-0.200213477246635	-0.352546897814697	-0.0222834486478705	0.0700506659787325	0.00158332897234553	0.0383292989024246	0.0261390811851075	0.100317396234075	-0.354062621907608	-0.149261741460791	-0.112121506439068	-0.272731514378654	-0.0241897010218958	-0.18070879269307	-0.280371023571986	-0.358850265193712	-0.172552128563621	-0.253160617941867	0.122875108825751	0.145316323798474	-0.0155934848508204	-0.286045840405294	-0.121889139380982	-0.125130516951003	-0.0518462172139121	-0.110191453941558	0.0914609455405006	-0.024535611965488	-0.0598979291369119	0.0467693417770038
tempus115_Pre	-0.261310336831003	-0.278455047912318	-0.271376236193351	0.24187197416367	-0.0877041939756884	-0.153760881634604	-0.084112880610407	0.0519436050158293	0.409719986668875	-0.118708029891706	-0.263440227065101	-0.284981127578545	-0.000723518792131062	-0.0550461930174763	0.0353523014384504	-0.160930002153968	-0.0861121667895151	0.476045823187722	0.189751138260057	-0.115841085517258	-0.171455372015156	0.127847109693223	-0.187460647278505	0.000449915435049575	-0.0970470804599767	-0.0523849463926347	0.517374430678585	0.26684209490627	-0.0565392390218065	0.0739049623178118	-0.0716870013847616	-0.337864788258335	-0.342328403407399	-0.324239941706517	-0.198628767833039	-0.221382764335581	-0.278734969176797	-0.273776631091338	0.0521579152228538	0.180786243314305	-0.261072024328757	-0.285428957520086	-0.125019924774786	-0.158011051827197	-0.199206696328271	-0.207737332183156	0.23748503280971	0.0942213412855783	-0.0734463348277441	-0.110786746553418
tempus116_Post	0.307115815355385	0.465265904916243	0.00909213966127026	0.381040851596452	0.332491935326966	0.261417568900152	0.212611089456137	-0.0758963760380058	0.470304016045172	0.0607704028949511	0.127300651243032	-0.281131637155324	-0.255721911195896	-0.0375332811368086	0.111583025593786	0.0446921464500314	0.0381816799356765	-0.4931808135537	-0.287036221390977	0.312725737752904	0.217639340080283	0.421336707986952	0.0862888910100984	0.0619672047201308	0.215105154927623	0.371435115151813	0.444112570456004	0.359352341207833	0.115183071781623	0.43622800938617	0.298020826263841	-0.282934351855726	-0.280395340790323	-0.19911986632764	0.311115959107005	-0.0905227851797028	0.184290953241042	0.0609241613688451	0.13601447323546	0.530538683587867	0.0822788054028364	0.0665959557346101	0.0586329689788995	-0.235538987224456	-0.165214403737136	-0.00792855549237118	0.260088999347534	0.289972041424294	0.0685828243845065	0.127701480735467
tempus117_Post	0.558234589312049	0.208815695165823	0.111909942032805	-0.0183120026888163	-0.113493251110204	0.183986448171433	0.516321880152054	0.280379344008736	0.196059839296308	0.277296171322017	0.0274853677043765	0.235463550484418	0.163082053888766	0.192992050719506	0.176857601755235	-0.151177843711754	0.0341875731219672	0.446921481143029	0.473437019597731	-0.00362337318767869	0.0953975153999714	0.0518195207881169	0.305326964024758	0.568491108556994	0.297984461062943	0.421871990835732	0.184170367146846	0.545220952059581	0.63652284322856	0.298511002012191	0.421896542040345	0.386742665378843	0.226089351543674	0.383938744109793	0.171681105118529	0.435783906906293	0.248643991632172	0.419937906097669	0.0372146967214066	0.128151900984208	0.00138213625316541	0.381093671712624	0.191817928067508	0.0701328578509997	0.273345685015767	0.195993133843693	-0.14263447178737	0.025616172135921	-0.0184234565057515	0.0396479193409494
tempus118_Post	-0.0955762690304551	0.165766433110103	0.125918556757905	0.303956667619735	-0.00607015708855721	0.105761363728216	-0.197114462993856	0.314744657757189	0.511209091089961	0.0869602262581731	-0.231438657441782	0.0756706271092915	0.0474155805109634	0.0975003951139563	0.145852257565357	0.0305866566428802	-0.0946324331763516	0.0375610910796655	-0.0720440300888297	-0.0275970861196468	-0.0286299620504229	0.085468733542228	0.0112485243959715	0.291633787897043	-0.107214972197355	0.0777226341380093	0.531789662984716	0.404369718237903	0.523437439040763	0.0279488503332792	-0.139141424852777	0.370599620346497	0.240158110357186	0.271729374237548	0.160682064601022	0.228362259200225	0.0435562879297147	0.126454179705749	-0.228843671693149	0.13156160387575	-0.0672693296399206	0.298568082826371	-0.0771260211532146	0.317391579206337	0.316213385039958	-0.376617699273047	0.131101587791509	-0.125076875619146	0.0157266572435489	0.108920313297929
tempus119_Pre	0.143930342044346	-0.0271965184505445	-0.4606724818154	-0.164111334728902	0.250389810221874	-0.111496711473813	-0.174068046494375	-0.232134335851872	-0.471022690911505	-0.222863232170043	0.140799514767474	-0.336410466709974	0.203428539774673	-0.0575461403035732	-0.364816501362856	0.253823989810005	-0.641617871694175	-0.195901812591619	-0.243435486740558	-0.0419984668834643	-0.00307967241891846	-0.0246510344525011	-0.280881259750616	-0.398663949243527	-0.360819370326407	-0.577104745283551	-0.535923286252271	-0.573709644433954	0.0153927230930858	-0.191318047218084	-0.202298260559673	-0.264916036952201	-0.321656640043803	-0.597091761351177	-0.352678024525572	-0.123327801057758	-0.0571890808725069	-0.223457459259653	0.0294958310610722	-0.152967543847308	0.189357590191714	-0.243109603654465	-0.147293381309667	-0.308967109785326	-0.333854615910585	-0.308357788598139	-0.272295128198161	-0.175635011854161	0.13088001560831	-0.103749668021462
tempus120_Post	-0.0149184957740847	-0.153475284883903	-0.402982389142239	-0.1570108744678	0.252692908907089	-0.1527721030146	0.0731311286457585	-0.148881455835251	-0.350446800009821	0.151616951373965	-0.0248760271633527	-0.0308438943967023	0.225871019620803	0.0581137778338637	0.114332884595694	-0.257288987567775	-0.13878494396193	0.120979279311836	0.187169964042857	-0.0486094920649164	-0.236156619663317	-0.12980027731949	0.091460093172374	0.107585477544233	0.0458507123545742	0.0186174722798303	-0.360288780161994	-0.092974423914663	0.20527924827155	-0.126967087346878	0.0917712759453133	-0.175349911591935	-0.00236216620712626	0.082608960879295	-0.175527773470965	-0.25569620700211	-0.0728683272082582	-0.0207302856375672	-0.00343343559355302	-0.179531305203446	0.00736523189002142	-0.128570768191033	0.0999074524268836	-0.00171034818448787	-0.0366049151446168	0.35527951198776	-0.0420771776583194	-0.187003609961895	-0.0248724037621859	-0.0211157555619581
tempus121_Post	-0.192398075583896	0.237193215960445	0.0171340655428592	0.0876068274914768	-0.00808305912496007	-0.117409138978024	-0.293842372703958	0.137338623978677	0.134125261051159	-0.148211149337381	-0.0901450767425336	0.0696360494133787	0.0232047608185788	0.0972376937388082	-0.00762926958079641	0.17350820928391	0.224238968309275	-0.548301895885501	-0.412504542199824	0.106924836050989	0.0692047377288637	0.368797309655294	0.0214524133682619	0.124302774717482	0.153855615734875	0.16409043105001	0.065417028174575	0.337543078947845	0.273748398683182	0.0658187776788142	-0.233664337587951	0.0869045664616802	0.137164449475688	0.349039662944057	0.322952627180323	0.141626081041043	-0.11826948360143	0.173783618823482	-0.175294613312529	0.0133766635031273	-0.0123384339198359	0.312858157902742	-0.165339646741053	-0.0938753650081252	0.0927396737265361	-0.243630189542531	-0.036745010183638	-0.16077101040177	0.0287207813102588	-0.012468038558943
tempus122_Pre	-0.140213783066354	-0.135117883291244	-0.361913764438955	-0.0211001285428359	-0.204847220391097	-0.0562171170894378	-0.109326044686105	0.0177024716710936	0.262205934991401	0.119832804384473	-0.113166354994291	0.159528486835671	-0.204670591781763	-0.18727726697854	-0.227846811878193	0.0356345107288436	0.323232471210178	-0.0375663461557612	-0.0659406858607531	0.012558462845877	-0.200594371996734	0.182306067152287	0.126656606014386	0.127931440303266	0.0572506117983863	0.11574302586156	0.355598873793017	0.467296904027585	-0.102465925419482	0.118484769170956	-0.0137740241998514	-0.241008565992096	-0.0425821312088219	0.047456544610418	-0.0614029345611021	-0.0730640417937398	-0.149591305828532	-0.0928760141137665	0.13808302819726	-0.0420868759346187	-0.0134723420649762	-0.0504951317667154	-0.0280917970616075	-0.220811708762144	-0.124194705918572	0.00870496134174926	0.214199081949861	0.191638390751449	-0.134640128662699	0.408547159574982
tempus123_Post	-0.131947430925942	-0.206797741323501	0.153541807196076	0.146150936059087	-0.279277642625874	-0.316062134011034	0.223024507510552	0.380581837904552	0.46637038090024	0.0671748834941083	-0.103251778942888	0.103050616936878	0.10940475445213	0.179254158933857	-0.0930825818431285	-0.137340749410779	0.154579758121771	0.308669985656588	0.102613857676291	-0.0339696373486486	-0.16166938734102	-0.0902460313370212	0.0346299271539141	0.312916754386687	-0.102137863451176	0.356129063893097	0.616963999313526	0.568782247849534	0.621563834080705	0.340842484416598	0.098223177365847	-0.131771288606901	0.0759737937646412	0.33955795271214	0.187228832316269	0.232558520317501	-0.180998674640652	0.154531742976227	-0.189536602125165	0.350251687060427	-0.0437770152796537	-0.0705709804155884	-0.0959324095762217	-0.244182558624417	-0.155548870843944	0.138711133239543	0.251416982359945	-0.068920825284458	-0.117448804296246	0.199196120919723
tempus124_Post	-0.161801430876992	0.0752408763620396	0.307390006887609	-0.302404845738087	-0.182012715895819	-0.310461527788124	0.0614095063367668	-0.096767764522615	-0.271692981250221	-0.0291548072924635	-0.339747696069861	0.321977246464577	0.00230397802684434	0.0902262052525466	0.101110349120653	-0.0724520156968864	-0.0480064245999094	0.305587426117136	0.221598837964793	-0.291010616839599	0.122276241208819	-0.198807138305595	0.168834772900871	-0.288838008589546	-0.193354180443066	-0.11385139913281	-0.0147364579482228	-0.333277702927215	-0.465259682817926	-0.0525193504366997	0.106034047220106	0.54654464875814	0.573265261571358	0.388409818525914	0.269159254660598	0.25392565710917	-0.202267379466687	0.0228872451515306	-0.205916256645516	-0.182793498087382	0.153861591264212	0.42934256349057	0.00478424775982503	0.536978030561315	0.377316554033667	-0.0482800577273631	-0.0289449085127027	0.17373585107126	0.201240149720801	0.410912499982141
tempus125_Pre	0.0259155383691851	0.0223930863597108	-0.122466369170558	-0.0295311642860631	0.375470515754903	0.220329104250215	0.24008369466458	-0.299642582072349	-0.317752202332002	0.213250492645649	0.198676028225214	0.0597763919701319	0.34338557577481	0.156555231716568	0.107592836301205	0.536802143998404	-0.0646956735829165	0.200288629115337	0.0862055099577807	0.215344512517487	0.368442136940681	0.530166316790588	0.130416348619854	-0.323952030450266	-0.159294614762212	-0.332952820079638	-0.349825842416272	-0.478774034136248	-0.485814087668106	0.484367527856478	0.1942421124421	-0.0783282874463175	-0.0993892509328468	0.0883373452926922	-0.127823784028685	0.0129621020292772	0.0808584675250541	0.0157157163047597	0.371885726365376	0.50547516056454	0.188722268383884	0.19084124846016	0.0866208628450304	-0.0131211631387495	-0.153639249790164	0.0895248997630412	-0.0629124872715155	0.184174029502802	0.00336260141275369	0.00630467963412237
tempus126_Pre	-0.36958105533496	-0.120920384465449	0.148415395252689	0.0582955248823642	-0.165192061510307	-0.274669783199683	-0.0282431200503001	0.232773911889826	0.310437920303724	-0.105935602925269	-0.0440645501354687	-0.120320222808553	-0.300972200044864	-0.0496031464030792	-0.282432546439094	-0.120221674057514	-0.132176124812984	0.367119337792985	0.170769146881677	-0.22670662752154	-0.258905506114976	-0.24737954190907	0.171819763683266	0.0536895451936435	0.118112066610434	0.0133194073150065	0.463312896348387	0.0937730909213449	-0.189853784603413	-0.272407566730813	-0.215706433896717	0.246414207756162	0.215213366937195	0.0807102397368484	0.138097314572241	0.0448327103616562	-0.0944996632330997	0.0565149784718357	-0.213401584115447	-0.302573805042243	-0.0405967993104422	0.20954754353651	-0.141448728878809	0.331376877807583	0.173301073753163	-0.125348039343857	0.0249799437009971	-0.142999765545717	-0.0132812099403611	0.229196306971656
tempus127_Post	-0.373350934735144	-0.232730173020805	-0.349497329797387	-0.293241329630643	0.0436434871002726	-0.04085599360831	-0.104510290040198	-0.274440401005392	-0.44636249840113	-0.224580363992886	0.185694078068815	-0.146029259578975	0.0823137192965943	-0.107481649669787	-0.0661551388699797	-0.253860914308796	0.127862355182136	-0.500416726229565	-0.356818814386434	-0.18915252367433	-0.197242470204249	-0.285611163152796	-0.185847952562834	-0.0668725303071974	-0.224941031147987	-0.323625350941532	-0.478653727026005	-0.298795315590657	-0.377815806091956	-0.243458393224589	-0.110866526419843	-0.258330848832592	-0.115612945249881	-0.165291893760226	-0.194121876837584	-0.239458054508025	-0.325600734607174	-0.309194974726234	0.0365940627750252	-0.218607446197373	-0.250329393714846	-0.279713448175468	-0.152025734040557	-0.0469178611762741	-0.122471275989923	0.264811746585764	-0.0162882614342936	0.0717690645235157	-0.0715748016125111	-0.0640887373732713
tempus128_Pre	-0.165501616557499	-0.0204688595430509	0.261429878509994	-0.0684768130569333	-0.433773629754803	-0.0886684064633641	0.230618255666491	0.171837979310392	-0.129287653915096	0.127153955270618	-0.18867029113409	0.399227792433137	-0.127692812247931	0.0360319900721647	0.25984991504455	-0.0685714692761414	0.427558371419416	0.289882536757064	0.2270155788715	-0.0129021721967412	-0.117201890515661	-0.216896569524101	0.355874637297612	0.201712310514557	0.131267574353177	0.44149747030499	0.17919578709039	0.453557066144136	0.189429903253975	0.103933376544619	0.174668235237386	0.483010587008381	0.470311579911444	0.513490649915318	0.255928989978337	0.204753924571799	-0.144692782747861	0.164097263941269	-0.211380047500748	0.0536076369164837	0.148020444721072	0.396257264544202	0.0533100812671755	0.404224756602121	0.382035599806781	0.101973177775114	0.0473131167074038	0.0262456683373195	0.0666430459393475	0.27482719588626
tempus129_Post	-0.23538409387357	-0.113833924906951	-0.0816154468846089	-0.264944894509448	0.183467238863026	-0.119405448147346	-0.0413486954880138	-0.0748358414453336	-0.304921929736734	-0.0280619521440361	-0.208086463807528	0.173820720148745	0.0737341950186659	-0.0179031037288823	0.258063473547975	-0.130517567373161	0.0841254619892936	0.304319472546981	0.146154609529085	-0.146258019955745	0.0973930132781472	-0.242021419838053	-0.154295008475658	-0.0842326503692724	-0.0405390305460383	-0.00491071172650615	-0.390190303047463	-0.341823281653569	-0.249932273997898	-0.36306973357807	-0.187422938845318	0.0300633726827169	0.231564631095572	0.173547785637125	-0.0157030966770267	0.0397584698272136	-0.0875794204508163	-0.0541335964920186	-0.110574764289082	-0.283564331038318	0.12294353384365	-0.223332352756841	-0.169272893952005	0.149838803619701	0.270780509216004	-0.0441745626099746	0.0714913677167666	-0.192972625329981	-0.030521085928371	-0.137708916925007
tempus130_Post	-0.210895898602868	-0.0404029546606288	0.0894629448503902	-0.219178055244669	-0.082378670456462	0.0645510213358286	-0.23241498065464	-0.0172421860256306	-0.167683053665695	0.0762729014002469	-0.0359960330621907	-0.110019913405396	-0.153846297835605	-0.18405085043913	-0.0728461876623343	-0.0291871387564951	-0.12444436026144	0.299662724388726	-0.00425074973692949	0.0359051870909942	0.122595944252588	0.2006346901222	-0.0401660164124411	-0.312700319044028	-0.091781929666384	-0.21598386191005	-0.281300836770752	-0.373324553805393	-0.416901644999679	-0.172799041382818	-0.268974436493943	0.0993239688533634	-0.0542132320792034	-0.0138738018278074	-0.0638727958482113	-0.0224584182688121	0.0046327446225822	-0.0264287072846509	-0.0392473093023641	-0.0694584717784134	0.045835862462391	0.213562126331928	-0.104473850946191	0.328735718563805	0.177638919956322	-0.197884037018955	-0.057590057893748	-0.177080973899189	0.0746666404059096	0.163959006279112
tempus131_Post	0.307358925038848	-0.0543687081623174	0.407295022333386	0.304311123168881	-0.115509876434271	0.161017298015797	0.117802260326419	-0.145959501627416	0.235926734216411	0.242738555887685	0.0708977475563159	0.0602523267525383	-0.211263753338782	-0.117408819893462	0.213172940461332	-0.00461678940576471	0.312144548984284	-0.0502140610149736	0.206454668296648	0.0942838538516642	0.210608413486221	-0.0707011752261733	-0.00117662634950713	-0.1513313633232	0.275173916932859	0.214935969440633	0.263951198101377	-0.0207517895194838	-0.134009254428251	0.10562994939773	0.247998155687102	-0.00414702960161265	-0.0192881401323692	-0.269653779793842	0.00183491521334653	-0.0612510499366957	0.165254007637335	0.0886715605812128	0.123939238314847	-0.187115474758246	-0.244242953461742	-0.0684466688379169	0.147696571362275	-0.217593672006147	-0.0697616889410463	0.346040475114083	0.282361102048264	0.172649403252231	0.0797770215684996	-0.213980651610127
tempus132_Pre	-0.126831878795873	0.0258296204084186	-0.340775881216007	-0.0347189758130967	0.294373701470087	0.22938467960219	-0.22099994381758	-0.0309618592196343	-0.358519500415228	-0.0508918906652361	0.120759105922004	-0.138635171734847	0.199360873399159	0.0384514734479093	0.0535165089387112	0.159855572216072	-0.0194977768434065	-0.299734464280611	-0.31412952970949	0.0886415237626549	0.10643154869152	0.227429089106071	-0.159895843996078	0.0584373876033129	0.0694074146433976	-0.182660878037133	-0.384680493836175	-0.283670774252655	-0.197338418251631	-0.00794611951186192	-0.249913829938635	-0.12245403719222	-0.183610797444804	-0.202042613432393	-0.186471776076851	-0.251287638292111	0.0323264018421543	-0.0284534187589096	0.0305696766573262	0.258967028074977	0.018347455067524	-0.154838906663911	-0.0823697044079621	-0.181372970460332	-0.167870941456726	-0.277605547501046	-0.143800309487966	-0.161491549744411	-0.0708292271147026	-0.150609983165671
tempus133_Post	0.430150647864429	0.374036966028026	0.152302710305063	0.0217404520304699	0.0758409901622595	0.18663397731802	0.243021703373422	0.32073051218349	0.307027472262707	0.130351055635738	-0.0814624816959887	-0.0135545643560545	0.428911919879363	0.26019429538693	-0.00409846811299805	-0.140084518063242	0.12967395118926	-0.254311130947055	-0.0671016690214967	0.0938078856201475	-0.238654916492893	0.328859318460831	-0.0411411005805126	0.361690261115964	0.147737241019551	0.173870977440404	0.273929881787331	0.430941292306136	0.320066509918671	-0.160377185094822	0.0332287234562467	-0.136681614903277	-0.104060302568916	0.357615939958757	0.233565709115727	0.15495578450849	0.189468065925874	0.326513407351884	0.0662415155586062	-0.075338640961202	-0.0308113088069255	-0.167366114578203	0.109012996568224	-0.242323555268036	0.0643501301421972	-0.0015171809113452	0.0517675480688124	-0.243666557349329	-0.0442767754179874	0.351785205629536
tempus134_Pre	-0.205465243922265	-0.0723389280716828	0.296346927453053	0.0951131761314516	-0.153822089444202	0.0502686714395623	-0.14495953832055	0.206991065189755	0.416842299620109	-0.103957164824376	0.0130517480573507	-0.065822866565006	0.228615996251719	0.139739859048423	0.00574772204497784	-0.106315078317742	0.00446533433542939	-0.173684020301787	-0.104099924221701	0.188849851804167	0.114548345239993	-0.130868811824394	-0.222059669632142	0.309764373249756	0.101533273173703	0.197554079365727	0.407473363439784	0.309705839105374	0.450887674281935	0.17417901298801	-0.0810392688907896	-0.223018724841379	-0.160693885183875	0.0729922222541464	0.0660519047611315	-0.252103106530353	0.0762187174415955	0.0490555540127158	0.0759137256503027	-0.0655554924006993	-0.200687916315528	-0.257307179178457	-0.164478784294894	-0.242524908736923	-0.140642678912066	-0.270959048324905	-0.0250718425204391	-0.276925439814601	-0.0765431931593721	-0.276874165914912
tempus135_Pre	-0.165725878725673	-0.177965760107811	-0.175033007458441	0.193056599643819	-0.116412205923949	-0.144360309729804	-0.0344172493008185	0.271778991422894	0.336635028568312	-0.170814330899754	-0.437475019562619	-0.146234820824773	0.00467772186705856	-0.0276100069596354	-0.103260393398922	-0.0306468571918006	-0.04002229454281	-0.174155956183285	-0.187388796903302	-0.103571048975474	-0.29319717885344	0.337739692813969	-0.147511117006861	0.326507695983028	-0.143788402230629	0.111958049868827	0.445851986155583	0.270331597382473	0.338809023929618	0.341001124994787	-0.123147702038297	-0.245752023317604	-0.358075020886732	-0.289142124952826	-0.133110183889574	-0.363932172747151	-0.183125047830123	-0.132285002489966	0.0850391022149618	0.342547207586445	-0.26015734932944	-0.110557581489408	-0.0637441708184836	-0.282602311818802	-0.244243093013462	-0.144191600345687	0.219293880938722	0.0202992644329784	-0.0815109992363182	0.302546887568886
tempus136_Pre	-0.221300627800398	-0.258260938805611	-0.312930631710085	-0.137553034690763	0.189270041424893	0.215954631272743	-0.274387502619094	0.0290764643706843	-0.250629425432564	-0.100820574005618	0.354475876838331	0.027863783114554	0.132722563739774	-0.0278131322803311	0.0417781074252259	-0.0306096157730485	-0.00107988161904629	-0.331309309762096	-0.321875104419496	-0.100267659524552	0.0351025824899643	-0.0594280955277904	-0.12417898966776	-0.0396639088817885	-0.0735756128109924	-0.194314095175934	-0.269946121268587	-0.104403826729837	-0.0790914008945073	-0.118758046500115	-0.205052375426641	-0.125956743210959	0.223064735883467	0.105264497690782	-0.0905796363509898	-0.0462388910793532	0.00633121234944001	-0.153926972624663	-0.0594307282210746	-0.0249639240314802	-0.00610064128672796	-0.0100488610965429	-0.130255915472721	-0.129344661463671	0.105680146163825	-0.0361928148603299	-0.115175494710216	-0.0632325651911835	-0.176891821898161	-0.269171123924344
tempus137_Post	0.162871768762051	0.27304268677245	0.119292285829775	-0.0197225768279914	-0.202120473916257	0.171357973490338	0.181271101783648	-0.139400718720814	0.0137376000126046	0.00779973960572213	0.135165528759689	0.187823417672855	-0.231854980229681	-0.164383799031555	0.251292097584783	-0.136724176597837	0.321794088059198	-0.253431217889408	0.0118181669385248	0.0415589567414495	0.00312936473197445	0.23418365898828	0.0602481802075922	0.28886834051264	0.0714549403566287	0.36552263372976	-0.13205156553239	0.372676614823761	0.383843401074959	-0.00508163906648892	0.10277160873015	-0.180440095135524	-0.073553531198019	0.163895178036593	0.169122345045827	0.235657465919565	0.0229147751393476	0.121469886331532	-0.000750556884922038	-0.0823397738172285	-0.0514951876211704	0.0108874773818743	0.0945834087198048	-0.190198664635003	0.0394901537803819	0.323090109201085	0.0131134656678601	0.19478543198428	-0.0588448124262588	0.16573711450207
tempus138_Post	0.0054636395130095	0.230417308895919	0.350159743206754	-0.303737794243695	-0.17503319931191	-0.0554687599930319	0.217747970873536	-0.215671416283407	-0.279262730234755	0.0776613652719017	-0.0423406496355014	0.32476490605589	0.266167327874029	0.202414646302938	0.0647646448636517	0.16136978565739	-0.143281228154011	-0.106071381233867	-0.0684793307718363	0.100910656800747	0.131850211936026	0.218661854944364	0.170462449981185	-0.00604532287071829	-0.239216176091954	-0.0546966550497181	-0.294322996957554	-0.0240577190349524	0.114998574731851	0.316034974700353	0.200147286480188	0.383420243073133	0.325722639163199	0.29103290826882	0.203543937632517	0.248465196444871	-0.188653973775632	0.0241883878904925	-0.147013031830355	0.233457403448789	-0.0861365691480464	0.438983891031834	0.201657453663246	0.497219301407275	0.435689881225641	0.237884718397866	-0.163543334954991	0.22719513785987	0.182756253121904	0.362283070722332
tempus139_Post	-0.0225151870751418	0.0990717971345614	0.251072488978881	-0.141308028700587	0.230726429285959	-0.000468285887415515	-0.261192711305439	-0.204633343096244	-0.353802467835719	0.0700312148587951	0.185534058597107	-0.15161912270118	0.200021597587072	0.109143746635018	0.197755059163572	-0.0566373472241727	0.109808049310519	-0.245362120813956	-0.174351473604283	0.0333906833718138	0.0902606229495547	-0.0508843937071124	-0.127013344811265	-0.107785012319439	0.096463828867207	-0.000738467733999826	-0.452099752895293	-0.435079175553509	-0.236341160520494	-0.0815542426270972	-0.0474222128912794	-0.212910027648881	-0.098849386733354	-0.258238477474897	0.0603766558179832	-0.0609389118111317	0.0322609765792869	-0.0395187558329164	0.0472631210094906	0.124806362982689	-0.025844918802958	-0.151241993881643	0.00748251825195054	0.173038413988936	0.176517042077587	0.0224803167833404	-0.131499472212564	-0.203584741259537	0.156362091881976	0.0835766186355449
tempus140_Post	-0.0886472009440975	-0.039886567881817	-0.0781755966694498	0.0523160811352227	-0.0319743532672218	-0.092444548344807	-0.147590725029596	-0.0272569038826775	0.238125938732762	-0.00285993973951837	-0.322913732523046	-0.270248494617884	-0.0790544606803795	-0.124947274668181	0.0589442951070394	-0.17734876771004	0.104128478226549	0.591562054759869	0.43035727791434	-0.0682970517987104	0.162422911040441	-0.181530631575438	0.0817267226763807	0.0230345775637257	0.102163274454755	0.0913565554320043	0.326688633222738	-0.115172515283443	-0.191146578783403	-0.0480881053427165	-0.00116544423788498	-0.134120602566029	-0.172650145100012	-0.280825592135999	-0.029795686880015	-0.290295585984659	-0.0485008249892881	0.0905751593323852	-0.219745572046535	0.246824682885292	-0.082110772812379	-0.12961000427087	0.0709472546641421	-0.222702901425958	-0.0184779439023548	0.10073520968075	0.0394059650298632	0.0169910457058171	0.15759437058989	-0.218359980927636
tempus141_Post	-0.373655858320568	-0.326298750741542	-0.433227493850178	-0.284007361374909	-0.0167583486702498	-0.263324360083602	-0.416889114311745	-0.386961909547227	-0.507945006726397	-0.285253053662739	-0.17506289906341	-0.255073324874512	-0.204451321228269	-0.310370976135001	-0.176524256467563	-0.118975558805811	-0.136895138305708	-0.408655129197389	-0.393286626343274	-0.22310123313649	-0.0665302934731347	-0.0534474709723704	-0.272972541375314	-0.476211659361841	-0.302932340345047	-0.487360468468036	-0.531299803878168	-0.461828930627365	-0.641024845337825	-0.395570578419329	-0.187436810435547	-0.297273055657992	-0.213159208242794	-0.367532160865904	-0.404237517761811	-0.457469416263973	-0.353608078930728	-0.356758111539436	0.194985667079313	-0.516335043276759	-0.0917891847802454	-0.322632957677912	-0.211962708017209	-0.0371302655403471	-0.193230706286656	-0.264793796245076	0.107752895978538	-0.0946516540488071	0.0433706128297269	0.115015907535104
tempus142_Post	0.0962952132964024	0.171494772326839	0.510399672195966	-0.183362524441238	-0.217013211929873	0.244873122767831	0.308027961048995	0.101730742018886	-0.224789776555159	0.0977253161933478	0.248937426502278	0.411353219149205	0.115961317354167	0.214017034474447	0.329716256389037	0.0403687940459429	0.033496202712919	0.27333604952317	0.274525738593242	-0.0875344635578306	0.0955250605193447	-0.000623032949758864	0.298037435063267	0.0705267002728466	0.0207337390404942	0.16035112968318	-0.214991657251055	-0.0601975536499392	0.148903033004892	-0.0545039598363512	0.222242085396249	0.569292335404406	0.520710923788973	0.500995340352784	0.294856411201289	0.443554127528561	0.0774063753408652	0.0895202633426131	-0.0207374592333857	-0.200316147809369	0.327661294579166	0.391080445668134	0.237438007140733	0.55127414141527	0.411578103133562	0.263641272778382	-0.0922695305913086	0.238020167173381	0.178314373915272	0.158730076623667
tempus143_Post	-0.404627594315286	-0.280447485013859	-0.297993726964851	-0.018982216849212	-0.182478272378241	-0.289518020787907	-0.494813456768446	0.191787805822494	0.151422280306877	-0.334290718421231	-0.377392952836191	-0.157827015607367	-0.436199671985344	-0.303906637854076	-0.324997266375891	-0.0217877576476104	-0.298185030449174	-0.320774429292648	-0.381772166681473	-0.0254493059008299	-0.0794300106724183	0.216254507953926	-0.315255224289119	-0.287926183280935	-0.255334624813693	-0.266092358371691	0.301086467935139	-0.271084628260565	-0.43295829869564	-0.330187946415672	-0.433180228316012	-0.122965507668703	-0.169267753022435	0.0811850296732742	-0.0547875339220912	-0.419487562048009	-0.147774478683699	0.00151631143330505	-0.278684030404557	-0.372599884914295	-0.0186111540643953	-0.0864860717274873	-0.365093175118687	-0.0509471783675105	-0.143536980835302	-0.420402173973862	0.248955097054727	-0.262232436059581	0.0816739665229597	0.242096137700408
tempus144_Pre	-0.249381041004209	-0.19060237483634	-0.0663211719834028	0.147048280918182	-0.0987391056923259	-0.128793976054158	-0.279762308186887	-0.129737354364717	0.163615744609166	0.00404648676322525	-0.371092784751109	-0.286639977772369	-0.0854152232325903	-0.133970565409003	0.078489660971197	-0.084926289842078	-0.0922950133703662	0.221071274694421	-0.0133496918540548	-0.229257858113276	-0.332063518126682	-0.21610349457934	-0.186915159999118	-0.21286315901904	-0.0554081242873198	-0.27462200714697	0.203008782548245	-0.255041080761831	-0.52364056168571	-0.281758038895765	-0.200633006725685	-0.376810367508192	-0.341465570994587	-0.39688260789531	-0.328007934894825	-0.381439635678226	-0.209222865926669	-0.306145406973159	0.0562544457637008	-0.290231926517148	-0.139969032536449	-0.264251910759554	-0.190245375255016	-0.153298471895333	-0.303280661755534	-0.204574070541673	0.264284925574644	0.000516200283290399	-0.163130723480055	0.0462179036336274
tempus145_Post	0.477964498453617	0.0725893833980093	0.0229069231119011	-0.331217476310718	-0.0432156523437485	0.323469398432094	0.0968587387846538	-0.193986560602993	-0.535509099112671	0.202857728513752	-0.0874512304778565	-0.160286875396697	0.159474160552955	-0.0342669678469886	0.143222686256026	-0.0270419121906308	0.00217972851571277	0.615376624818964	0.47023067164645	0.0213078048311829	0.0583973163874073	-0.219332535898283	0.0488378346751316	0.0924700145692438	0.240079147004799	-0.182642986098539	-0.61228532244437	-0.346303197096637	-0.105109591260617	-0.176220124645404	0.212289000222717	-0.199811552719926	-0.077333234654788	0.0507745131959306	-0.111298018865721	-0.26016216201292	0.271326990625811	0.0762887364634908	-0.0603578818178396	-0.0769498085153602	-0.0499805055606851	-0.0302916929101809	0.0622541155625345	-0.0847947572812932	-0.0799732407229737	0.0419823805670128	-0.158955689382606	-0.0453049909062803	0.0169320431750517	-0.00578566375747433
tempus146_Pre	-0.0947441380522175	-0.106153388375581	-0.0840227672536365	-0.263351803268091	-0.00735498285662342	0.161915778390361	-0.345411598063364	-0.163144028462506	-0.248531866006063	-0.133533652078137	0.202512533216948	-0.178692862365145	0.482206295829401	0.365182786115731	0.0689161907253432	0.179164604900597	0.100904977917429	-0.573005251987117	-0.541783968136461	0.180594170664249	0.155649860739164	-0.065947519260046	-0.161992262031981	0.124834643340046	-0.025448611457323	-0.0133610556743653	-0.315888943508611	-0.0175070115972632	0.195858377130681	-0.0090796326836331	-0.0984008774222905	-0.200811236039641	-0.0378575704820344	-0.170510840465699	0.0287481843624762	-0.0963636890470206	-0.0695125488317583	0.0109533850339595	0.0977711646423551	0.0427098903624413	-0.0361262578843981	-0.0622444245851701	-0.194514573290155	-0.0860607435812674	-0.0918029810383405	-0.346099917102213	-0.0231166597167293	-0.13443173867782	0.11692625504324	-0.0631194428680012
tempus147_Post	-0.339272154754752	0.0572798217924562	0.437354895734706	-0.268832826419507	-0.344265226270523	-0.274131500052857	-0.144784613171643	0.298280503375306	-0.228728882934561	-0.0553839839517912	-0.165130052221447	0.485243449432273	0.061639769711841	0.127687799546492	0.127371855332896	-0.216250705984047	0.323022445426469	-0.284514293821615	-0.167916195849735	-0.294079749623791	-0.025087682544117	0.0816134108934583	0.140284798487482	0.0859424773387197	-0.0188583367137851	0.347194805566124	-0.1248431253009	0.265516153207563	0.187695423035956	-0.281833430903186	-0.114693499428055	0.624960341278553	0.621594218951219	0.669156705092177	0.330541163007875	0.475566751630389	-0.0710920872841151	0.148682306477662	-0.250173877426685	-0.285678601050042	0.228286210191318	0.411298535643526	0.0249616857602053	0.615585483280617	0.514087559812853	-0.176386557719853	-0.1553026013473	0.0731532165513287	-0.0243784546073073	0.357537417151089
tempus148_Post	-0.0716297718765174	0.152556710374899	0.266578600689409	-0.127611448030201	-0.271021298123734	-0.271282815665912	0.175586410502549	0.151174355490744	0.298185894317375	0.084335122664006	0.0530099449458196	0.193799910196022	-0.272139888641826	-0.135239143384618	-0.0876790872830399	0.196538779910693	0.321245254816608	-0.234802097551539	-0.0814554155639607	0.239974490948506	0.0683679914263022	-0.0903045604988495	0.131465596804007	0.398452150071122	0.170042987840156	0.489397471223985	0.321463559485963	0.452947465984722	0.627192171908078	0.34130800922968	0.173691121199348	-0.0300689619777268	0.142534789703886	0.404141784017142	0.331478184071525	0.401904107286802	0.131350352390415	0.310667353667136	-0.118025413807409	0.213954101183107	0.0783590176909683	0.11676825990795	0.0939848405319788	-0.144082978506909	0.206904843484317	0.132958665675051	0.17956354841833	-0.033421362295306	0.0399901385402344	0.0517005175515354
tempus148_Pre	-0.0666245372731439	-0.074748935156798	0.0525190201673528	0.230048157288086	-0.187935031241843	0.0464123604855807	0.0365202340933785	0.149615633184619	0.377148618641404	0.0600242234732873	-0.0689328255029788	0.150240963824994	-0.0973825231567814	0.0222873686285909	0.0748055748308475	0.0206833942805265	0.409699294463192	-0.150871224250821	-0.0662464440898784	0.19617735329297	-0.112968799194906	-0.0568007921914412	0.113372954151402	0.35829854785681	0.0734403308362469	0.324765070703393	0.347084453290213	0.435009606890103	0.365404597856417	0.144752799542445	0.145151500685421	-0.134169544059974	0.022102468727356	0.281044665275204	0.126149980352628	-0.00894533618845778	-0.033317283610335	0.233301038257621	0.00387071678274131	0.180006789120402	0.11610349696447	0.0888950996260976	-0.0207426751886966	-0.0383392809833027	0.216546552602063	0.174805749518223	0.0753823811822897	-0.112591735447619	-0.00600509634973559	-0.00928521814016423
tempus149_Post	-0.0807607717327245	-0.11969125433268	0.357273750725631	0.00538343411992398	-0.148129609829107	-0.123832291701494	-0.232410596159104	0.149452611987915	0.098053249743917	-0.0489282628445142	-0.0976993774705773	-0.0217244562050963	0.150411278903527	0.0426300476464051	-0.0853660667485577	0.0417057640748843	-0.201933907945451	0.112859462798671	-0.0183355340831531	0.00227099522281407	0.226530808966706	-0.0784601146017841	-0.0299832726184875	-0.045445054506924	-0.0136409671774148	-0.188250790919156	0.0892423608799107	-0.324991436983087	-0.11486185163379	-0.0227340609621533	-0.234418646763684	0.342492202159298	0.0941596018089521	-0.213067667746851	-0.0106255159719044	0.0234344669565289	0.132763403349683	0.174143957711651	-0.202550703321285	-0.145970876159811	-0.165364377772281	0.141567388895483	-0.113703876201954	0.226836489258534	0.213101540128542	-0.244573346889715	-0.106139977474379	-0.180899794056446	-0.0296387168866489	-0.0595429710171078
tempus150_Post	-0.215629467082692	0.0922043454229547	0.292502712589511	-0.247681898849587	0.00692323092284804	-0.0245423766816915	0.0908648696809036	0.224686216799402	-0.371117850306389	0.00219414754647868	0.285123807597114	0.297892395156172	0.422441608307713	0.378050887995197	0.016070722692506	0.184507317275539	0.054522724035237	0.105801811564362	0.00904574470369608	0.0374632179068895	0.141361809542369	-0.0166216839861573	0.255076134943882	0.0429205672793766	-0.0187592922315774	-0.0122765535965039	-0.299365959889457	-0.0216726844858738	-0.222611773427425	0.160393785557328	-0.0756435628246529	0.506956867993317	0.430552130877374	0.467212458051432	0.279264066139864	0.488300528576712	0.0160863460128461	-0.052715597576758	-0.13008457853728	0.0275817914227584	-0.0242957292694662	0.465985636149298	0.11190377720474	0.43187163841563	0.380435455093037	0.054068968018752	-0.134205186763964	-0.0971982352708673	0.0269390830162452	0.483141748560935
tempus151_Pre	0.112217380196935	0.0776569811690439	0.15026755232839	0.122289783850228	-0.315111044649044	0.0965142527858243	-0.0433522201782144	0.125532946120258	0.194470931876204	0.0451757628251363	-0.0605941757994574	0.0774552342326031	-0.0816411456680506	-0.152704548636052	0.125960796901274	-0.237846596011121	0.249473923444036	-0.475121016007144	-0.231085784678816	-0.102964438612028	0.0601309166617414	-0.118078832280597	-0.0195468846351687	-0.0371040193118618	0.0947305039374647	0.176015437260994	0.19800600340946	0.225740968711427	0.122816018893467	0.266285367935233	0.0389366573812397	-0.295514077201161	-0.15664556975533	0.185668568679869	-0.119235911046582	-0.0359895177406394	-0.0110455459180556	-0.0181789946386988	0.158954555038894	0.24984511709557	0.0090903947315269	-0.142985516406877	-0.0188855572245744	-0.00018792910828283	0.0370499047804408	0.205359349370294	0.0779101114893282	-0.0233451432962997	-0.199602421812356	-0.15078229580846
tempus152_Pre	-0.171745246370427	-0.145428961208698	-0.444536244147364	-0.0847756445098336	0.243525068341192	-0.086531258837818	-0.267042268563553	-0.390802352081838	-0.418341069972072	-0.0499776609046247	-0.0157207053057911	-0.30625076789038	0.211972844218805	0.0851441094371198	-0.199932418668289	-0.0505948109575034	-0.157282634030459	-0.256112647794002	-0.226351524200158	-0.174576543479273	-0.0326038207803031	-0.125703775805816	-0.103010632818378	-0.461012093421336	-0.0609201491873349	-0.418872362452466	-0.467055692015117	-0.48207055222017	-0.612729262815333	-0.244305362502735	0.0301255274872732	-0.270176494479323	-0.254822281684937	-0.44950760878562	-0.365876437001474	-0.346498937039838	-0.173354989034778	-0.322333569769211	0.110476407866045	-0.101745531596423	-0.0526841409859761	-0.196967427315577	-0.0474895687618667	-0.0162716112254505	-0.19104559527387	0.0909094807996412	0.0931904967936111	0.139284122506004	0.221176690254613	-0.0191582621072286
tempus153_Pre	-0.0623140058661993	-0.134772916719421	-0.114594802067948	-0.0675926913490631	0.318112920852896	-0.0470785048872231	-0.294001111532884	-0.382118084095743	-0.405722619858595	-0.130089681191207	0.111898938572761	-0.332116170202876	0.128811799773745	0.0247312656593172	-0.0281274254648951	0.00891112810719602	-0.429595800884273	-0.107032704621454	0.0248429642760823	0.291486120886959	0.239432097916662	-0.0859792311216337	-0.189048500678743	-0.400733360362215	-0.211965140488498	-0.396282632219559	-0.461554344524904	-0.597285716408667	-0.373855745870816	-0.133062446274608	-0.0487222667434678	-0.306664889556788	-0.35451886222901	-0.575352367539682	-0.264981462948294	-0.412620251148718	-0.0049486416806743	-0.118564726450365	0.145969749639813	-0.109232388131999	-0.167004382125046	-0.130579265093858	0.00454290407045399	-0.120103375169812	-0.252981959211655	0.164087919582149	-0.0748143089826225	-0.100564511201212	0.27921770297784	-0.183491391784963
tempus154_Pre	0.172791731902379	-0.108099464222783	-0.210892425936884	0.162615225492049	-0.100973660441922	0.117105587623361	-0.0362138365000936	-0.299701518957619	-0.073051361380009	0.0966340271278842	-0.176357486148256	-0.1459372248806	-0.13502327723456	-0.112731970589352	0.26898096826433	0.00698573448861957	0.166769918889859	-0.270302801452034	-0.140611383801409	-0.140371741215789	-0.177004888702834	-0.201701514294829	-0.018286198314585	-0.129588756255928	-0.0615206419864335	-0.0113892263120604	-0.0885576927372699	-0.0148742707516448	-0.387536776864687	-0.0658913554627358	0.0887135120272307	-0.104734953366436	-0.0729929697510093	-0.310068654938678	-0.283196451168723	-0.0652130727655338	-0.0492056244953488	-0.162575040166159	0.267089235869816	0.289715378611865	-0.0137135623632249	-0.0595062119490061	0.0202319074540743	-0.0748938108454626	-0.145528360139203	-0.0462447595078683	0.145376383753076	0.0471776096435981	-0.0595042129467974	0.274776353805675
tempus155_Pre	-0.119116362132495	0.0228913572621378	0.00406923914988092	0.00790889182074264	-0.0559393070488544	-0.28025547695754	-0.14197036183282	0.336239193146843	0.262597768835637	-0.134249765261908	-0.100724998376109	-0.00815146006573553	-0.0518095121464557	0.0710432975313176	-0.165278066119313	-0.183427371270928	-0.0138821719909614	-0.260470183488248	-0.0656365881555214	-0.0447269725652544	0.00970373597159035	-0.185999200908853	-0.0646525196349461	0.144300347511004	0.0594927387428567	0.218527329704752	0.477169184116167	0.321989042128395	0.468162797654102	-0.104833486730746	-0.0816134540590599	-0.113543802928033	-0.0468840161825697	0.0674376976092886	0.113331186156139	-0.181962965682876	-0.100619868258638	0.0357004544874262	-0.201391377057003	0.0169972378750105	-0.0846171025970708	-0.268714729756917	0.00586380361280658	-0.0930819927873099	-0.0660802835123596	0.0955586708035433	0.0886460205579466	-0.115567070560217	0.0317840325391892	0.0298524476548436
tempus156_Post	-0.152923798765737	0.267477808538945	-0.00225583886235173	0.171377184164255	0.350005445267821	-0.148364423571336	0.141740164937243	0.0941968641753537	0.406014453970569	-0.222003262863741	0.267509390121221	-0.0559574444919405	-0.344684909074615	-0.231951201707539	-0.28557313952294	-0.0675653121723274	-0.148560813540583	-0.591081730833829	-0.389735627542797	0.0907509758735111	0.242896182932037	0.230642920465522	-0.0532537196536319	-0.000334513790955865	-0.0199005020895225	0.184129124385939	0.410876028272534	0.348756068474065	0.382669237628046	0.147620669763197	-0.0386159236547078	-0.256908929632897	-0.21085475340972	-0.0334367985295623	0.19967620982386	0.180305680573302	-0.149459991116226	0.010225707433089	-0.0791193989643707	0.267948170861698	-0.192709277061382	-0.127590520946474	-0.149501182777929	-0.220032325518302	-0.101197710073452	0.136654143102378	0.0883831561053563	-0.0137718491982993	0.0543720162587869	-0.0792969008306467
tempus157_Pre	-0.243475185226014	-0.17392731990806	0.0351333429099415	0.101603947079495	-0.0957173232000955	-0.268968077775708	-0.0651358308836796	-0.0661641495038207	0.211034036008893	-0.207304365566471	0.270280020766383	0.118325271228901	-0.261590388008873	-0.241120213744917	-0.0623703297690834	-0.00555066929765127	-0.203562571169947	-0.435576538294702	-0.369224882390053	0.104983315555086	0.0387813106062919	0.154750579863168	-0.221636591086677	-0.253008139586969	-0.161225991957991	-0.181188242940712	0.101919257912422	-0.330590323105204	-0.28861057462987	-0.278325736520484	-0.22208823711554	-0.132237486728696	-0.00953790394001694	-0.105506597352425	0.00499142494552217	-0.0133346755556795	-0.0275278338251825	-0.137102179892248	-0.18919912798325	-0.192359077890407	0.442825585295654	-0.207984138018715	-0.189072555852492	-0.151405606509336	-0.0673903127171299	-0.16382978707971	-0.0427447793571516	-0.11426163914022	0.0645905944711298	-0.0726554345951784
tempus158_Post	0.281948703338238	0.255295599089673	0.166736800234766	0.219271658356505	-0.171217733812192	0.0489373954571858	0.166263945537483	0.0979280250298748	0.372748665301035	0.118135103427996	0.154780383872222	0.0445578754331995	-0.116245443089764	0.0201751814310442	-0.275271165356793	-0.164331059734286	-0.137578805393252	-0.267570860107909	-0.113149086339265	-0.0175033794078775	-0.0361930830807974	0.048602014203693	-0.0757253705848406	0.056732112906977	0.13359885213201	0.182998673964669	0.371474178652423	0.239405712006778	0.0355188821883951	-0.0518187598901162	0.0410621766258477	0.0202268725732546	0.0263475126131382	0.0800217667516891	0.172174990308278	0.0951833087680637	0.0640079261087621	0.269732878323861	-0.178546629832193	0.108190862639278	-0.162389216794187	-0.108661766829797	0.0171124664372838	-0.198523876080929	0.0671369114964712	0.147351481249032	0.0621911822831951	0.0447452402160455	0.0691109514268521	0.144165523436138
tempus159_Pre	-0.345572793182803	-0.199895590461796	-0.335464150913254	-0.00271366415160593	0.134335992252956	-0.131413551864514	-0.27696307720563	-0.136347172791264	-0.274652564965482	-0.235139040315836	-0.298443228152654	-0.171198936356826	-0.34448773213262	-0.33050424043962	-0.0893899781451941	-0.00696305502063636	-0.0133413412252604	-0.449871676266761	-0.417018341019821	-0.0995772790342307	-0.0773100362397148	0.0993836096777876	-0.181886567194724	-0.215801211129747	-0.285518740652921	-0.366534942045048	-0.317549929131245	-0.215168316123377	-0.468382424472451	-0.125231776094904	-0.312888572217495	0.139244977203241	-0.210080146924674	-0.0996622363930174	-0.366708096767997	-0.433885496939256	-0.3407185857954	-0.22935545739575	0.0453460625738536	-0.118884864940881	-0.0915089170834287	0.112717952938228	-0.238414558102433	0.186321552732862	-0.111361038801627	-0.197246140821074	-0.118490143338584	0.0884729025358919	-0.120291324661039	0.209364524843451
tempus160_Pre	0.0113408026955093	-0.225387861904678	-0.117159806276349	0.106700813762333	-0.127261591932402	0.288438056978304	-0.120437730145549	-0.202771880299998	-0.012974964129263	-0.167260406719094	0.222302900025772	0.0807858627570685	-0.0272463777457122	-0.122657652125385	0.23957781305237	0.0392419992954674	0.34615776863884	-0.33919285493104	-0.264006459561698	-0.0511340349653792	0.0744230452079042	-0.14828377641425	0.0513883369821604	0.133884366350244	0.11095703470963	0.0300989493524315	-0.117989239597035	0.111876240490742	-0.244267304456202	-0.115857786188386	-0.136839120306723	-0.126590988756256	0.00789304088506075	-0.198051253377339	-0.208435241650999	0.00492656518713488	0.0929372965480545	-0.193248066342227	0.0923613756991111	-0.0630735591431518	0.0708742983500134	-0.048214639878045	0.0260981242494276	-0.135841038065955	-0.0881636241687574	-0.0267131784538259	-0.0580733705405767	0.0153691150079862	-0.251535552740068	0.0286465133196513
tempus161_Pre	-0.0506584007005047	0.00714634350616246	-0.315746911422004	0.325455391895799	-0.0853220197695146	-0.0944508006468516	-0.18380232642188	-0.261285199580364	0.281836130023539	-0.00780288728294157	-0.250290697520341	-0.346936002937941	-0.188544922586175	-0.117959320166456	0.0331674964766061	-0.132477560076869	0.0632288408689007	0.0969030247451824	0.141180501917348	0.0851960384316414	-0.0370736832866652	0.0603231635798701	-0.0430278564804011	-0.230958346504947	0.106722352105936	0.0837498691899289	0.231624468609298	-0.203601891807274	-0.41432501397869	-0.12843732406519	0.0202748646598388	-0.302071578364788	-0.290561918800422	-0.481987294034601	-0.0287797902268692	-0.234840081328664	-0.148708179525684	-0.253998047635838	-0.187842794001983	0.0864587957235416	-0.146966172825536	-0.190744738458539	-0.0846213313170144	-0.224098880797756	-0.262199219740692	0.120621103682336	0.180805572016309	0.0479856427298219	0.15588374048784	-0.282520131129743
tempus162_Pre	-0.366299383727599	-0.33403995018381	-0.446206283569155	-0.0583425032545035	-0.205835534969541	-0.138463625434826	-0.166814810467084	-0.298028993615807	0.0009496999296046	-0.233691614651436	-0.312165725805092	-0.380214434674813	-0.297945036680961	-0.293974024239828	-0.0229014134288609	-0.204031919482019	-0.0598233495225439	-0.138496946303608	-0.212039087533341	-0.19707445921461	-0.322471231022215	-0.150682578823787	-0.204460956624764	-0.279114819914933	-0.241179747439246	-0.380813810385021	0.0130031855007392	-0.310415208282771	-0.452508061874674	-0.155984926429521	-0.146987225030369	-0.309352699357344	-0.327741142655547	-0.475620588886083	-0.337507553279208	-0.390220502856893	-0.350072054279142	-0.444086561317932	0.213128907068269	-0.238475208109562	0.145404680735054	-0.278842390596951	-0.190031298444916	-0.266448473162037	-0.394079385229354	-0.139218853968457	0.265828464547863	-0.0783878498579805	-0.0907387483337146	-0.0432895044785292
tempus163_Post	-0.111821280747988	0.0390199756724028	0.373998155662369	-0.187019096277157	-0.122128170548285	0.0491351341677911	0.131604917230023	-0.210285236629965	-0.32364484851163	-0.112770227412105	-0.109087618569849	0.267232270699883	-0.0471513009820425	0.0134641057056938	0.0862470795998476	-0.14933725686072	0.0436461139081817	-0.271523811343561	-0.132021540935423	-0.131749959161276	0.172982099749305	0.0907566343644153	0.0892880268889969	-0.0639998982326122	-0.0338975602542314	0.186776989107434	-0.318344057279167	-0.183658518785699	-0.294182088481176	0.0458092009321377	0.0117534648071129	0.518397029608451	0.428127365106356	0.271463774657113	0.189686283046019	0.287850641597071	-0.0601680873272688	-0.00710325020498834	-0.125917067858584	-0.0607434538548259	-0.00415897299247614	0.312945338591123	0.00116132290190335	0.478809763918271	0.339040649070626	-0.0021712081882487	-0.251919264275308	0.175281356310236	0.0652544757280716	0.159247908260494
tempus164_Post	-0.104388543503772	-0.0258570459543214	-0.0528322141453509	0.0656833835874886	0.140810292165978	0.0966786621341362	-0.168462427167411	0.0540439065589022	0.196976949971215	-0.0344602224615246	0.128000359895207	0.00793941468030479	0.312602151527194	0.229691627400727	-0.21750956504117	0.152635643704609	-0.40493642321474	-0.541364114124147	-0.413569927401597	0.00740869471358024	0.218654837884882	0.364360249241521	-0.162676408551222	-0.162844449988094	-0.106349286488103	-0.235509611946111	0.297619223496628	-0.190244430451446	0.3441824054993	0.172440063188258	-0.200442620944853	0.243501320564883	-0.124604502553037	-0.132460152771425	-0.0646649620138259	-0.133514130710935	-0.0358562152446665	0.114441268412848	0.00188639698007791	0.0366611165187339	-0.0683810914926999	0.125809491441764	-0.145348430720516	0.128068898459435	0.0866409981199068	-0.319917768277831	0.020586576479321	-0.144850946209776	0.121720987898945	0.0262975565897996
tempus165_Pre	-0.144226556917731	-0.191583048587946	-0.21309803603814	0.185818177833127	-0.32046445790455	0.061766143249892	-0.0987963682466958	-0.298622779721168	0.243643890635206	-0.0380763102947116	-0.297656725452689	-0.24560297485784	0.0591298540213214	0.0813041351081583	0.106109278772032	-0.260533544188374	0.260950755615242	0.0201747499240622	-0.065277737776781	-0.118708010822652	-0.230613711364888	0.106610214425263	0.083938358153121	0.00362682589476412	-0.109900353433192	0.0951308031680677	0.229553898428448	0.206455815470015	-0.189161057605488	0.175317487471987	0.146387687953994	-0.268924201766507	-0.281165240742656	-0.335097598048167	-0.200765073715546	-0.276421365996405	-0.113183433938518	-0.199387871471827	0.23786701399713	0.0878324039868877	-0.118417761969974	0.0240962939377136	-0.033609329089406	-0.134099829454184	-0.267811670198204	0.223446431392446	0.269789718426227	0.120797916720226	-0.0106003134207552	-0.114210542176114
tempus166_Pre	-0.0544355141390508	-0.218165270857891	-0.174324518748761	0.20806608697662	-0.236433642628071	-0.181204057196699	-0.0550388139584505	0.0504216960708866	0.361808804421981	-0.135865911031275	-0.285307644457616	-0.244329670408541	-0.0185792022525036	-0.0820387789137791	-0.250853235119005	-0.128815820053703	0.0510961458581362	0.560467983428587	0.385989684107517	0.201898638214153	0.0556365778476728	-0.17282574954336	-0.0875352698273273	-0.0313502967152474	0.119965925786759	-0.112334336952239	0.303058721618381	-0.012457165787729	0.195671751243357	-0.227243504732219	-0.104023808565863	-0.257259707772497	-0.29569983489017	-0.206772210639627	-0.247182174373924	-0.388809650564864	-0.058762605911008	-0.00108309164876824	-0.179213474534484	-0.106612280894359	-0.254024434144766	-0.205889496828116	-0.05199594862061	-0.344619373521561	-0.280716887857896	0.0567702041633894	0.0670033001213606	-0.0389128852561827	0.0708553139509975	-0.306551336990127
tempus167_Pre	0.31023593822398	0.171644840983436	0.223331017421093	0.361408518680082	0.275626868655682	-0.00876425328377269	0.352381651353251	-0.0164896802079106	0.524023037515042	0.255692733308856	0.0806408640304355	-0.123207247079827	0.0644958550336562	0.195793868305537	0.0581600237990387	0.0914549501070059	-0.0817852621938458	0.608719324749091	0.51825790096943	0.215434062524251	0.0840589539578882	0.0779582527233047	0.262516521343789	0.234044803650851	0.145240532130321	0.390874932949487	0.567836917126966	0.27931072187717	0.230359037971173	0.42121939371293	0.372735116423535	-0.213978487201258	-0.120734498661284	-0.222956458816245	0.162635015420998	-0.106142537457299	0.120809195668472	0.187645162194084	0.143952082180876	0.443157850090711	-0.0943732610094569	-0.0103982331508371	0.231686201565046	-0.195674678935252	-0.132942168740566	0.266542732751899	0.0864457678412245	0.214305907829367	0.00327223281724434	-0.156143562844754
tempus168_Pre	-0.012982282103201	-0.256109997046305	-0.376996212468241	-0.121695802621102	-0.0261381347641804	-0.246814502116445	0.107005910885631	-0.0460863723500445	-0.165212960983348	-0.116709742062056	0.0402863953404034	-0.371006609070752	-0.273665308466234	-0.312597636811799	-0.244784944195405	-0.269647454917546	-0.299192109028361	0.483103594867581	0.40966819747018	-0.110543714054315	0.146865534248619	0.16421118217444	-0.104411067798193	-0.241361400556313	-0.0425834120455963	-0.321531060827094	-0.060868193846109	-0.256620735740873	-0.191226027339966	-0.409464342045742	-0.0838265104398759	-0.242928609597608	-0.303312413753304	-0.405956463397085	-0.346574941994173	-0.256805003659437	-0.0544750357908525	-0.145087426154359	-0.149522563920832	-0.512018053438138	-0.280170986238528	-0.367002335407828	0.0230130444409748	-0.274097963882891	-0.217542868848861	0.141499299400893	-0.148872233100905	-0.132835900306877	0.0731933597494387	0.103558031063894
tempus169_Post	-0.222031523426336	0.0238562346497485	-0.205587963938253	0.312587414762714	-0.00364859447916399	-0.0365910256968732	0.0304187538043425	0.0542002212632845	0.523584416695628	-0.0159886779423948	0.0503733802690328	0.18918265093997	-0.231719788527699	-0.167457372209251	0.0273948264130762	-0.00999759298871533	-0.358006951747273	-0.355475578082936	-0.276929892431047	-0.0106771954634236	-0.0382791765423495	0.149000923081881	-0.0909913908106129	-0.274188341190108	-0.057003104929376	-0.0724924268985867	0.544969262537639	0.0362143346947699	-0.139347742826276	0.159560663454062	-0.152738131574139	-0.0551766674898616	-0.0976020672343213	-0.212079886048373	0.0737015671119971	0.269056184262392	-0.0828943905695646	-0.0680023785315001	-0.0185521392166409	0.000900961720789989	0.686275847672003	-0.115540130262669	-0.0844588151132564	-0.175361563147076	-0.170694490752065	-0.15866060497975	0.247699904565845	0.00833804378619199	0.0608310680979463	0.0654417194356039
tempus170_Post	0.178095221182482	-0.132953731616743	-0.322820971630134	0.234468191252901	-0.0708781312589185	0.265790356518133	0.183811277660934	-0.0822326931558828	0.318722983663124	-0.0180754772138791	-0.223428179442772	-0.197727678530135	-0.0138750058602895	-0.0339782839399459	-0.258898819908729	-0.112945184488426	-0.00738601025132957	0.154374947344857	0.14424987194358	0.12777541101874	0.0175058330154895	0.309773013338363	0.0291306748770845	-0.0431099316141875	0.271293861629703	-0.130322599699289	0.350072893956197	0.101435120053072	-0.0723174922197201	0.32269504871364	0.266602252792676	-0.29923226749594	-0.346475668623357	-0.366190193452466	-0.215976985142588	-0.275103881557855	-0.0896230590576125	0.00320789812660996	0.0584520486565869	0.169153997093498	-0.109942896692745	-0.165608568719293	0.0943468455672401	-0.426243824163405	-0.269825767759405	0.198956513990771	0.240044377127104	0.0645525179978001	-0.0664206830458443	-0.218672978930504
tempus171_Pre	-0.140292431113869	-0.052427484786276	-0.126753830070683	-0.192366019676448	-0.218506800959892	-0.315629449896768	-0.298608597905844	-0.365263831682051	-0.372674532884463	-0.176555825117714	0.285355037017495	0.275625488535455	0.161102303280282	0.036456586964892	-0.0386314519458063	0.0126820436411495	-0.290213237619419	-0.522490045492282	-0.36692451003341	-0.0888426919503603	-0.0120175298540295	-0.113083283304178	-0.196681108433901	-0.273102129467072	-0.359202146797461	-0.29857782475874	-0.447609123142978	-0.351503956125772	-0.145723889190253	-0.0216207882135057	-0.247375964734935	-0.235615879129029	0.155761888225194	-0.0464326987831797	-0.0383100520828325	0.00798646926479066	-0.299287849582053	-0.128167519855948	0.0761713412119515	-0.27675399918757	0.0198791032221397	-0.140269774670138	-0.0571789866329499	0.160959956447365	0.0787490157618442	-0.15842626684516	-0.197430187133864	0.0526767977391749	0.0762001487925936	0.0509199655204718
tempus172_Post	0.127209978522088	0.232824892913658	0.508266207812608	-0.374103151491774	-0.284025651841708	0.0314475123913555	0.378726330699068	-0.0108132160139411	-0.522264467533404	0.0622465421582476	0.180988066084627	0.502018981868819	0.046909942262821	0.13383683890681	0.288248444311377	-0.0512520093068523	0.133814083927441	0.204606012459778	0.287493833006651	-0.168858333790654	0.127604730931922	0.0309912692382663	0.284903456255423	0.057653261573626	-0.0756618683183475	0.265089944031091	-0.528917497964204	-0.0409324770088061	-0.0550371457285608	-0.0189907369476849	0.173046216592207	0.631770965539261	0.636756714398891	0.604102806960349	0.330768835708612	0.520963766338615	0.112331640403686	0.197248324383147	-0.0650908788446151	-0.217024945168869	0.289563057445236	0.459157930022465	0.222869460079931	0.620915394518525	0.4767818136837	0.279652519484796	-0.284229343817606	0.170275355012614	0.06858186541602	0.276221600222176
tempus173_Pre	-0.0836260552269859	-0.16966517215774	-0.294165674763482	-0.307608250327494	0.121928497079299	0.0201554242949391	-0.0525412526301669	-0.33746831540164	-0.611384882063895	-0.151739125059824	0.057649203366618	0.0208009396135516	0.349272010937452	0.110324883831915	-0.131100304866297	0.0151385097571462	-0.25348931601073	-0.218801801188865	-0.230627773215573	-0.0819839629606325	0.0642296587580714	-0.180102412860638	-0.208137481067954	-0.359191956018488	-0.328314406293374	-0.522372551262285	-0.646345534438864	-0.683817622445282	-0.553955127489364	-0.194647742574324	-0.101220678788023	-0.154358539735517	-0.134173488398248	-0.476781750578477	-0.358010408829717	-0.179922906034825	0.081508095798006	-0.316477061612666	0.103950377892663	-0.213084821121909	0.0425078179431235	-0.0678336618355321	-0.0507053658720269	0.0559155468771669	-0.111331628131972	-0.0669872660550933	-0.179983641085367	-0.151417668159299	0.153514775793753	-0.353172465136178
tempus174_Pre	-0.142847370298644	-0.197235864327935	-0.512049448431807	-0.0118802044294142	0.0788031367743056	0.273609070032642	-0.413792959931471	-0.324314899685566	-0.233134276476659	-0.252748116991778	0.146493261974907	-0.386339823852896	0.24684440737827	0.0114566736799727	-0.205217902663342	-0.117614544455553	-0.201907362650559	-0.518599676577506	-0.51182186103754	-0.154275730599124	-0.00475799887933009	0.1019021071107	-0.344838003655118	-0.33127092403953	-0.367929078640561	-0.449237431221599	-0.275617344446499	-0.393164193067848	-0.340263145603076	-0.354927053776818	-0.359526714475592	-0.369519059585423	-0.460160074932827	-0.447349956270508	-0.278593083212889	-0.399905228556816	-0.274596964066271	-0.290157052487128	-0.0146054012849172	-0.370639623949889	-0.183887576951013	-0.299243326891704	-0.275655940698295	-0.165072564800184	-0.250447263540231	-0.380019545219225	0.060149331808444	-0.280056793388104	0.120210614319378	0.0220991084737232
tempus175_Pre	-0.270053138332693	-0.215500235482997	-0.239182490167166	0.175200060784125	0.0994012455195394	-0.15324165329636	-0.177234041954802	-0.0138602578906219	-0.12789864007387	-0.1108819375244	-0.0566638549526882	0.129247960062096	0.0457926994876603	-0.0610204150603637	-0.0256807911620926	-0.0380252623456983	0.166816100588237	-0.0873400092102513	-0.172839793566637	-0.12376741954834	-0.116901975413231	0.273909737020567	-0.136505582062149	-0.246679594941843	0.0413192232320347	-0.118953275785443	-0.0585611047413743	-0.0858867194847155	-0.316862780361122	-0.189447779270423	-0.23079872327263	-0.183185311285773	0.0311563011468482	0.31066427579961	-0.245817744607658	-0.0176049625442349	-0.216422136080824	-0.240846434822994	-0.0302467211754748	-0.13347668051915	0.0841563482960578	-0.272599314912007	-0.0368797546553707	-0.0327749893638125	0.00776138154801559	-0.0575761656589683	0.240175522828673	-0.0337414644395858	-0.0810807222392208	-0.121313991253667
tempus176_Post	0.158600184948038	0.294141660357292	0.0190877496343004	-0.0579526553348772	0.417280358707333	0.241566988296637	0.137223405269043	0.0604047244502701	-0.327887884938275	0.273305827158233	0.115919071996438	0.00579573224062309	0.40607587616539	0.312612950492095	0.0410261368511031	0.214963620376254	-0.200983635326937	0.137672078525609	0.176915960552272	0.218271663417596	0.181835790497578	0.116759526339551	0.1808364757074	-0.0480897571693649	0.206666000724005	-0.209127977411148	-0.343532589890503	-0.373101389008519	-0.16279784483518	0.154976201019403	0.0717008146433203	0.0898538526176757	-0.030560528242493	-0.116002314898654	0.0154397687975276	0.204689313689093	0.32790665185318	0.0515496006251138	0.0256479805945027	0.22554790297333	-0.016790092046684	0.265431252053175	0.14931592041208	0.0826713412111582	0.159281366768904	0.0442143591260016	-0.277325602961553	-0.0587970802928164	0.0312834815063559	-0.0341434309892598
tempus177_Post	-0.348123704811659	-0.225715856594477	-0.137013980907693	-0.160681093958496	0.0304003307882703	-0.326143991407974	-0.200822147360457	0.2139877178122	-0.165016061633352	-0.147488586083297	-0.180691069569662	-0.0566466776780875	0.15704402807892	0.181377760930766	-0.349858740324118	-0.177296587065106	-0.157499197804566	-0.488216011233726	-0.386359289803208	-0.160970413808507	0.0982947696919149	0.120061774176514	-0.0277057963684968	-0.258646471738254	-0.140012926325853	-0.300737790782632	0.109898443719364	-0.266246871678793	0.00183848825520785	-0.241304487595396	-0.315337885062423	0.246990876261571	0.0848437627417062	0.181702847179784	-0.0376809586666521	-0.10566708436626	-0.181596081353059	-0.0521953209343962	-0.130842808635577	-0.246656873989782	-0.0445148167407914	0.150407051280698	-0.146194874890578	0.251488104837864	0.0646101172166283	-0.276238496078238	-0.026302196004376	-0.267944388540774	0.0401283528971278	0.0992494076094323
tempus178_Pre	0.122038108567801	0.0488390815575988	0.121178196056791	-0.170066838062279	0.24112462350681	-0.0917881164439373	0.248088995756552	-0.268837647736735	-0.0730866267319484	0.0841702406453128	0.143842722875131	-0.219715524855419	-0.179371240582505	-0.131858408459756	-0.0677733396105823	0.203626461470822	-0.224989372569204	0.668573351644682	0.463668408375789	-0.0171278245879715	-0.215552693731925	-0.0568579734973158	-0.111759022181828	-0.236572714110758	-0.216659268822482	-0.261600638487173	-0.128397373255872	-0.329495094196659	0.257415557066025	0.0403259683805164	0.244193792692394	-0.258239770449363	-0.230538872962794	-0.447691099064902	0.105735176499526	-0.344873802468959	0.107781960848758	-0.117505330931457	-0.038647448308078	0.123373352342473	0.134931382130595	-0.0779123514951224	-0.0208440920571037	-0.340753154002427	-0.302236182608906	-0.0128900735349186	0.0138585842619555	-0.0779598515630192	0.264845815698315	-0.0714839065597463
tempus179_Pre	-0.208385991058297	-0.138709567824221	-0.527765124543202	0.121693301329592	-0.136909668744898	-0.197501002661624	-0.289852161500471	-0.0575382914409154	-0.0997785504750524	-0.269582488004327	-0.247877703370721	-0.170981846401232	0.0711815151543205	-0.0463030114760124	-0.30687378597082	-0.21418247045667	-0.343841365842168	-0.477983709105762	-0.400977485540821	-0.326192321568428	-0.364016612258198	-0.210376524539762	-0.318594953225083	-0.112685370702633	-0.281284526275453	-0.42407315091664	-0.00180021862503273	-0.138529308255124	-0.0592918563774858	-0.319305638537308	-0.261300330210004	-0.274920022010082	-0.208954812833305	-0.329530011537071	-0.264621561638321	-0.390011833822435	-0.171909146056264	-0.279531187823732	0.0700893982671912	-0.239568302798573	-0.0309879675891855	-0.218007833148506	-0.0775990851431156	-0.0526725131370392	-0.0767993167695339	-0.192973605619044	-0.0274748949570384	-0.204333941908472	-0.00215699341551875	-0.163311012485909
tempus180_Pre	0.150052373045492	-0.0591866178371445	-0.27816189827342	-0.0283007620731784	0.0642573724658113	-0.0265182559425046	0.179515761880621	0.27610159642204	0.0196497857409759	0.229868280593688	-0.026292399802045	0.0515029220132543	0.27587686671567	0.176967599950965	0.196281397219651	-0.19327379731492	0.334204820997409	0.545691260441429	0.431713115862831	-0.00473487864044833	-0.0478464738208693	0.00389890342132086	0.123861588753529	0.325878301940321	0.260280690726045	0.198336169020908	0.167658000346702	0.502230335642221	0.344202377140016	-0.254427455647584	-0.032379828321551	-0.086365951940716	0.0558437772564786	0.356824612806958	-0.133182503066503	0.0977707574594708	0.00263801400044322	0.110560205077301	-0.0683440676806834	-0.324275094812596	0.0292583413712999	-0.129873965946235	0.154045662504065	-0.215772884087264	0.0220234505952903	0.286822020121407	-0.0837051613616626	-0.146153113974672	0.0405011972854317	0.127148593120977
tempus181_Post	0.14416575150869	0.238786002929959	0.0814328967270298	0.07644816728883	0.223300520346432	0.110373585177607	0.0930102849006871	0.028894179736731	0.0874610175419846	0.227206391411145	0.160260577356834	-0.000216687166771756	0.398143410362999	0.332894590993249	-0.00299657482573323	0.0283662859220355	0.0213844166717255	-0.119368398927498	0.00939936333780193	0.260225458227572	0.222458751488177	-0.00804844491197174	0.129224835962354	0.175770344079677	0.287040294124535	0.105688501244153	-0.0279039454519878	-0.265483248093307	-0.0198093204445714	0.128428493669961	0.151054230474093	-0.0608565107375009	-0.0931572462994199	-0.241903423706536	0.134885423671218	0.0643731488209271	0.150129876711222	0.0895710140834142	-0.0265303608948772	0.205883523957983	-0.0552328576888738	0.0435456012224761	0.134147118690607	0.0586194272718353	0.200832726464563	0.0414235701395127	-0.169526671755738	-0.0322371149522095	-0.0268367134436338	-0.267543217628067
tempus181_Pre	-0.328910121387922	-0.133854240069619	-0.0946323254545944	0.248713874654581	-0.222137912321803	-0.0584090632805491	-0.427311085121497	0.0842149881666942	0.312222629446921	-0.125765903261423	-0.00353393776869182	-0.280979356855586	0.035224917597398	-0.0454667593394545	-0.195624067048702	-0.121046419252302	0.111900499411627	-0.297369676442975	-0.298968832178913	-0.00634570144155905	0.00952772908924043	-0.0110448735166689	-0.299882832019567	-0.0777355839181009	0.120199514039445	-0.15177827283541	0.237657661687985	0.05426860236784	-0.213529651677392	-0.209416919583377	-0.223707573546944	-0.325078989016531	-0.276727247324352	-0.339473273881874	-0.0509100395582862	-0.417939768066369	-0.0695415633827066	-0.299246871968062	-0.0626561604064694	-0.376669639220384	-0.254926382928247	-0.278708057983614	-0.0958175321077384	-0.167155746923668	-0.0206672003968625	-0.32134846500423	0.169556121377468	-0.154042140404418	-0.0842208794871491	-0.290910584454984
tempus182_Post	-0.127807270305012	-0.165473445682644	-0.434215118109434	-0.411017491895484	0.00772947657923939	-0.0293620304553198	0.0238165346228736	-0.297034870752977	-0.601750823415827	-0.0618933996452807	0.154665753107273	-0.222162881101053	-0.0848362915654424	-0.181383919355014	-0.308195309962287	-0.0246135644265948	-0.259508711934267	0.415941198221405	0.248170260235557	-0.0812110904688169	0.0330879841546146	-0.421385636972051	-0.010644422900268	-0.350428658419842	-0.275370938452286	-0.483618617889959	-0.645352261794965	-0.611845553448038	-0.497986397397483	-0.206223137869489	0.0337547764486805	-0.286103495719826	-0.157871783426771	-0.447419298755893	-0.230528274460438	-0.437983112672608	0.0364608563722249	-0.306059187405748	-0.0731912836581407	-0.233021453355419	-0.031675153858214	-0.059330381933273	0.00693872264987708	0.0182353583918971	-0.140111822775947	0.234048064975475	-0.193393845044655	0.0554024529499452	0.177177414650762	-0.202028895450056
tempus182_Pre	0.0556499915629745	-0.0728972234909112	0.0700555244347589	-0.196764777465411	-0.275178009355732	-0.0783977673551347	0.0639080615122542	-0.0644890266823409	0.122858612626128	0.0780097508739545	0.304683721755957	0.165476115814695	0.196511011435114	0.152673279843373	0.167175252814688	-0.0133890156869728	0.325105807946331	-0.0284647111127588	-0.0606068896089531	0.133871697627128	0.104629221754189	-0.323315950313711	0.176999126482175	0.0620498527309492	0.0701435344155285	0.124223953690917	0.155382634994272	0.327808622555247	-0.23964000512528	0.144536644755155	0.083429677359322	-0.133118340805232	0.140564187100536	0.147999665905305	0.0629522347639771	-0.0234620962547798	-0.0225998514089585	0.10218984319893	0.110146433965287	0.0958426797100647	0.0207835676220341	0.172385921964796	0.151902765950702	-0.113859141068682	-0.128811216595519	0.176485114845814	0.041505139670896	0.250844515884257	-0.00204964208445131	0.0722361884736686
tempus183_Pre	-0.208525879726318	-0.249164013637163	-0.205618075436594	0.0598708706320847	-0.0937180636928909	-0.078763767940556	-0.071808531476464	0.342897973054107	0.449481263320244	-0.189746333279724	-0.0896657577105585	-0.0695950127108058	-0.194935878959762	-0.0719102217098164	-0.294557540019741	0.164256756751745	-0.353630718383771	-0.375212062667135	-0.367919247116032	0.0623398429107678	-0.176404644553952	0.148460296414334	-0.233469188546791	0.241788088152472	-0.172807158834147	-0.0520652598383576	0.477010823364901	0.364450970104816	0.522887728224359	0.208005567129133	-0.234645925575408	-0.23862921647428	-0.336987195400711	-0.0775348092640726	-0.0578546755514844	0.12109684854892	-0.088268724821797	0.239397631975854	-0.21001878019943	-0.0834276057902553	-0.202364671057263	-0.0661704182729336	-0.212787819535762	-0.343014234654633	-0.258875773271988	-0.235393485676557	0.0586797865877828	-0.202367798290598	0.0845748923561823	0.175410407134278
tempus184_Pre	-0.0947315316232896	0.178294191392269	-0.342087882935635	0.161866288535036	-0.0263189522031233	-0.0850493616027508	-0.257898368427001	0.182893562944726	0.435826357389886	-0.197125520872425	-0.238765850826554	-0.318692940472472	-0.0665944148450099	-0.109725848364597	-0.360512429555915	-0.065444741154978	-0.230735064993758	-0.385542418313795	-0.324533908596634	-0.163207064834073	-0.114376837909314	0.148843983227331	-0.167943031026063	0.181520875377759	-0.0335841971189096	0.0408035476603781	0.475912045563108	0.356009235506281	0.229254034208017	-0.123940081455044	-0.146311308510627	-0.229356309877167	-0.365866986791589	-0.164464279853865	0.0887487045920538	-0.128661253249806	-0.112935740741135	0.212678464961555	-0.137705023831227	-0.103645006681633	-0.181988041188795	-0.184824475581488	-0.144688743024608	-0.356205761170525	-0.311995250016344	-0.368431846466518	0.219065068868264	-0.185415577277306	0.0183247218082694	0.0450479476782486
tempus185_Post	-0.0349824846622562	-0.0103630623125108	0.310755728061985	-0.365913146782407	-0.44403309505038	0.062511310848509	0.261885702635126	-0.13541834874101	-0.495545603329913	0.020793223187267	-0.182067309963218	0.240294731184412	0.175968173012112	0.182908834794287	0.206317836803451	-0.207744809496765	0.271641175865836	0.478717024409902	0.38802827637686	-0.305147431401802	0.026099050953989	-0.145186478062132	0.339163327576847	-0.116350434108502	-0.182421084593699	-0.00879472430902067	-0.502255016770254	-0.290531367614691	-0.419670161573524	-0.111738628057152	0.229244105510054	0.501883835873866	0.494907362074856	0.341903471979802	0.0917088539446966	0.206919648804743	0.029710700704197	0.0177904071683606	0.0141416450041477	-0.345184525669249	0.218704842929507	0.441024782507261	0.144907739337879	0.505334803583289	0.220165997862448	0.311083742603826	-0.140542864405089	0.230706468761021	-0.0802296122978746	0.255815409848892
tempus186_Post	0.0657590601985998	0.0839354259066233	-0.218392629945345	0.189267877617358	0.220438549337016	-0.143355454690239	-0.168564699298225	0.00603425866073501	0.0871853411107533	0.17483477693098	0.282934762574143	-0.301526821265012	0.308700559430629	0.0743894034067034	0.0107936109542884	0.0896029085230743	-0.121107218923025	0.284658369225357	0.144263995682907	0.126926696347195	0.142234902228087	-0.153506015888066	-0.0910560650361573	0.0595614224629263	0.156107011679045	-0.0478408358527975	0.174373168289805	-0.179243969613241	-0.199093329989267	0.0896196734396063	-0.108025816693278	-0.212519003657442	-0.246561572190431	-0.193589105494946	0.0175568727417668	-0.00230615755931152	0.0356654747051399	-0.158324390418801	0.0324223746828881	0.185883305735271	-0.0882728508371816	-0.0820201349294986	-0.0735987641144695	-0.184758112152361	-0.0460840802802103	-0.10379004717275	-0.156836885494559	-0.106927948838094	0.0417199788619766	-0.230703460040927
tempus187_Pre	-0.171061390335807	-0.173627472987455	-0.151953511425075	-0.320806685093344	0.284830388089266	-0.309939814438696	-0.0653088205628542	0.195793533020257	-0.346436218017795	-0.0842281569583248	0.0473608619462716	-0.00950248830986164	0.117221974987319	0.0319253328885937	-0.18507494219796	0.205527137454108	-0.249356040797845	0.358412386325017	0.146788630999676	-0.0212140264646206	0.0204699543914584	0.219292430010231	-0.10218995976288	-0.040421507949066	-0.246197591854829	-0.239600839157379	-0.408041877362732	-0.197220274855288	0.285486581023879	-0.0727331665395438	-0.178136076514357	-0.227277780857406	-0.126665532585257	0.187093106400576	0.021507199932253	0.103179301771067	0.0145238141179947	0.0115837166155381	-0.336881839314461	0.00793464494349623	-0.059103663564795	0.118039399191814	-0.0309203667458011	-0.0775185151569502	-0.0579419448176849	-0.208163557020627	-0.105069579628263	-0.113080709560027	-0.0100051738576109	0.338809649178638
tempus188_Pre	-0.0830003629542174	0.0148411467085792	0.0390559566805609	-0.061517406849666	0.123240039829368	-0.266278457114151	-0.00123662465127973	-0.00831256070233885	-0.363825881789436	-0.102053614043507	0.0301695056726362	0.0516652931457389	-0.0841632833926963	-0.0765420219057406	0.0216760098196725	0.12335868908831	0.142853306252984	-0.180757412647565	-0.214232313288885	-0.0666985766444045	-0.188438578538499	0.184461327060167	-0.0656476307157771	-0.17157118352684	-0.0686698902277519	-0.046035268248844	-0.354240799414679	-0.180096343207591	-0.013066767286108	-0.186314909367744	-0.12492505008869	-0.0922892694946779	0.0552916398789394	0.309328919374976	0.0135504772962634	0.150589212111419	-0.0130779956968995	-0.0454360475503947	-0.121069990834504	-0.091564860851826	-0.0424159579350686	-0.0924482671143609	-0.0506914683848322	0.0494895675751589	-0.0803206121200952	-0.0565817860448947	-0.190699947613444	0.00938835054935361	-0.0647547759237939	-0.0417102330988281
tempus189_Post	0.0792131923805929	0.219943470132123	0.502014579904209	-0.234879397889798	-0.308043780098025	0.204308435323153	0.297366801100663	0.0192458451876219	-0.379465418286409	0.10749052255745	-0.00096756394129735	0.460398827093083	-0.0925937814038883	0.106308832279069	0.286795686223345	0.00981821842313249	0.282958385578416	0.263607463347633	0.308510339235959	-0.149182836643781	0.0786082925370904	-0.0910208962021546	0.363693104354259	-0.011405996033578	0.0299821547829561	0.26251924709543	-0.366180263065935	-0.017685989545959	-0.290708385100917	0.18006173872527	0.277912281549699	0.634148725843184	0.606986356402075	0.589773332495256	0.330548108817981	0.486413171755445	0.0494805675137829	0.136958119913909	0.0143569470770253	-0.0711404010949947	0.283171225307691	0.453323355175227	0.210480644488557	0.625599208331753	0.423486982041086	0.316386438769299	-0.184745344789703	0.343478454365221	-0.0294463954504559	0.13754950166494
tempus190_Post	-0.188864562354418	0.00659906827503023	0.247469954121071	-0.376554789750034	-0.27326455453075	-0.274406350374857	-0.00579186125432621	0.088210670674568	-0.0912849613416732	-0.132114611255606	-0.226554972281456	0.445788621126405	-0.28497489607768	-0.0764775462067277	-0.0512453352859958	-0.132471678756751	-0.0879943301374115	-0.416250461280412	-0.277149955793303	-0.31124213554563	0.0259386850590781	-0.0394426946239194	0.0701435436671746	0.0551597593346341	-0.222747494149521	0.121664056983332	0.149351866835476	0.321197106624678	0.398360696444547	-0.113055561699666	-0.162949606697046	0.546009428304631	0.576234109788912	0.624598697173307	0.276240717233581	0.451315499677329	-0.155907552615682	0.217564728793213	-0.28803148838486	-0.212761267622535	0.248758471919812	0.295904309632795	-0.0873309273707553	0.548067965739465	0.402620544165497	-0.189344174548079	-0.0178737439103679	0.0150848729776628	0.115998711232235	0.389626520500516
tempus191_Pre	-0.251863751788042	-0.26123575759583	-0.161824642859739	-0.159441106901108	0.080979123601681	-0.18507901930139	-0.091821832954208	0.103111105390379	-0.0157594257147765	-0.194937521518847	-0.0692771144142641	-0.221788507772021	-0.122320197497274	-0.244711329131189	-0.190310724565172	-0.224618114559434	-0.0711723474816063	0.15879500728011	-0.0258286930317576	-0.225787279862167	-0.276293139929222	-0.223090778233666	-0.203685265997072	0.0328262749823045	-0.326319328355245	-0.197088296908944	-0.0782563801903137	0.395969909302267	0.426906060834077	-0.201515592845955	-0.142075252866683	-0.340484842897136	-0.257746866984579	-0.139840961486248	-0.267907290413224	-0.360051226339956	-0.248364087128316	-0.172105076193472	-0.0834334868670129	-0.12930150224511	-0.169818903676545	-0.278229278273678	-0.148021417506021	-0.285229207540723	-0.349405716489998	-0.180036957180257	0.0115646485022293	-0.121863992592709	0.00751311419088335	0.132553007806629
tempus192_Post	-0.37833890788998	-0.0916899157272025	0.177118685942375	-0.100028701416957	-0.376734309221398	-0.349578898188916	-0.0982234416226722	0.150118520176614	0.146049346440931	0.0267795990128604	-0.41175511387221	0.242349623019485	0.153396601911237	0.138007606121395	0.182736461298729	-0.269760411400262	0.334611977411314	0.193023675342197	0.0682839467074074	-0.302075247883387	-0.17566758564231	-0.185445449090453	0.267668416801761	0.218806363223007	-0.0529384241176324	0.230588541141656	0.290185683236909	0.296199992518584	-0.165792269869169	-0.282485108650103	-0.167340593192029	0.525336352711095	0.473754289749085	0.428449404958987	0.161147564804747	0.165899881455313	-0.0865392974362804	-0.0767587922382048	-0.241068847683125	-0.377085848469902	0.164792113515975	0.356477877840639	-0.122753557594063	0.493571255846219	0.327451813501941	-0.0775827013776162	0.0462224240690663	-0.0276047581567769	-0.119085209137832	0.346447939485325
tempus193_Pre	0.287398738989706	0.021715050315651	-0.243549976735599	-0.347685706934313	0.082270987050766	-0.219558197144249	0.328683692327318	-0.0394568268632509	-0.390477378978026	0.140708723025844	-0.170457073560435	0.13262470337293	0.416900543308848	0.288384295819653	-0.0165086737166147	0.0867733868678061	-0.211190531899887	0.702474802623351	0.51100571620791	-0.079503896974784	-0.0136803250102132	0.037519323411884	0.0377790069046165	0.192829950642485	-0.131406634372778	0.0232565677944682	-0.326525652532412	-0.148656562745488	0.274092562892919	-0.178289677311033	0.108501563318434	0.0293655505909361	-0.0218442358896486	0.0447954476040218	-0.115567078413402	0.155493440806054	0.11683069619114	0.0769026292111258	-0.150605978798986	0.0377508009040533	-0.0585865134221053	-0.0642814861021235	0.054568569491621	-0.0762339290974022	-0.0941033197254147	0.00754176835804246	-0.0138620595018785	-0.025255956488294	0.00203935143257372	0.310293489966199
tempus194_Pre	0.644288328447902	0.498446455766101	0.00495679668334648	0.254671782649053	0.163790814301409	0.431043983189812	0.457666401876044	0.0902439147889918	0.334459675401051	0.406725019880434	0.154477567486424	-0.0590431327628805	0.117754050252876	0.0185831230002025	0.300121519111899	0.420003755477993	0.0913166929555839	-0.475534628725162	-0.241545772001815	0.252890771709398	-0.0402889206855011	0.245286790837374	0.18471525105942	0.427786730298506	0.162374304320412	0.383061229243847	0.313655699686581	0.519903167941016	0.60692555931991	0.638024759566801	0.495457409044266	-0.0521864451289235	-0.172772153671586	-0.144107421155046	0.212686302202632	0.326734959847315	0.270541959716111	0.272016909459819	0.397270645378354	0.616322421233326	0.199736393117819	0.198491591604131	0.279250801862305	-0.340053066813086	-0.268884634227512	0.0235686536778771	-0.0899431199679259	0.304150394905334	-0.0953795384974517	-0.263672727911904
tempus195_Post	0.453782487673087	0.336130987447995	0.371908532925972	0.113376320038155	0.166313086550187	0.325259525929372	0.468250247370242	0.0291958931200738	0.0350830033469188	0.345580657327025	0.154959059658652	0.289278313931343	-0.239048236068536	-0.0464742019494587	0.203068688697668	-0.0774223005361964	0.244794164874059	0.55359991719966	0.515536911113238	0.254004812924896	0.0117061081760133	0.184785137823662	0.290034470287001	0.190899849538235	0.187565537171391	0.275428355577975	-0.177807207822754	0.127320074397758	0.104291187806837	0.154372810355377	0.35666007134629	0.22865670377681	0.310262020060904	0.460367628692146	0.349875911010509	0.389080547635025	0.291943507754664	0.160593789704506	0.185347970644016	0.0608843232318827	0.188080166018704	0.20609832973712	0.346398343859585	0.0617015348508091	0.133553812974286	0.371553976969348	-0.0849164192230095	0.232103018877172	-0.0455983711367945	0.369513143381211
tempus196_Post	0.144847420239859	0.19008403271548	0.301405126267111	-0.305209956387461	-0.228467834682219	-0.196904704298635	0.180640384927468	0.104249560872171	-0.246159825805083	0.0522858308410962	-0.309268496216778	0.311857635359034	-0.306386431869595	-0.140335487106494	-0.0309526789401943	0.0247892911103872	-0.03372049126062	0.127425730825674	0.222510183647393	0.0846009144476562	0.142879862369435	0.0561947791510942	0.222568355068307	0.0726725140421273	0.0651661900320041	0.301558975570026	-0.0919419366249475	0.141755605261963	0.277797076394899	0.117158188870273	0.199575939740421	0.469321777797274	0.362292914665447	0.427888745589723	0.36947754342882	0.366083633979975	0.0919651004033811	0.243885045256993	-0.301580195271148	-0.065025389282643	-0.00244922592437088	0.368340251359161	0.0735752365735531	0.373618838037101	0.319341377970413	0.0954685584258497	0.118935306148531	0.0123474949116994	0.221505879511571	0.0584117368900152
tempus197_Post	-0.130503545949034	0.0513929341034626	0.0294719815356254	0.0477868982755347	0.0682874575433801	0.0428001050292738	-0.146547492366475	0.100538402137953	0.122530962776307	0.0705239866888462	-0.0790534544909066	-0.178690632079892	0.0828256890291209	0.144956715633772	-0.00392830896430907	0.0737926721716198	-0.114276455832645	0.129648756015391	0.128557353772205	0.245309196334678	0.143038844018125	0.353114662951453	0.158980242991382	-0.0218676139900772	-0.05007393847122	-0.149396396812773	0.279576315762788	-0.169246951518716	-0.0613746517862066	0.00719531499581516	0.0503357972347627	-0.188679676840351	-0.22347620691891	-0.294093088284684	-0.061532401841879	-0.00476877602157066	-0.0113600695308724	0.0205852833652375	-0.0480559118752713	0.0119324053990403	-0.213383626661058	-0.0315094780619606	0.0376162665060637	-0.137884872055561	0.0240663884131549	0.261685273529949	-0.0795070552834349	0.0976913377797276	0.0524945592940523	0.00272878692442072
tempus197_Pre	-0.230697254662453	0.148835701322801	-0.0873981239723128	0.0466347470479451	-0.115885850629589	-0.26500168605881	-0.229783904915482	0.0728966673503076	0.0126476503212189	-0.146693413020241	-0.189628138901421	-0.282694677353332	0.0273170534744314	-0.0792086134707358	-0.0027335935077954	-0.00331293934084864	-0.00796881487216441	-0.196692221207381	-0.193626953862536	0.0772375489262894	-0.0524307040630998	0.080121588331306	-0.0980003535479414	0.0801171532092981	-0.261052521643986	-0.0836518300111092	0.150357631208814	-0.264014513393545	-0.0907075204193276	0.141528448685866	-0.0699037079948546	-0.328211750186055	-0.368332579794602	-0.369601647028558	-0.00802515961289801	-0.0787641618275551	-0.0939395211038702	-0.0943045740489603	-0.00419588074324881	0.0234467972072448	-0.154033665469462	-0.157375945203547	-0.0757104433348405	-0.255161304608191	-0.177213140617903	-0.114588623744869	0.0403311259067187	-0.0384862372036283	-0.0835653965937361	-0.0575186952764714
tempus198_Pre	0.415231120966945	0.325662436546099	-0.139631412544531	0.0028122094446596	0.329271819039727	0.15980322489691	0.162157318080136	-0.15741246061563	-0.282420057022954	0.146960702810496	-0.0191046612212487	-0.289684346660644	0.290921560713428	0.134447361511871	0.0614008118334698	0.120448441687489	-0.175925106281357	-0.154653411573752	0.00224557852131399	0.170904676819025	0.0528347742943038	-0.197060653952371	0.0820017484320567	0.0901113139785765	0.160399299386236	-0.177258962006355	-0.366534141073093	-0.463486074455939	-0.331723409061104	0.146173590073536	0.107938266166974	-0.089563576661381	-0.300038110599485	-0.480136555255869	-0.00151876517252317	0.0309461360986574	0.306497565287017	-0.0922631137066441	0.0689575542459125	0.00558885948005694	0.0571939122362222	-0.00735644312502579	0.109865312565449	-0.117994843518094	-0.131958236694634	0.0442008712275106	-0.306241444985714	-0.0362173085501597	0.0424051408015215	-0.34232556187957
tempus199_Post	0.300786494832131	0.274144324862254	-0.100679074641362	0.356442003955249	0.106951917550381	0.212345945772523	0.146813440556539	0.148665417295659	0.480390158577871	0.0941980125021202	0.14085039448472	0.0150091389747547	0.123009581990121	0.0444399201727529	0.142461643813369	-0.0193725436395649	0.0174598881603681	0.177124298727371	0.0281469779756704	0.00771127972434837	-0.207876139635485	-0.0972376537205729	-0.0181974746073529	0.315116874610251	0.0866132917065208	0.172312238202858	0.477976111419395	0.23999593271752	0.0878903431931335	0.203257150672036	0.0768482953521571	-0.12644828488484	-0.127964789297922	-0.220557468732008	0.115102573473293	0.339967480127013	0.110517909422766	0.183340783518108	-0.0810919728710907	0.212782326397779	0.619113293432711	-0.159773782322785	-0.113929191182876	-0.212665614570242	-0.255901755153935	-0.167493083252061	0.126375054510815	-0.0377668465909629	-0.0996194390808259	-0.241604643821454
tempus200_Pre	-0.410472195521506	-0.0687382780049795	-0.22113212178911	-0.0189576890863291	-0.0800417297611573	-0.255558697882189	-0.32604553283936	-0.199650922282095	-0.111747069801698	-0.291409278979459	0.0215422418685536	-0.144833336332627	-0.152200040106604	-0.0707180894309599	-0.254123911838241	-0.0458765119132819	-0.377379709516114	-0.373564992289661	-0.328063313667967	-0.0503239594547156	-0.0538620829214962	-0.188776267949107	-0.171118571480418	-0.395417908793151	-0.298916093332204	-0.370435613335362	-0.0775109030448417	-0.482417064011141	-0.33960678939037	-0.183548265661627	-0.258858877642506	0.318090985529961	-0.0216324838854048	-0.417219594397851	-0.137437024520747	-0.0813029177527112	-0.29329077097215	-0.312663619262868	-0.0861900618220274	-0.181533896328871	-0.186745777215749	0.131367516891749	-0.208352592424827	0.300994534748044	-0.0407517040969799	-0.211806424637201	0.00160492655879485	-0.197557050823495	0.189480744521492	-0.0212058286905625
tempus201_Pre	-0.0133910509284316	-0.191979002562487	-0.255982124176234	-0.184932761860274	0.0230431345562744	0.06665735688107	0.0061743838358809	-0.26433160524912	-0.406023752493394	-0.0263841458198139	0.235572209917275	-0.205101006359932	0.139306949449485	-0.0708529958733811	0.0345774728016226	-0.0726847709376954	0.155911326656776	0.08456645989699	0.0692905987199522	-0.0960466828906258	0.0251984824617914	-0.222748635936275	0.0745981517207375	-0.260475236625581	-0.0999729969667749	-0.358551576611613	-0.512421907380234	-0.485283275260089	-0.525225249060463	-0.0548965410723659	0.157342264503611	-0.242037289218673	-0.153714611038295	-0.402958725940085	-0.306884625500543	-0.337611318866057	0.111084190741448	-0.382477613004328	0.211902176160896	0.0575503856594266	0.0273558663915675	-0.0133839018516106	0.164786896930034	-0.277124825664339	-0.238233212280278	0.202650203942596	-0.147967689548856	0.19761973534735	-0.0605974059102243	-0.145399571908097
tempus202_Pre	-0.289864380807207	-0.202137094594417	-0.179401457276278	-0.222265109177434	0.166731231900546	-0.131409661603006	-0.260595556726205	0.117055090559655	-0.20685154440407	-0.120180833394389	0.169601342454926	-0.323515976311808	0.0934881133740812	-0.0166000754118318	-0.233461876286812	0.0734564586704134	-0.272591858661726	-0.157587682595339	-0.273923773774088	0.0168853823177777	-0.367947097570171	-0.296716475514055	-0.0904353170425939	-0.046304975258257	-0.114370823047556	-0.229086127831011	-0.236035085480404	-0.315698672486456	-0.0913224090507559	-0.114041505492752	-0.186994395485559	-0.32326181557863	-0.378284077319837	-0.447049795719837	-0.148855058797213	0.0433295384906119	-0.114475359223575	-0.0517808726716229	-0.205763281969485	0.0552857935531656	-0.0928047485010174	-0.0964399033663946	-0.100642027717623	-0.0163192452007022	-0.0883928869609621	-0.210911529979237	-0.0749821265999433	-0.22282990141739	0.0116449229591504	0.0218687033021948
tempus203_Pre	0.0429665217891586	0.276772826255357	0.414983640147806	-0.440618634104921	0.0795881271581606	0.218953148788303	0.258747032893144	-0.0329535133707061	-0.581045375007885	0.191001812793087	0.181523226742915	0.413306904623542	0.441369121677248	0.394709655537849	0.158728741460081	0.255109482092917	0.323469493155301	0.0847347848131581	0.0617741102543823	0.0598930982004548	0.272449557251001	0.0548337442987046	0.321137962635628	-0.0357220472343334	0.117498952238985	0.0662671851422039	-0.620997785500047	-0.29702944027887	-0.486914887684326	0.0483638771879501	0.186015778273475	0.616068608961536	0.58207826668663	0.510867439982036	0.292482418206904	0.423541705113226	0.212835686190087	0.141831598147895	0.00227067906300818	0.0628279897624159	0.260809939175629	0.502606598284219	0.118011538339257	0.584444046992177	0.430604145346498	-0.0546878470898529	-0.295286872026002	0.168762892728324	0.145930138004863	0.349991678401157
tempus204_Pre	0.294913523510726	0.0733253171989459	-0.182183764958738	-0.0987909530659108	-0.0652439708197353	0.327421640903149	0.0775406176826415	-0.12106263494471	-0.146508710591566	-0.0303524298940866	0.372524575546354	0.00543019235490322	0.119526707256273	0.0387576438088881	0.00661056408084035	0.122774331878022	-0.073460060533468	-0.14957621583552	-0.217233383495659	0.0774248689948051	-0.0868832902628678	-0.147330346510967	-0.0263836970185462	0.0235871586973308	-0.0393320179143449	-0.252237612576499	-0.38201964423373	-0.153489169159518	-0.266636518207773	-0.0256835166556182	-0.0952822168362586	-0.0943479614054179	-0.0651123979735595	0.058868612048985	-0.0339478175071084	0.202128754763983	0.129737454544035	0.0116294018557249	0.0553785989519149	-0.0728001025133926	0.403900107436604	0.0303748905934668	-0.0622536099995537	-0.26886526387355	-0.137240099290016	-0.264495326496902	-0.153237357210445	-0.0727465770284979	0.203137526624257	0.234835187811555
tempus205_Post	0.105639307095815	0.0270126840208117	0.320942100964224	0.134892594478798	0.177174203465847	0.226495350102465	0.107217522447371	0.316808708895361	0.343895909608093	0.19771612813702	0.366311608521775	0.217623763420969	-0.251838154779443	0.00802842978618573	0.116978979512296	0.0737458763272879	0.321833062132461	-0.315105007351522	-0.0896691988292611	0.161321654904894	-0.0375067932975229	-0.346070869268651	0.074077938155489	0.202503284337315	0.38029678910713	0.362453223126194	0.388123478713844	0.30459676732489	0.178204404209465	0.0565972929570539	0.111829217644827	-0.0105687597691653	0.118802251700252	0.519412127707117	0.254694033781025	0.301347037896413	0.296070203487314	0.303273742017999	-0.169452051665921	0.119638962352889	0.0738313256533843	0.115278886726795	0.0663946563701907	-0.0307054258848272	-0.0374147345075093	-0.129432145450592	0.0854215612705893	0.151070445924522	-0.0590223168881478	0.0321703492558944
tempus206_Post	0.350974846284915	0.223227442815508	0.354040436429257	-0.242247275410924	0.162194862953713	0.241191186196886	0.294568904494391	-0.131725702672448	-0.041896127834584	0.152966202915734	0.0917999837304003	0.236872845538599	-0.0441947409224584	0.0396216007185784	0.335350951627178	-0.0944250889894441	0.302268787952295	0.365045577650968	0.354487865492606	-0.014685826777953	0.174741553751913	0.297460889172741	0.348223290608793	0.345041479004351	0.202797669033615	0.443271900345402	0.0311885597548371	0.38055980392299	0.233777197955868	0.167066853152767	0.232610298039234	0.391396355655051	0.303971583075257	0.201883592714394	0.238536196234613	0.278296327098012	0.0877022399273636	0.306874126811707	-0.130035215959683	0.229824132395173	0.00130049536669496	0.341037212435959	0.082607957865748	0.319048455817518	0.329015965608972	0.165889017522581	-0.0828885020397366	0.192725724058981	0.0476280504514934	0.323817015505969
tempus207_Pre	0.429694911054773	0.238763470578449	0.14547691046004	0.114371493018269	0.235449428045118	0.486299756072344	0.13015656276219	-0.330930399025434	-0.270865079653917	0.285914282082227	0.0274435401433986	0.114694675897703	0.30223842739137	0.174525398577847	0.302439202036866	0.50396255711934	0.30218597974827	-0.445742919036693	-0.275528175139341	0.314917950826792	0.249177112944879	0.28524985873652	0.0817676866048189	-0.0280847941192498	-0.10028162963698	0.0509155740999729	-0.376012240820965	-0.144010144980805	-0.423762248344039	0.522168958977571	0.250756730789609	-0.0282057988903071	0.162416521178217	-0.0514505127196777	0.0351899876319981	0.0965588131695887	0.104158673178678	0.140412988130758	0.471612819809191	0.479116042116053	0.178014732871093	0.268907826134527	0.151808748028488	0.0347551290677451	-0.0524672951860926	-0.210845909274596	0.122647832809624	0.270451428443187	-0.0117718821542428	0.125962616133341
tempus208_Pre	-0.119635881114411	-0.0146507569610061	-0.298693996913319	-0.309087003503632	-0.197319658493192	-0.3255499454123	0.189939558474333	0.247030692722373	-0.242043371081246	-0.0475525802747525	-0.151761815620972	0.0678170942510139	0.104605278055854	0.0517657733662778	-0.00206266471836522	-0.147413159441351	0.120760633763974	0.646616191124344	0.48404196514798	-0.171896247902706	-0.274125778149269	-0.144928931154273	0.162010576776319	0.311806202471386	0.0384749756497839	0.171504952621018	-0.181844911139987	0.411332695445938	0.448330045290858	-0.187465042554326	0.014131033800194	-0.175047128518865	-0.0279692377230482	0.304245119157898	0.110510687238485	0.191376125256182	0.0681776876684654	0.0411934069347041	-0.314390893916003	-0.191380266300765	-0.0559375120004924	-0.170260984832159	0.0797432079893597	-0.214739731974067	-0.0342970298285135	0.359892060933523	0.00303815675218572	-0.202165231343162	-0.0216644119029052	0.0258465577675737
tempus209_Pre	0.121695819095014	-0.0619078902982744	0.177682625549003	0.19203962533314	0.251542621181591	0.313088695441782	-0.303859115368941	-0.403227184900915	-0.309085444565757	0.0684316010895875	0.0237546145886029	-0.232558514503294	0.127447233004133	-0.00913688080563252	0.190914157980681	0.402818225662911	0.0115219291926937	-0.346907990235628	-0.325400196013802	0.20705543065744	0.279859300833219	0.143901098161632	-0.153694480252176	-0.318620626932761	0.0265912558088539	-0.332393700626676	-0.417938427917468	-0.623564473599668	-0.588441325547321	-0.0973209211112786	-0.0512797351781906	-0.179383392146816	-0.222281480927349	-0.494075840361969	-0.24870682644932	-0.22894700692312	0.10420067271369	-0.167508940438717	0.324888426006894	0.260611652547044	-0.0419375861653024	-0.062237207894045	0.0354671510444174	-0.097522737395371	-0.0811830776380094	-0.110444220953682	-0.157884720796273	-0.0372530228042709	0.184107142858005	-0.149446436672209
tempus210_Post	0.347846691798386	-0.0389363207321364	0.40681702739374	-0.0662008473053507	-0.052288184239595	0.421830235388599	0.0601785181025143	0.249839359977161	-0.116836146414975	0.0474238512940353	0.0435095447326886	-0.053566932713194	-0.119053011016753	-0.0475363969343594	0.229955532627389	0.00456426473753821	0.233384504583063	0.472010859485813	0.401878043865805	0.151130399214197	0.105388686514782	-0.0137468904069077	0.035329850928793	0.168072619289587	0.369752232343428	0.29300342867678	-0.168491568828627	0.215259776004192	0.338297606716326	-0.0730216416114707	0.211930246937756	-0.114568135791973	0.005449543789325	0.083031489748471	-0.0369665887756612	-0.0476643245937365	0.381359719321738	0.0743204277743561	-0.147085486429772	-0.295873703740556	0.044523759907616	-0.131170356854299	0.0784613425959839	-0.291953304189952	-0.0165040560971159	0.220742885348094	-0.0322957262751082	-0.0350834422825552	-0.0493571825288536	-0.211568734860005
tempus210_Pre	0.408894933342723	0.165822156267819	-0.114986471581894	0.139691672953301	0.427970814166487	0.255193133299623	0.0197485287980876	-0.314315175797901	-0.21884009868659	0.156998556723467	0.045033172556009	-0.236107914495997	0.405233661685889	0.246745249805768	0.156307222163564	0.0831280616125098	-0.222342970944842	-0.0872208160080017	0.0483942671391521	0.178377845246788	0.176934960662273	-0.00537731860251422	-0.0391533889915359	-0.139830036442308	0.0358329295552839	-0.321536986321204	-0.331565765831784	-0.448895404789625	-0.309587190719695	-0.0325127260472552	0.146774766726896	-0.189348104486229	-0.2932549694716	-0.549036602317071	-0.303714780800186	-0.243954259629841	0.166975712399936	-0.181197051967753	0.285151104810766	0.154857200456216	-0.0064375111036106	-0.024796227120479	0.136245311443648	-0.158481686611099	-0.203153049619871	0.000573787434772488	-0.142033649961722	0.10499948698693	0.0418347760501873	-0.16892277638979
tempus211_Post	0.178189081634582	0.2814663375016	-0.00693011214085643	-0.19769669559048	0.126762696018979	0.25298423137157	-0.197929931248098	-0.274353174023095	-0.431973195996402	-0.00291193257841246	0.234289784777519	-0.10863315016779	0.329499418624391	0.238657104131696	0.0415073888153968	0.302598598010766	-0.0105535922537409	0.175829469506548	-0.0210522443422967	0.144128871896464	0.152035480778333	0.359308683607513	0.003750048383971	0.163310758265098	0.0731431212144378	0.0328454361982314	-0.53002701234805	-0.349677861278969	0.09767549821514	0.101738889440984	-0.1194685481924	0.0208271156730427	-0.321827295027743	-0.216286185290353	0.0850698519440598	-0.0234309873343284	0.16205337485782	0.090150550221537	-0.0576828832942821	0.33481588983691	0.0310467380860836	0.179230506579236	0.112478113613701	-0.141169197545068	-0.208364781802463	-0.247068793180245	-0.305245453849264	0.119006658891597	0.105056634738342	-0.029225715804212
tempus211_Pre	-0.0213016704854096	-0.241497090411328	-0.0739935253429041	-0.110537956282289	-0.0905408501512087	-0.0376986377137418	-0.279017199147522	-0.140181016434208	-0.0792435849814773	-0.185859310166787	0.150415817682042	-0.222849309685494	0.151226270763522	0.0169631774089767	-0.150021678410239	0.154919808135688	-0.0805761107930941	0.251650728896404	0.00507620189716099	0.0600790782764634	-0.0606499533807104	0.110044388527509	-0.226774345168347	0.0310161059731397	-0.142665768747688	-0.0230883016018742	-0.266466378553719	-0.0886967742935638	0.325575177456473	0.141744352836056	-0.190832115012083	-0.324078790056601	-0.406207552113336	-0.273983773861683	-0.278446698282657	-0.193235201902078	-0.128732496269313	0.00649337957423987	-0.0388468124650398	0.392226234593732	-0.213312073908608	-0.120683586025592	-0.0556071854595208	-0.283591354886174	-0.379902971729833	-0.268731028135477	-0.133398522670264	-0.0198282813024379	-0.0346576097274505	0.0587783254448515
tempus212_Pre	-0.295809240975357	-0.171691203556909	-0.43286095089682	-0.108036379661499	-0.0558139530872877	0.0633946761648739	-0.214498089236095	0.266535392620856	-0.38895749143441	-0.188572611067383	0.0905343905827042	-0.168280563455633	0.258885993519706	0.141765920207152	-0.248499652377103	0.00468047604169808	-0.190820725364039	-0.425652673971464	-0.492616376156474	-0.267871144038587	-0.2411888522023	-0.168633926579848	-0.332333789415647	-0.251365578593039	-0.07455186553194	-0.364540649431549	-0.345034096561735	-0.208186833844871	-0.33634289432831	-0.274446169981457	-0.319734537645131	-0.189749286570701	-0.0190738322993298	0.128161267289399	-0.3146009648571	-0.0169453637004523	-0.00970769857952355	-0.205922764057993	-0.00770026374429159	-0.185517599869673	-0.0255346465939348	-0.165300868393515	-0.13745580090039	-0.119021705948616	-0.019368435361105	-0.395846800895824	-0.0209767527891641	-0.323489321005123	0.143976438586577	0.146563606298502
tempus213_Post	-0.128441199143377	-0.222723697347871	-0.21570335615095	-0.166027290415895	-0.171146848173751	-0.0502413105622368	-0.103281655254936	-0.0852633517399247	-0.0902569283154404	-0.0883306210918005	-0.13631273068741	0.0144601741441828	-0.127350832534251	-0.0743213233374901	0.203623035910156	-0.161362407964571	0.307917184713001	-0.304792791385946	-0.293994657136704	-0.256211103377868	-0.257157888942648	-0.115637424339028	-0.234229352980011	0.329149077754619	-0.0138901780666162	0.174354932703622	-0.203293279363361	0.391867326271425	0.297875075561811	-0.257480438640092	-0.234070145611363	-0.24010793783208	-0.14615099826426	0.154133461081661	-0.0871252072397883	0.0236721343889633	-0.0462731050986105	0.126518809927683	-0.170966899343789	0.227976964648316	0.440330014473013	-0.193676928636091	-0.199569188583633	-0.26584281868226	-0.124311623206119	-0.251320938922273	-0.0116507208027776	-0.208469396120064	-0.0256876499555666	0.131082103821142
tempus214_Post	0.340620890414001	0.186640069375338	-0.154197397635021	0.0674257793636946	-0.328499721370683	0.0255940057960963	0.0779108715882617	-0.156778573828573	0.322395343777056	0.0937994175665076	-0.246595844302997	-0.081780328106074	-0.323221324338921	-0.15307315472299	0.129328153453642	-0.0140649077625871	0.140487549372109	-0.217184548045619	0.0714444220791736	-0.125735917564275	-0.133910035123438	0.10407602394382	0.0914557701665334	0.0731826988149426	0.0630231920814539	0.200828695636256	0.40996944007229	0.338069099410853	-0.110507884428001	-0.0881346660576056	0.16139507561244	-0.322544041184387	-0.0242265029793264	0.176425480628491	-0.0683756189118246	-0.118251764312687	0.0288462442842535	0.0882265283933361	0.100524911921478	0.10952502775866	-0.0998067225168726	-0.226688134333862	0.130403538833712	-0.188334837798789	-0.119017766973928	0.267786616169301	0.350928496108615	0.202944089959164	-0.00925924360033946	0.354333527197963
tempus215_Pre	-0.174622171081039	0.32863332162299	0.256854161694147	0.043619940877517	-0.233149498072899	-0.148885562050747	-0.271447408644055	0.248715629492594	-0.129232598075283	-0.0305906164064769	0.173037244153371	0.0551457974205246	-0.208022104093746	-0.156512815469446	0.210316223922299	0.186448324632339	0.344514566913018	-0.507001773384619	-0.31850795725958	0.144489852700191	-0.274177476742827	0.240657822485766	-0.155592920076979	0.235957512586236	0.161232564627099	0.395276561544141	-0.108859722156388	0.398618318833173	0.353263734542881	0.00301275040836003	-0.154300521772017	-0.138358769532593	-0.147688433076919	0.28564076512625	0.412139404837169	0.0296329861829869	0.108240976517267	0.130828366260598	-0.0383608678955569	0.137849977794965	0.111024907260979	-0.154903516022477	0.0522705250942098	-0.103756115706876	0.133293501177851	0.0162255567637394	-0.0372098081899438	-0.0889038953949885	-0.0951373238108089	0.179593281880659
tempus216_Post	0.399662855002007	0.270141332424047	0.0581704542313787	-0.206738787931926	-0.115819988883797	0.136772651120027	0.221478565727144	-0.171645445571313	-0.308582279947591	0.154036101696653	0.0986939793266813	-0.169905039254672	-0.186733438361138	-0.127642059722565	0.0581337466983019	-0.0759941707251096	0.0504331607205422	0.0544496025668883	0.175456525259873	0.0352251029617665	0.120849827921803	-0.00268504763982691	0.0924433477209962	-0.104735479342191	0.00816290929334618	-0.149842479945048	-0.427523276053975	-0.231449274305849	-0.0578806500658133	-0.372002622845101	0.17201293808119	-0.20138553228323	-0.0553141434862837	0.251674414897281	0.11626371126452	-0.0411889701776346	0.312091790925436	0.0600013255282104	-0.0054578682403261	-0.434065770023952	-0.00834666936619996	-0.108768670742047	0.175376534111075	-0.216675489593872	-0.0619207586970948	0.23205391174725	-0.0535256528531768	0.0197702266866051	0.0523019300288501	0.388211800576072
tempus217_Post	0.12963145895123	-0.153879550633813	0.0077627778754141	0.0130871355667597	-0.0750802113567131	0.189136330378675	0.210728089360549	0.156998592435937	0.213547186432632	0.107398618181449	-0.271474579476331	0.210143162882764	0.0722823919647795	0.0123759477683514	0.00700128326434077	0.00587332326206325	0.209268428136488	0.403476181666402	0.331499548342399	0.102684241629851	-0.0164880409019145	-0.0418931602516826	0.264216109659987	-0.00838562151662334	0.115226168868202	0.143348876377955	0.345803354969829	0.333981122966203	-0.00543328962991654	0.236922666583372	0.237542853126856	-0.172823567519192	-0.103854068857674	0.0192268432544445	-0.008314780443683	-0.194072841430209	0.0631295374722451	0.0773205540289153	0.0703209595169094	0.0710982969986872	-0.0613066053360692	0.0465126982642672	0.048446300241128	-0.0468514246455196	0.0212107807267188	0.27105542368269	0.0442314710146786	0.181259526095012	-0.196465946086722	0.0267243688819018
tempus218_Post	0.136346391033947	0.086743815831135	0.128644894707221	0.0754840323114337	0.32729793070193	0.082577694155194	0.0432386606634377	-0.0339465827409993	-0.0258281662741875	0.164731131745086	0.0420273201197141	0.0687604464081213	-0.0616126469426163	0.0773201978706578	-0.00493535733746411	0.101833404071693	-0.093274050433243	0.227403031301842	0.230970992783243	0.264558502567579	0.0360288451791407	0.0469046834482779	0.130344625247162	-0.10034101526439	0.145236105549459	-0.0326761844243652	-0.0955409693961582	-0.181726490683066	-0.262814333422891	0.03556849274752	0.0501250487534109	-0.0103620494909651	-0.0966416246940454	-0.144364430544497	0.0610953878777497	0.205744159284901	0.278328909390068	0.115264307114248	-0.120154737099997	0.0698143028471448	-0.0970015346420908	0.177054809795675	0.153495348656243	-0.179565876124861	0.0722016315545316	0.243369399222945	-0.242231524156968	-0.070491436569215	0.168384913772616	-0.143531075604426
tempus219_Post	0.108705538990993	-0.0957024296592024	0.128674354872965	-0.0909727882055367	-0.263002709273577	0.344775744109335	-0.0797994536861891	0.0221205444124973	-0.239947390110375	-0.0271148392195665	0.22371048429713	-0.0824672759604854	-0.310605144872601	-0.201744870040204	0.237786140332357	0.0946285194742293	0.139515187491281	-0.309507213411605	-0.119295948574606	0.0715671174504963	-0.0662085844707526	-0.152951414890781	-0.00247920923910536	-0.0329552309761718	0.0204837685742391	-0.218636179175014	-0.35226820171064	-0.328644885759808	-0.44435203916772	-0.0195025628201417	0.0555877645521959	0.317868110524563	0.0140865585799967	-0.249664175017728	0.0205470611554624	0.0713087153315393	-0.0560886758767073	-0.0610417994568559	-0.0383178147147309	-0.176653566332967	-0.0962449514611943	0.222238397592901	-0.0709691744641208	0.221130780507596	0.0248970448172101	-0.0314776332003593	-0.118424606975797	0.15604524150692	0.0140404239285859	0.167019767629328
tempus220_Post	0.614803949497354	0.428839885914073	0.131772842585451	0.345009054426009	0.190159803334571	0.401706041045123	0.517585777110052	-0.048525121886706	0.452614222904907	0.39129579119997	0.351912966257911	0.0139344190377851	-0.0244471222681475	0.00624219327934408	0.0660520965397213	0.00884075095996475	-0.02216181029964	0.55659741147164	0.560331366866045	0.299353191638908	0.20496865062353	0.354339728380494	0.350855708889998	0.257050214046312	0.124247696287339	0.327096054319649	0.48039031281928	0.447043265579688	0.514677890793336	0.572526294238084	0.496671796174059	-0.141951265297332	-0.264819777275835	-0.0937488895998534	0.309836465048806	0.386410285608935	0.236239259594177	0.285919252763662	0.235053664857467	0.498530248263483	-0.137621647155608	0.129355765143618	0.386046514744828	-0.269313495410668	-0.0946568629109211	0.458993509665511	-0.0967106731303186	0.36670704371763	-0.0690085201174231	0.0390086352035333
tempus221_Pre	0.0741288451861789	0.124001820353084	-0.200849201983476	0.331479273972446	0.122627747066859	0.26034286150476	-0.00967861018487171	0.019918430719701	0.35204681933214	0.0799104615090513	-0.198129993618361	-0.105895170744939	0.0345009591113383	0.0667133602755302	0.32961974267693	-0.206826803762482	0.406254077768115	-0.328717213909925	-0.157841248277959	-0.0928545442724234	-0.13778060516837	-0.0717533959685172	0.149605878379746	0.294131731472669	0.257355966879826	0.297691379897793	0.322615256894395	0.45226991122382	0.0986029160913916	-0.0871044684956291	0.0290562145825474	-0.246584757383991	-0.0887141019184973	-0.173022261660063	-0.0163062610620057	0.0453873864746441	-0.0794847973076944	0.00632956513345512	0.0615015447963881	0.298626385175211	-0.015810905517157	-0.122394756772712	0.138340496083215	-0.198664452181211	-0.130707231006995	0.168520368105388	0.163075961952896	-0.0538074893431019	-0.195910253378126	0.253210537263224
tempus222_Post	-0.241497617885367	-0.230458042636544	-0.260827641262033	-0.328661695062662	-0.115165160628566	-0.319015842346561	-0.116366328295358	0.0995855530110205	-0.345865040814734	-0.0864886432377458	-0.24435351786159	-0.0445114134671914	-0.0936189591830968	-0.168601171610688	-0.0135022566920552	-0.157149475856797	0.18810796122906	0.387910048227775	0.215926840281673	-0.154248836546612	-0.00629379507119887	0.181666132994234	0.10314489990423	-0.00267126727578032	-0.205233698250093	0.109079967716095	-0.281851939762522	0.289984039917515	0.174374875007515	-0.177749184293855	-0.0993512660030456	0.287411996815998	0.184513382010403	0.0802880323370986	-0.116701266527382	-0.0947012320466474	-0.217597431198197	-0.0714310068983431	-0.248069057373605	-0.232168833718169	0.0388268934241729	0.238679548515714	-0.121467872669248	0.370637560120242	0.109073152883653	0.0469080804079445	-0.00372693478559771	0.0490974706883525	-0.00120930796728475	0.168184486430325
tempus223_Pre	-0.241548104182662	-0.153817534520183	-0.253428132065194	0.149269882471601	0.0215131470469256	-0.233312259054082	-0.246427154333106	-0.160455624241784	0.342409205473848	-0.213695301014843	-0.363131327255083	-0.368609618205257	-0.106365974746566	-0.220968125411731	-0.405228834519487	-0.140620459757824	-0.404761598043001	-0.564171148453529	-0.423089021284191	-0.0228898604849124	0.201499653014981	0.00483258913090831	-0.291989919799536	-0.190156716772203	-0.195403641646059	-0.254550739904919	0.293545286807017	-0.217131069542612	0.219946811339187	-0.000578018405669095	-0.0807692865840217	-0.291677168847239	-0.323377079780886	-0.505151727853434	-0.200025887218228	-0.237416672424011	-0.293148479197257	-0.221936036023934	-0.0955644970877598	0.00943298432671151	-0.187744509966436	-0.257139713470333	-0.125750921068085	-0.342103936739834	-0.302756217367378	0.0294396283993363	0.0355937626746103	-0.0599525184938527	0.0545653836332187	-0.383442203268648
tempus224_Post	-0.33950629812382	-0.0454572388220097	-0.241626867088564	0.21827133719098	0.0045033419165334	0.0694789553308914	-0.283749229797432	-0.298427069568176	-0.148033327569755	-0.292008889572998	-0.0934755349007076	-0.139206545634823	-0.0104328400796406	-0.0524458652049792	-0.0693921484763493	0.0430615410093801	-0.138423123705054	-0.48478425257914	-0.363285277677048	-0.0307578251708299	0.0627228855165663	0.144431343521009	-0.0220404860465439	-0.255741224928438	-0.265127535687498	-0.162202321704717	-0.121979522329153	-0.255675626416107	-0.347417561687777	-0.0197360022026353	-0.274573897741369	0.339419755717167	0.229155824651667	-0.268101612706583	-0.0245574112193241	-0.126287669177808	-0.332741090419029	-0.293179397930065	-0.0267065222946367	-0.177859739602519	-0.00780983817719547	0.232860269655734	-0.215825780760421	0.421801824778787	0.122663185541944	-0.285630457072342	0.0626834785894846	0.0635471824423001	0.0784908071649124	0.112766296367211
tempus225_Pre	0.0316528932139561	-0.108976008857846	-0.215013552622687	0.24420034771574	0.248619744559451	0.0267190980289349	-0.196883287338162	-0.0295080530837316	0.165554692291667	-0.0076643269193452	0.064931431259972	-0.138130511236938	0.144001088884453	0.217297964541648	-0.310762865343662	0.0387025219385483	-0.231014922797192	0.286583824183632	0.143591472980396	0.206026839085408	0.133637285583542	-0.0320805398059518	-0.104083574134537	0.0479798609209258	0.185888973112069	-0.226041004611577	0.217276541787293	-0.262328833811605	-0.0299878754102804	-0.155622776934555	-0.0438292243902032	-0.279087212073171	-0.380928201787445	-0.437485892892894	-0.168693872221029	-0.264499849691232	0.0448182169574536	0.0536960767608856	-0.223005221703677	0.116451576291514	-0.270560350710241	-0.00115701471407012	-0.117030362179207	-0.206014088821542	-0.239710834837477	-0.0129687830204207	-0.0569758231410039	-0.167599306239657	0.182058389571187	-0.278908443406947
tempus226_Pre	0.065466854950533	-0.192581389683591	-0.256220895373803	-0.0795994877996266	0.194159313242047	-0.260080959018735	0.00203717426652153	0.135404164678205	-0.238111285655531	-0.0718428154689538	0.172214664717262	-0.263108601298726	0.208668668643107	0.0969130647076511	-0.121925832017246	-0.239680002872469	-0.0756645591240354	0.439614292413842	0.161897367343934	-0.227384378303651	-0.0574337535781315	-0.00817383353452886	-0.186697537235321	-0.126190176239783	0.0762166356049806	-0.276632986958178	-0.285866504726984	-0.200453246361708	-0.41307598224907	-0.394504450708882	-0.0902656420123254	-0.288496129810769	-0.186504116127552	-0.177806058488148	-0.182649167684407	-0.0741799999820006	-0.0544473324535065	-0.185441896828555	-0.0187144534916871	-0.283570598969281	0.00153633440717765	-0.224087546286285	-0.0287333900390496	-0.0786085673286728	-0.186125873499809	-0.0478042919645885	0.0385944916857053	-0.188906222168558	-0.107737213371598	-0.0964245816887111
tempus227_Pre	-0.278681288267308	-0.289618035113462	-0.396337158773611	-0.0705581108394678	-0.233048531212425	-0.0599679081643212	-0.155358971046883	-0.287505180907402	-0.209193416704271	-0.137450686728131	-0.127968955599902	-0.248147258217086	-0.110502164692105	-0.197064776018582	-0.171598647408578	-0.0418987483081469	-0.330005060896719	0.187225919674673	-0.154712119814794	-0.0805050328509735	0.0495361669250355	-0.18958112222353	-0.171233749293776	-0.390214907310609	-0.259257610070463	-0.448420085559908	-0.222443146458938	-0.30581803263774	-0.450930216584883	-0.163348340715041	-0.166741471839016	-0.396979887994983	-0.252706332091363	-0.47960908850509	-0.369640269507593	-0.312857980441326	-0.282882564355694	-0.364052379642909	0.117359634050728	-0.201887976285837	-0.218636921349717	-0.156839128102729	-0.176386868820253	-0.277154780786133	-0.314960980652304	-0.170982814475442	-0.111634128757426	0.0594535153823128	0.027434671301604	0.0645071952333967
tempus228_Pre	-0.389008150960885	-0.286188881947147	-0.481249362036391	-0.028539108167965	0.222062339945388	-0.128339237293127	-0.259785501781132	-0.210748055147284	-0.284319866550076	-0.270447269737717	0.126727601528662	-0.218153906505861	-0.166088860977	-0.217063023467077	-0.215418037493299	0.00288077379690718	-0.248593670033104	-0.379158141762554	-0.428672311114105	-0.157912788471716	-0.140315421624636	-0.25711932665535	-0.278893615700979	-0.362677314274108	-0.22872016042264	-0.41113236830193	-0.346206243507509	-0.457888567519135	-0.441333915721273	-0.280040040345015	-0.311493115550055	-0.300337158378166	-0.253803999564523	-0.291496246652945	-0.237332526597174	-0.284404839084031	-0.129335686241524	-0.331130820983611	-0.0549985738822572	-0.118522321305582	-0.019396143529688	-0.213461693268861	-0.219409959992699	-0.298711777297158	-0.257581555630275	-0.296313830256152	0.0268011662483658	-0.273046568667382	0.107083095021238	-0.239785010075443
tempus229_Post	0.0836904221062992	-0.250723297893057	-0.311740792516919	-0.0950663808008994	-0.159085887089643	-0.204865878661582	0.177852147865154	0.387640138092378	0.282090820547911	-0.0813659289050492	-0.200171631333762	-0.206010658181683	-0.0679837156643801	-0.107906559755531	-0.199242164649579	-0.056653575367857	0.030928551866366	0.268091161165808	0.3565405662267	-0.0739547104314313	-0.0608813284732201	0.0334258708837316	0.0917167104860469	0.128579502350082	0.00842865041417648	0.179280895992873	0.413552316847118	0.463762772146913	0.51206190806887	-0.0296163075024219	0.147069144668663	-0.326262938134448	-0.270070176187409	0.095822446017333	-0.100261056394477	-0.0577339425617132	0.0212099120222836	0.0184082438561586	-0.132133230747927	-0.228355659189807	-0.250559393016047	-0.256196989554372	0.0445281392368901	-0.28410479623908	-0.13616121188087	0.479557783190677	0.202755904741395	0.0228831668095756	-0.103449567959672	0.0183480917132302
tempus230_Post	-0.0215978922785671	-0.144386046118274	-0.116193487225586	-0.189754830614938	-0.115335639700614	-0.15549527241309	0.106225971883765	-0.0912999988805513	-0.233604374427221	0.131907570630608	0.128167648125016	-0.0562255067696426	0.173386697181373	0.190351243784448	-0.112974196371623	-0.0900842111917189	0.275260721614876	0.701781876829396	0.483649019496289	-0.115995060308888	-0.21416533801929	-0.0307099301247085	0.0717939695821999	0.0428724713586063	0.0861553931529992	-0.294632009289188	-0.281675329371164	-0.291304044902033	-0.366828142399899	-0.145554334867212	-0.0432579124110185	0.351399027408473	0.207102331724178	0.0662076669674007	0.154053896928627	-0.149124321717461	0.124797957481349	-0.0476419577681973	-0.121693515704606	-0.129077714805112	0.149518177575634	0.267579096417239	0.0875999702266877	0.130194203621525	-0.0121724670999974	-0.261429878119551	-0.17374036631013	-0.0681373694107943	-0.0435350893849148	0.188630807781864
tempus231_Post	-0.139851437989789	0.188446797673881	-0.0308485784904765	0.0488018586135336	0.222054041279239	0.161340874020212	-0.238230365497383	-0.00253942617501568	0.160887288098737	-0.0252458471048443	0.270913590475427	0.077551851816926	-0.0776202808516947	-0.061115738789106	0.281484728340279	-0.0936596084082813	0.174084351620092	-0.343515069399791	-0.332588484328792	0.107292016512406	0.0139315378474797	0.135487724801343	0.0281211978081989	0.254101721003126	0.265985710462039	0.301871477521538	-0.0151651164155331	0.212079902648506	0.336423100621806	-0.169610276669585	0.0553781625816457	-0.154018774396389	-0.0357262289270237	0.218617668923932	0.26592668130691	0.224175172714815	0.0276523100089336	0.0654790308076634	-0.0731788461584193	0.231392664675332	0.0380358927272083	-0.0583002295931252	-0.0182424340631944	-0.108762187911978	0.110646643569343	-0.163059442289915	-0.018612042293541	-0.109746369487996	-0.0150707492655525	0.111469522023069
tempus232_Post	0.0926479902198782	0.10900676535079	0.454933482065581	-0.259924655792399	-0.491033358947332	0.0902208382707423	0.271448386648199	-0.0727262671810392	-0.115677015370988	0.103015379328728	-0.207289529097992	0.433564887367405	-0.293071375922811	-0.0451362481197361	0.306026794518849	-0.222752325297836	0.356932491933754	0.0891583254262416	0.231040531803038	-0.282648283743286	-0.124442886028765	-0.111467979533232	0.362405045237576	0.0744411796653291	-0.00683623183769491	0.364703203540778	0.140343827274174	0.306944948274445	0.0654805427266929	0.0503402446630036	0.269113640911515	0.540959384399031	0.640113106636713	0.626165648610228	0.265218260470565	0.377570394648333	-0.106865654001111	0.0685318231670973	-0.051462772893867	-0.0415413374764156	0.217930687970313	0.438645441498424	0.0476071095759119	0.583880556396042	0.496366610331918	0.347880294789691	0.145144826557566	0.287320249998963	0.0250850763629124	0.490806578201388
tempus232_Pre	0.103729662834065	-0.175180996884921	-0.0452541924395448	0.0891441835425276	-0.137100754612545	0.0815321163270593	0.0488549520968912	-0.198008040105495	0.252326163086685	-0.186913878555677	0.0565744850953372	0.0573596687490286	-0.35941216464759	-0.221331905619718	-0.0852519006835471	-0.121287727949214	-0.190190664686725	-0.21155977086038	-0.0407892207587227	-0.111917811584489	-0.126734904378451	-0.147906221639124	-0.172138673018718	-0.0842397006788644	-0.142626364942446	-0.237807671709828	0.155395712368004	-0.293772680412454	-0.27585608438947	-0.221848079392222	0.105377233265069	-0.283923223364017	-0.133604484985543	0.094300045087039	-0.193451980044438	-0.194909355137888	-0.068992386042159	-0.194541454950713	-0.0583788876098463	-0.196885801028929	-0.0244928010072415	-0.248680650285839	-0.145011011193174	0.0102350088038053	-0.11240065014598	0.310265941249348	0.191476655787627	-0.0484752960255991	-0.0322807770030069	0.312044118548739
tempus233_Post	-0.271298860571495	-0.230098842795355	-0.178627773558402	-0.232779887687755	0.0906116126303134	0.169287298676326	-0.256247231636626	-0.0747781819937974	-0.569774416605683	0.00032469413631489	-0.184125236815554	0.171960053267423	0.146308173744052	-0.019602051242679	0.0501251740831897	0.123800931342917	0.0067773306716099	-0.33466520722364	-0.264460843066502	0.0817090276262964	0.123620316168275	0.0212904474628202	-0.152527229329503	-0.383570953470608	0.0578225049003345	-0.337099032999087	-0.583796688904912	-0.450707549109956	-0.444246081431246	-0.0877588766157035	-0.245139781813143	-0.113684123325125	0.066752327559558	0.0817684990221578	-0.236553708998177	-0.207872201135333	-0.0497427270448289	-0.111606112444808	0.127792380798883	0.0825820870581766	0.118850707923096	-0.0237156450815137	-0.107806768527745	0.00104957600214814	0.0334564052392985	0.0304983329388369	-0.125932469029269	-0.0947489027542506	-0.0697287180186967	-0.292581884620359
tempus234_Pre	-0.172074028551488	-0.143634538726859	-0.272395872223481	0.168102709366123	0.284821480089967	0.113760279630045	-0.157044066967476	-0.178999688542399	-0.180667033815998	0.00452955082136608	0.0487119766702067	-0.279504722394628	0.18122541042993	0.0568399760453936	-0.284003360744561	0.265898396159555	-0.187472971351487	0.333530849383649	0.0332873268875305	-0.0794587908816168	-0.103275515358328	-0.00604962255811062	-0.289308868023696	-0.12329006207382	-0.276487231518804	-0.306503583620638	-0.202540878302826	-0.393342713079415	-0.290563685886528	0.0128532830861627	-0.1156796665283	-0.25377646939277	-0.253819737797381	-0.4346925841269	-0.261617055122097	-0.37711265892927	-0.158948426979643	-0.204589356619255	0.157893569667025	0.308961074745758	-0.0566187685393296	-0.246268370549553	-0.207534182018797	-0.209990270093692	-0.242462787912501	-0.30635969256288	-0.0451962169195359	-0.153505190713115	0.0999349174169976	-0.255157282196551
tempus235_Pre	0.085062494214372	0.129243039348393	-0.344045687387672	0.125231017566621	0.290954610160211	0.116100083449537	-0.279486387466649	-0.0688887683683138	0.288279985761813	-0.0208923772076932	-0.160998559399897	-0.387838220077733	0.298453475456839	0.194111641807921	-0.286949993414511	-0.140883186089921	-0.370405642843636	-0.399671078773829	-0.352518605542177	-0.0331310429871796	0.194325637334429	0.311864962237862	-0.19218477125362	-0.146220983937041	-0.12807048383715	-0.308339881750599	0.262775762107809	-0.410852759278232	-0.0180570268052159	0.294226479375961	-0.0723436839895986	-0.332271024027948	-0.426195634827675	-0.550411015511919	-0.16705632532953	-0.447825901957071	0.105956378426423	-0.17936505231329	0.0643646414994839	0.0807423522672559	-0.320200327931697	-0.0933579106771208	-0.0468757549088349	-0.208748868608253	-0.32575481780374	-0.343379834873023	-0.0928711680841453	-0.179457686698058	0.205095543902798	-0.264805694096007
tempus236_Post	0.0780351184290414	-0.118663705923649	-0.0599589149938938	-0.0168124871854477	0.170214768212129	-0.245123394439676	0.16131779923346	-0.00355639444956449	0.246658519539922	0.0695400506680853	0.0864448801504336	-0.0165173874783456	0.0596669520698817	0.103218238602955	0.200949383885699	0.0326314996291475	-0.113697328760682	0.484239254738402	0.348305035864228	0.0590647584662697	0.0217807258695129	0.0699516728211639	0.0118131807862593	-0.205275697795769	0.0805146336394328	-0.0684895296899965	0.397742547761122	0.0444924017775185	-0.113266678754347	-0.0880016240398397	0.0254514675148769	-0.106370330678377	0.125327499067647	-0.229027046395329	-0.000601509314058446	-0.0120190506717166	0.0963621071255041	0.157245176979192	0.0354882064959343	-0.0901513000285956	-0.164992494574173	-0.166622603287352	0.0635933695968571	0.0541175362794825	0.131416186729109	0.193117261301015	0.0612241738365672	0.0830559671826689	0.175399845359441	0.170924596382207
tempus237_Pre	-0.233800535460702	-0.270042596833138	-0.259219828418861	0.254911771639948	-0.0931580523857855	-0.174329777235647	-0.422384278204398	-0.117860523056348	0.173999197575606	-0.238367907566008	-0.261793909559994	-0.270545177427747	0.147101041100314	-0.00639360217513961	-0.0901561408701451	-0.0550260332187489	0.149552140139574	-0.357379418670781	-0.389670712641652	0.000519814614930142	0.0376679345788563	-0.172676805151095	-0.222133587288116	-0.108046298676878	0.033343041713342	-0.222446714012831	0.0857507387674852	-0.0301848130309534	-0.312857290118165	-0.144136882980622	-0.267862534405744	-0.320563028757497	-0.337780476009069	-0.439215329528642	-0.318986369635845	-0.451280760944877	-0.160138754933742	-0.256281424947657	0.0600131630189789	0.109464861310505	-0.167536609922992	-0.152789283850091	-0.202924121296025	-0.268994980457994	-0.29135387477871	-0.2277632987646	-0.0105917466083055	-0.0644578757241557	0.00711601382155103	0.0904035372692138
tempus238_Post	-0.270488491909536	-0.192982625438468	0.137990159207784	-0.00948452954772078	-0.237047205924927	0.00142344845381218	-0.324338675394298	0.159804371085434	-0.186693409855555	-0.133214919176334	0.0859325315885232	0.142148354412076	-0.188450704906829	-0.24427399181662	0.153468311261934	-0.247438748756008	0.324074465547157	-0.530846667531527	-0.417081847961958	-0.1027701965978	-0.328961581955312	-0.00988932737068535	0.0429038608382788	0.209298061897221	0.199056091226908	0.0320497720960353	-0.338024802654443	0.122994666545704	-0.319163895635255	-0.306606274369476	-0.203358894052823	0.146191434295101	0.216359606894555	0.30891045638709	0.0193614863136708	-0.129215786639998	-0.039214825829902	-0.223657629098885	-0.068623627020288	-0.234637494257127	0.100283912215352	0.198627941905488	-0.141450936345537	0.136533982783174	0.206393388392143	-0.233679502976198	-0.151950537264071	-0.0963283825590646	-0.190026746431205	0.0964762415580269
tempus239_Post	0.123289633596992	0.1386274288078	0.398711932720915	-0.313082965075455	0.0888879810765144	-0.0234458052134665	0.283452701474975	-0.0290154852282297	-0.432503292617616	0.0902902748454423	0.0947639118598362	0.25310690519767	0.259110819185292	0.274643605088618	0.0445940141762341	0.263165202800655	-0.349571713085265	0.351796609947743	0.311634304059361	-0.00356978791122145	0.282954531001874	-0.0708589944135237	0.230959663282529	-0.289411056945027	-0.124892488118371	-0.195408515411411	-0.418895138508877	-0.433643685381922	-0.313534792639623	0.105541595514034	0.188404855573563	0.519370468490203	0.434809622596075	0.241421032325546	0.210223124128608	0.342265771098067	0.296641604566397	0.195912461682594	-0.19923535113407	-0.00457285297726959	0.0551869098243532	0.432041366339809	0.224537527355309	0.516353233266052	0.372219304276985	0.205878553789274	-0.295005896202247	0.113452612103141	0.262735918284828	0.217621012157445
tempus240_Pre	-0.0365275379180099	-0.202417769047706	-0.420098554743373	0.00907381957600517	-0.232929303175022	-0.454305428360422	-0.135813154319157	0.111364793663772	0.370291426447702	-0.197959731423983	-0.344722798367865	-0.173673367606392	-0.0699567255525614	-0.0726155078698258	-0.227970694583026	-0.238070607295433	-0.0985578226503712	0.349839289029986	0.154357016625305	-0.1324104425413	-0.181906567008795	0.14517945677345	-0.181561925000268	0.0841383921531096	-0.265220216611061	-0.119235720275811	0.447192519222179	0.353192658783621	0.330242241129072	0.0721981913505694	-0.112025374647659	-0.242435155716988	-0.252621881117107	-0.203439478163468	-0.179368780448459	-0.306863870191916	-0.15452161118845	-0.0261792342604353	-0.0754382328918786	-0.0663469798644217	-0.216326253285869	-0.319785115956134	-0.241385049447459	-0.160917243169556	-0.0807210984297954	-0.0606299576863973	0.175879021041669	-0.128063729999098	0.0184077291329127	0.00729123430990306
tempus241_Pre	-0.27964498743125	-0.26802765811327	0.0857753786846842	0.0286291223627763	0.0149703606323049	-0.0701052782231162	-0.277730916536143	0.132712447687388	0.206432856980847	-0.255150687038414	0.230287721120168	0.082850815385516	0.124730238138372	-0.00678245782138379	0.270995667054035	-0.0555457079790858	0.0265749747883086	-0.519166528507012	-0.476010664955637	0.0469075856275918	-0.255348098522313	0.106037800760151	-0.361064820268669	0.0645288036942389	0.115686741439727	0.0320216797568635	0.00704951388424575	0.348736288651817	0.271077341973772	-0.237107396743669	-0.343352156262034	-0.107454373724251	0.0847605756550351	0.118950696684488	-0.13433152101659	0.0269801036467799	-0.14440191061235	-0.0229428028709638	0.0647203743854045	-0.508418124909208	-0.158603548410787	-0.322005119166243	-0.236721154226539	-0.216846717410606	0.0493154914644498	-0.336466679373675	0.0510687670453964	-0.26402782014044	0.0591156237838266	0.163581151664108
tempus242_Pre	0.338241875867184	0.0975907145273909	-0.180631277774916	0.202904148831042	0.255403422806132	0.0352143124518182	0.232936255043242	-0.0143946817341545	0.276180204296732	-0.132209195672706	0.312679597463973	-0.183677403110449	-0.170930318266673	-0.16678771180296	0.0119699766011633	0.0316571094502761	-0.0992757704257006	-0.12733031934662	0.18160598251151	0.151671758282656	0.0042252722748081	0.238080232533433	0.105244082000306	0.127490211179301	-0.0888054637047339	-0.0259647320129812	0.282619366238767	0.365399733770472	0.525586542170773	0.061911969488699	0.256769628021512	-0.320356594657512	-0.278357166291644	0.0336973083911781	-0.00295864635633278	0.0501367254973318	-0.114104917011862	-0.0103930691943699	0.0102659882618019	0.127016093584162	-0.0624081846992046	-0.191772786967993	0.0849858624386619	-0.392182645120199	-0.206879635900811	0.428718544788805	0.0350604600504243	0.0795825478717012	0.0220893812445467	-0.195939168743364
tempus243_Pre	-0.227164055130132	-0.159217410513124	0.188469283520935	0.0907419074984112	-0.240482568050104	-0.37818944049287	-0.0383486625064763	0.130074198751885	0.450421732775948	-0.120628945294229	-0.189687926091271	0.118327851733013	-0.139923096430091	0.167655799758153	-0.0241025731325916	-0.20547018186828	0.219655227779187	-0.36769110429213	-0.105366963772048	-0.202928335515298	0.0842693382687117	-0.195234606226479	0.0684731348281144	-0.00690748822574386	0.111166178766795	0.338073981642573	0.558491398301707	0.35807039632608	-0.04604323220836	-0.327617618117856	-0.00421011965439905	0.016229198434802	0.258434120348556	0.185581847003726	0.0979801797037882	0.128096281228363	-0.0644869815059556	-0.0178935448097942	-0.211141168831249	-0.276991234999993	-0.209187430073816	-0.0949274630888828	-0.0458754479263128	0.211145771637257	-0.0127149073513372	0.22903394307286	0.265310584580173	0.108603220301547	-0.102275316106548	-0.0700823016395569
tempus244_Post	-0.276555170506707	-0.0944708907595974	-0.0335271852009047	-0.197563348893896	0.106791949575451	-0.261706914747753	-0.283206028110504	-0.148918195916925	-0.453160675909645	-0.219513346488313	-0.0732302879101168	-0.23019304659374	0.000484072963032017	-0.0346017609338789	0.0559125155540084	0.172331426459005	-0.109010380189121	-0.274585195565474	-0.321357610503749	0.0382146895302438	-0.0510313587593977	0.223550853650051	-0.138366475256138	-0.253917962654107	-0.197338093243212	-0.281429337239062	-0.366998666121251	-0.43533415605152	-0.463725444153005	-0.104242316954139	-0.149745130557248	-0.324163025232509	-0.246130990549805	-0.300307423250524	-0.203051679219884	-0.461911382441809	-0.241558785122765	-0.233527578789432	-0.114597598276009	0.293267341287216	-0.0239335320911572	-0.216918942421188	-0.0833018176004676	0.035080007521478	-0.175946649066505	-0.0329119683732073	-0.0202585960078514	0.0391137252236596	0.00749525649709762	0.145569373693462
tempus245_Post	-0.207888851733886	-0.0517733989802387	0.173080768654924	0.329474797330519	-0.137045456513615	0.19181896515358	-0.0996341568768276	0.349523850024523	0.56459807488643	0.00574542058458308	-0.17260592509772	0.193499583893678	-0.0439349380115607	-0.0139208331347896	0.0381350190265464	-0.156743112746585	0.259309111121726	-0.473899044415738	-0.361688873620666	0.0489924597549621	0.116022808437573	0.142569215002133	0.0979477979575098	0.36686943948181	0.187047700250858	0.373587896238444	0.587082732881599	0.625261203695037	0.477646873074598	0.313382382171253	-0.125132214835415	0.35924205089421	0.350046819614712	0.352508678006314	0.103983651173591	0.145847302753473	0.00460412258152543	0.187802401002509	0.0614733786610923	0.2050659765135	0.0969542682915047	0.253858472465194	-0.186004655639333	0.15239206726912	0.305146764159349	-0.113089129844929	0.164320386862789	-0.159977494933291	-0.235851396105013	-0.018152882696074
tempus246_Post	0.324448176967527	0.0602169089442969	0.421457077629367	0.0585215415799212	-0.154584623151579	0.0664097102862894	0.18538395568276	0.00424665221609535	0.242702942010342	0.237422072978266	0.191417651647867	0.0232293266947641	-0.117739710280242	0.131164253703987	0.270022896427302	-0.0155689269857076	0.135161096460483	0.482613701335018	0.456460338585169	0.165751508009161	0.250300271274974	0.0246636382717054	0.30586711506174	0.0586714401510521	0.365173997488836	0.339876174131234	0.235235892079028	0.203204262810802	-0.0385416890456666	-0.0265923831242845	0.328620621952922	0.0635228447513234	-0.00772945436618376	-0.158211959738557	0.0659069885452058	0.0843959729666576	0.252675793052538	0.147994471993122	-0.150248042965015	-0.0412442233348347	-0.0986575635005533	0.224284081351982	0.305386979191838	-0.100315303644655	-0.0104211954003221	0.386056111347748	0.0663273286730549	0.187583610149707	0.227902792563855	0.08720038128624
tempus247_Post	0.268641788620057	0.202892443771032	0.296664969674299	-0.21981806771585	-0.0521580621399383	-0.0483505268086011	0.114237232310631	-0.0201248934747801	-0.272230004257089	0.223830692720681	0.110994906150813	0.311957939001846	0.0543488223662987	0.0835665235230297	0.110762452533495	0.0932828602178337	0.0533065714247432	-0.108214104160046	0.16134812988479	0.128643439902206	-0.00275084695020511	0.0733142087467544	0.0965962842793961	0.206510940131992	0.175156158521232	-0.0143086428681143	-0.367254757996924	-0.258790307168561	0.383443822368591	-0.104437766904949	0.286096283388022	0.0361088859682238	0.215586436657668	0.202006902535582	0.133442510428628	0.176381117311789	0.366381328317371	0.187106939655259	-0.0223914236856588	-0.0855843207070175	-0.131517066300761	0.0594650369159254	0.156318816571372	-0.0331359269005445	0.139197846436199	0.208920571610448	-0.138875347632889	0.0390803724476919	0.267824090491776	0.0279058792272592
tempus248_Post	-0.0473979915126505	-0.200066222670793	-0.0850542701016291	0.0282616472250918	0.332382690348169	-0.0560256948764783	0.249314387622955	0.145952670501772	0.371836248103184	0.0516101103663708	0.22042595199778	-0.0338786871943113	0.194891093277007	0.0718207483845988	0.00163189727722191	-0.0137492440691412	-0.0103223247411712	0.478974093899477	0.276439784046148	0.0750794725045924	-0.0207852812055037	0.205368174504333	-0.0620694717997756	0.30555903473762	-0.0949292056817022	0.191360473092503	0.399520538405191	0.434983029830636	0.471576097265073	0.338179311803801	0.149037532400246	-0.0829613610182641	-0.0691793594014772	-0.0684557478882301	0.0376520441120009	0.18663301850476	0.00359826490922269	0.199451400978838	0.084212880787263	0.476858489183117	-0.215918589402604	0.0368767370955942	0.0728505534539382	-0.17671692645009	-0.125262927945595	0.0273734447829021	-0.0992179337273652	-0.0636371360598381	-0.0891242824055061	0.2093508521679
tempus249_Post	-0.394906075833938	-0.312456943382794	-0.202626061003107	-0.384836104603593	-0.0861493732408401	-0.358926198445634	-0.313647342046803	-0.129766077998809	-0.497651833951201	-0.225051052820092	-0.248740837142303	-0.227320752241197	-0.292581629916235	-0.262063991555468	-0.305381785682683	-0.163756026638327	-0.0494308424546734	-0.417917638767017	-0.353913209552135	-0.112547035357383	-0.159890471003127	0.094953887666557	-0.107941840100859	-0.198182674138109	-0.366938808807599	-0.324325051847923	-0.548524690198504	-0.249300331349385	-0.373169803410201	-0.251460504179729	-0.230054952458898	0.0612100521702439	-0.0892922236533593	-0.200016755355895	-0.324294391080309	-0.332143720141626	-0.350501920051769	-0.227256574449216	-0.0725701210640971	-0.0534901365358149	-0.0782309177948918	-0.063313739736943	-0.179295828357466	0.149833879974819	-0.0783948225092364	0.206229461978906	-0.0926956972568529	-0.0524989160587178	0.0277754983246104	0.247647430758937
tempus250_Pre	-0.306592088224633	-0.215962437652155	-0.291847009675002	-0.0599612655801317	0.295258914116867	0.107800811990954	-0.110151033046472	0.000720359582991048	-0.22737404747024	-0.163276425431118	0.248107645093987	-0.317019518822242	0.0279521433375429	0.0975218153584703	-0.148011021767381	0.1221562760738	-0.311911438154167	0.232284219700722	-0.0763784617878875	-0.012269700218367	-0.142798911694182	-0.186862939175931	-0.257446125963313	-0.120052271295211	-0.0340137694619367	-0.297733520582127	-0.204294646046409	-0.35590083703048	-0.00444983873120972	-0.153038743697998	-0.0846202567830137	-0.272110224429821	-0.344637567680418	-0.459781446999191	-0.122471546432907	-0.245526381696525	-0.0728393806602921	-0.220800932020277	-0.121229407027725	-0.0414765615431364	0.300908567448308	-0.256831021731975	-0.210312013574202	-0.272632455958032	-0.286105905981462	-0.257866441909722	-0.128589378386314	-0.187573665236921	0.15456782291761	-0.362007765828725
tempus251_Post	-0.251657548989898	-0.283537799090792	-0.209714221191653	0.208771771237527	0.214668554619326	-0.208333103723011	-0.358105419081064	-0.30271467684827	0.152191613386128	-0.159446303952542	-0.0303846268593194	-0.299448764573982	0.11773765444905	0.0898069600780495	-0.239904390199699	0.349533294754616	-0.33042829345596	-0.370655496725417	-0.3570157824015	0.173579001828606	0.0506876497562365	-0.131800245405895	-0.193447261184249	-0.338768119301846	-0.268774887686264	-0.369963345553254	0.158507393577104	-0.286647357154635	-0.158350705338076	-0.154828807525181	-0.223037922021983	-0.361912920265748	-0.319711009270686	-0.478602669945233	-0.390457554210641	-0.400055123530111	-0.0728299894952153	-0.134365120858528	-0.0770350214374513	0.0950663227558422	-0.136820612944377	-0.0458737013469896	-0.19887046677854	-0.245470460746577	-0.24572808320895	-0.238256140823864	-0.0616136827225088	-0.00240891426427364	0.186398922846891	-0.0659054421949149
tempus252_Post	-0.0837713725804399	0.0192451918221206	-0.0390367937041556	0.0631521697471636	-0.109125605915458	-0.20076881485422	0.0330800856815437	0.252449534724849	0.440439321159805	-0.171580140124144	-0.163004867413829	0.0413707906227302	-0.347046641377181	-0.137966232982258	-0.162976310620141	-0.181907819924135	-0.0876448686946157	-0.0929177168938757	-0.0968223719498745	-0.102654095528117	-0.267965235794813	0.255203093146318	-0.230698537797821	0.0109593570057808	0.0565775905415673	0.213401325017902	0.500150081983678	0.299443112285361	0.298530434425893	-0.105501375645298	-0.233349508188147	-0.14354532282944	0.0386843324175237	0.207636859618943	0.183296814499723	-0.0027178371905619	0.107593641963582	0.11535313126809	-0.136850056188306	0.208528444192618	-0.0216804906892495	-0.303250379107446	-0.185502189054524	-0.188111395699094	-0.0177083257247447	-0.262900606577852	0.250221794561712	-0.0997298069794111	-0.0140524574965695	0.0788320709615228
tempus253_Pre	0.710055957711807	0.532866793312679	0.074252437603379	0.216500315745387	0.178500886955987	0.574982501764552	0.35548378819907	-0.193685609847443	-0.0550946015620693	0.384602916727809	0.170137897631917	-0.27826012893882	0.175137052618544	0.0752740227490649	0.424587291037254	0.124518927350476	0.194393970836542	-0.184848551197691	0.103507656726932	0.232343059483029	0.163793346257857	0.0567141408435067	0.202798144103936	0.293687742716123	0.280066302264473	0.285954055204138	-0.364281179820563	-0.00838775737062966	0.141970157629816	0.359988499093976	0.445363356590933	-0.1319992665034	-0.329889604267797	-0.446051932206311	0.123555311789662	0.144060389632908	0.280127886071954	0.248566689591833	0.219532662199541	0.327229037985593	0.403681264006061	0.186048628277921	0.355360724073083	-0.311329699506677	-0.32260739916795	0.241822571559448	-0.0850657246046709	0.336207713977063	0.0707443693023412	-0.104874414262562
tempus254_Pre	0.215215345951644	0.0488668823144842	-0.409264550234304	0.135094315565515	-0.0487451861615367	0.0892396437410497	-0.256531510342842	-0.126488037858843	-0.15733957711551	-0.0281668727290662	-0.0859729201667409	-0.36674416197863	0.298508474763979	0.0909628435015625	-0.257444541032548	-0.178991338915118	-0.00764300664130389	-0.231508200234312	-0.201061562578772	-0.0916545993250841	0.0181329447350242	-0.230075403932896	-0.139847360168904	-0.0095615341989552	-0.107645203409965	-0.300097210219184	-0.175036034396879	-0.260156875967493	-0.407397683572182	-0.170434570977166	-0.0850661985694032	-0.371764296042487	-0.353526649442892	-0.538430148506238	-0.240518522282903	-0.337620842569741	0.136135874961933	-0.145619944233823	-0.037854573495336	0.126343168094407	-0.148473115694146	-0.130667798694613	-0.116536876137217	-0.228974289621121	-0.213023496089262	-0.0928692966185603	-0.0321248339635039	0.00951185700072807	0.0656325385069634	-0.156594668262221
tempus255_Pre	-0.139658643692507	0.234629393378751	-0.023731144398065	-0.0939479037094928	0.151300340448568	-0.0479987616921027	-0.285386887306246	0.305692405504701	0.227351292962712	-0.0697987966225467	-0.0271273854942281	0.087697364966788	0.237759310808982	0.162331877423375	0.0282319548266425	-0.163311830240656	0.0748405843217934	0.0823690805797698	-0.114112471039927	-0.000895362269229982	0.0392200626532259	-0.0310634841333123	-0.0893080717510439	0.316833190371593	0.186011146377281	0.307594372284963	0.254756094630055	0.456307227381549	0.53224327048897	0.152906085007351	-0.112653558168906	-0.0719302504020675	-0.0305087390396156	0.292533283552776	0.323618900153093	-0.0179815834202223	-0.108612728520497	0.136701344422694	-0.137133948288054	0.241367721555243	-0.160514364202002	0.0296429181713678	-0.133945069504308	-0.0449224001086341	0.185549129919241	-0.286366090099107	-0.160381476824353	-0.284483191766963	-0.0791933543299672	-0.142885448023327
tempus256_Pre	-0.11212824715178	-0.308508695986666	-0.346275399766006	-0.133877626011107	0.00700467784456138	0.164889941465381	-0.0360923939374393	-0.387043852741962	-0.261543376877627	-0.11706458004726	0.264077671794607	-0.270171335897183	0.0502318061475963	-0.0460709714298794	-0.090071815422287	-0.157685273831214	-0.00542716913154773	0.352497970241761	0.219344904743461	-0.15343214927559	0.00861011508957227	-0.301205834247253	-0.076985523085498	-0.184713163214796	-0.123742568183262	-0.344639813930159	-0.450751236197875	-0.474757393523185	-0.595004378159969	-0.290165627064188	-0.0737340736528682	-0.299683008374008	-0.260026067080691	-0.5292316891792	-0.192198503983128	-0.389439968330541	0.152144659527631	-0.24415863000289	-0.108827527136562	-0.511523948910858	-0.0766932804968414	-0.29045729599973	-0.0924186246540359	-0.152698710771147	-0.213732424661981	0.0498670968481022	-0.00425956970347124	-0.0626984195596432	-0.16206691560758	0.0366965633892043
tempus257_Pre	-0.183315669506215	-0.00110473173850778	-0.0133740539814624	0.0140744658043086	-0.106156457166361	-0.208522831168161	-0.115552220767148	0.273244736996517	0.387994718785521	-0.129524863999151	-0.06802484895406	0.265693154370597	0.14710606864679	0.136427390683073	-0.0469679736099594	-0.0198420482709619	-0.265938777159527	-0.21602324920397	-0.11530879929268	-0.247233276351976	0.0500509986829946	0.163908211319652	0.0471665569465065	0.317306050232049	0.0107680612788439	0.256302045254334	0.487472409026004	0.533704001362459	0.563076843614309	0.0624568982925692	-0.264896400015177	0.460279502649672	0.367967748724116	0.427149193430815	0.213184875920099	0.395258866385212	-0.203876256128994	0.292133917330857	-0.321659057048824	0.0380945349123723	-0.0758940497542906	0.317714050279939	-0.0804122648331579	0.369180790780448	0.369370954927479	-0.0109912756395248	0.0318215852501967	-0.06837469149516	-0.0374821613319058	0.228085810121574
tempus258_Pre	0.233132642168508	0.0618376975186075	0.265283515758319	-0.0646311397662041	0.0120245086251716	0.042146401166235	-0.114258157689907	-0.363801825169095	-0.390225178694168	0.0482756907154199	0.0629132120774709	0.404361643278852	0.0503334972677271	-0.00787130272970554	-0.050083802997546	0.285166832202292	-0.253343451877044	0.078161160581987	-0.0106606832554988	-0.00430888423936068	0.0435671611731735	-0.212933238533195	-0.0555603222241714	-0.302046055214405	-0.107813187001845	-0.204292122921009	-0.42230446656327	-0.546833838852958	-0.467028559721223	-0.0569792242716521	0.0379358120692568	0.0211085612737721	0.160677303563925	-0.148923141096844	-0.132365618857823	-0.077449996439426	0.133897864014802	-0.0606772234380953	0.202559212879316	0.069069564600531	0.154425595304748	-0.083675768510295	0.0471942035078489	0.199563451020787	0.101474901249804	-0.139298920878695	-0.0600705494438687	0.166725685883654	0.224417264793757	-0.276732072734088
tempus259_Pre	0.279404504952107	0.133389187552939	-0.142785342054544	-0.264377874471745	0.289229324022842	0.233408181144019	0.191523503610162	-0.193729969820446	-0.412964822813472	0.214856086449402	0.0158656723038221	0.0496565593887976	0.271453821984951	0.123096698162855	0.0512425436058813	0.269268008580592	-0.192103617331206	0.29103360149197	0.188307441133343	0.0964225462366911	0.205495089332652	0.19320748425955	0.153270864449161	-0.210006548132192	-0.132454343878473	-0.203568447999847	-0.362432291754063	-0.298136635050019	-0.414204652627748	0.244930751810048	0.168119205477805	-0.0227858623683728	-0.0925754218464819	-0.0824013559989567	-0.0816165938285205	-0.0112124381615941	0.122172915092792	0.128410498712012	0.272511709915862	0.31103697530134	0.192995912710025	0.176565069886953	0.192041618947901	0.0463121955106466	-0.126818137313332	0.0863344244240183	-0.119110058036654	0.216567576080959	0.0824158839322178	0.295412475850913
tempus260_Post	-0.290475897959424	-0.278088943003192	-0.142594039271588	-0.0491973890484938	-0.229622330916882	0.028746747934798	-0.236924658519881	0.145129153846658	-0.0775192931652408	-0.133343851500172	-0.423598109821139	-0.0537923736135348	-0.377354073565922	-0.310348337890861	-0.0365972946231125	-0.183943797607751	0.426406749829635	-0.308537225902907	-0.283795519026147	-0.0459034670710661	-0.232704669156758	-0.0149052202109513	-0.0487749104144495	-0.0762188465834069	0.168711128401056	0.167154950884426	-0.0421843767103702	0.10415838214374	-0.4032374689104	-0.183521022588959	-0.257524576126471	-0.220848303773282	-0.134632133564847	0.299606290950292	-0.143296246460682	-0.403618615906561	-0.204243708767721	-0.0777280898074327	-0.120462990372707	0.0257027902513904	0.122042660726481	-0.211072285466482	-0.197706082808111	0.122722029923476	0.0623831048730959	-0.203752360940707	0.141612902413959	-0.162949493918528	-0.0965539593922814	0.0239535575732461
tempus261_Post	-0.421811061059129	-0.12810603410186	0.00432636499703892	-0.269159656695801	-0.280095058847499	-0.134810326608885	-0.176219298346762	-0.0773048483621158	-0.0839687881877983	-0.102233531178627	-0.00904480178289085	0.292516174275951	-0.0550261709674206	0.0451510647568894	0.0278996546963407	-0.0135498669850364	0.0523304925275234	-0.318756901128812	-0.297972829172846	-0.239997418735606	-0.13975606632944	-0.16554797137056	0.0882919804799645	-0.0539132558504132	0.0103602241439789	-0.116165348961787	-0.0497668750038365	-0.17012076025899	-0.255918685932985	-0.190043078059623	-0.154542282967323	0.501279896198617	0.466889443701357	0.384913824255658	0.206132336515871	0.116037430022672	-0.161560548141904	-0.0870083124200032	-0.207371748018443	-0.168174901000081	-0.0212195522065652	0.382206991569536	-0.135345854032181	0.493538364608598	0.291348247351936	-0.172168361303577	-0.116801423567776	-0.0493419488078901	-0.0243079231350026	0.0253255850448268
tempus262_Post	-0.399506594692833	-0.303225903415487	-0.285134611180702	-0.283438605518465	-0.206769071422857	-0.451349452669382	-0.223501682399036	0.0546532909031926	-0.0601574675953913	-0.321255966539435	0.111690395356708	-0.168844411696294	-0.169900070764802	-0.0936514305105481	-0.347667163597455	-0.282242878178108	-0.279076817976271	-0.429654755753187	-0.382276021316796	-0.297482293978952	-0.173702456111432	0.0335320260991164	-0.195671766366258	-0.278634789552976	-0.121142829238154	-0.298777990140691	-0.0870630604043497	-0.398284269422985	-0.333853886829511	-0.259173836600264	-0.27502873581633	-0.216788599731654	-0.188343217732253	-0.142972670824019	-0.161335216809538	-0.255295447695821	-0.271819172413806	-0.0844303688702097	-0.257632728389585	-0.183893129054932	0.457708145225717	-0.23055609290991	-0.236093910275948	-0.248477969123241	-0.260325934506836	-0.326576143642905	0.0608100077247379	-0.208243322191211	0.115474758771886	0.0274791403378055
tempus263_Post	0.0211326443013779	-0.0760242140140741	0.404466894500688	-0.258766659335754	-0.078834279021574	-0.154573299961077	0.275330463791438	-0.17514541537723	-0.204216049196274	0.040387440026109	0.212320109237838	-0.04838411019019	-0.320191184899239	-0.177086537542547	-0.0428237398408072	-0.117896059621323	-0.177232366986667	0.568704615673639	0.402060962990719	-0.104614231141356	0.117912034412161	-0.0251989483317379	0.256126186766246	-0.374735372717269	-0.014341930632559	-0.11431045802526	-0.202858240649961	-0.443361071577619	-0.179665611128037	0.24645458486664	0.283731395680882	0.447932350045064	0.362125569793623	0.076404130375237	0.020400486861516	0.0994874268869253	0.0770443246858725	0.0959675485757498	0.0591283586016899	-0.0848033990240575	0.013727427096382	0.319738775439694	0.140692948183926	0.439810667517258	0.340954743959839	0.11348738289129	-0.0799377418701756	0.122343805309075	0.178651377302986	0.213311561610462
tempus264_Post	0.153478661076622	0.0818942358076887	-0.215545925291722	0.0294393064844852	0.0128633528140553	0.313642031125475	0.0894532515094574	0.2114373119453	0.319348179517099	-0.0163004893934261	0.213099038881578	-0.12042526605557	0.0423654443845569	0.0683310761857018	-0.0919494090155925	-0.00123449728531597	-0.417940167562203	0.263679033934376	0.151473498221316	0.121206319233286	-0.000827523283732312	0.139670430340224	-0.0678621381181816	-0.0515232592122647	-0.0113147809666441	0.0433203652626761	0.388715084044871	0.145878270999682	0.304004789675199	0.266577297369019	0.0691732139655145	0.0715486423210991	-0.219179343609536	-0.215267238499205	0.130402787724376	-0.0761039103724684	0.104020374974824	-0.0319625903480269	-0.115121377851218	-0.14556933197251	-0.131191411282456	0.0503900366278902	-0.125768442843896	-0.158091629418344	-0.10359761705954	-0.0636548817000245	0.00428619696024821	-0.153526227572547	-0.00457565857701728	-0.10060711124606
tempus265_Pre	0.285560006299876	0.30995000176627	-0.0886967095904425	-0.264879900666868	-0.250956813587791	-0.347244859689947	0.310547928853326	-0.163215493946955	-0.408267187651242	-0.0647565118414681	-0.225418729917874	-0.20007398003115	-0.212539136511079	-0.290430703585175	-0.132312307387748	-0.188708538239241	-0.0276709140313359	0.284595065751263	0.30856870172886	-0.0686753451338651	0.0462273639127061	-0.141574336812058	0.180858477053168	-0.205722948837564	0.167606909990416	0.0535372858142226	-0.397601132899359	-0.329365787195971	-0.275667224257106	-0.299488221441421	0.231596863927128	-0.003887217535159	-0.134004202524594	-0.0784757295911247	0.133539969231016	0.0360681372468785	0.184366968567688	0.0454834172318368	-0.224713303341106	-0.267817089682936	0.0912971932544852	-0.133339201538558	0.0728452591152274	-0.061632315991323	-0.0364163887060619	-0.063844496317943	0.024461899418227	-0.0333533719043896	0.20156151049341	0.255146669217427
tempus266_Post	-0.451269604212661	-0.295535383120149	-0.334999215679219	-0.0733837795407547	-0.231654936924433	-0.0343537538963148	-0.374372245849341	-0.0145606556380931	0.117603046962723	-0.237321636106972	-0.13413593591659	-0.226536381461927	0.0993602578826697	-0.0947924777383755	-0.212268901996005	-0.319100205731874	0.146421363222721	0.192836163527795	-0.147396578149821	-0.333244574693278	-0.0874981910621391	-0.321898638437598	0.0197022220647131	-0.0359136418002934	-0.198625029833697	-0.251409699642977	0.146896730368632	0.175452533732455	0.0764046958754208	-0.280255312532368	-0.339284444432898	-0.204160295889985	-0.195008482718666	-0.200118686989255	-0.140393355229793	-0.398478421643602	-0.337165392203501	-0.279877226602005	-0.0075499590939328	-0.351811274583565	-0.00999911314961285	-0.208858299519643	-0.284066299893925	-0.0572839436208992	-0.175511639420735	-0.263373901862801	0.122646944386736	-0.170592509445131	-0.0569309338976894	0.0816339722610085
tempus267_Post	0.135736888732019	-0.171376105248592	-0.187513366066063	-0.262558015515037	-0.200990731297195	0.141686678575372	0.0322424122652888	0.218366345231372	-0.196798538642878	0.0335751122638489	-0.165235747701775	-0.025646144627376	0.239896018650563	0.133770874371809	0.0724461366014472	-0.0736151229349827	-0.114413926605192	0.653344656553957	0.433262150449002	-0.197054386459591	-0.198388198891291	-0.167834970306649	-0.0984628609048078	0.150424287208205	-0.0381930465559332	-0.24482202819137	-0.164933782553527	-0.0455002690092912	0.0420902874060373	-0.250246022220154	-0.100001037683718	-0.254572665154764	-0.193354822572189	-0.250727383983418	-0.183085717888942	-0.419818876273408	-0.0114066423307116	0.0794001503355937	-0.0187950128402522	-0.38229569525652	-0.155045721077295	-0.213012318372625	-0.0757996850395069	-0.0330556159685811	-0.113690604302478	-0.0917335950319352	0.00399881479233022	-0.172717876537008	0.201641901068	0.0515155496466495
tempus268_Post	-0.0784636978505328	-0.208033235744719	-0.23336413734807	-0.300227692960392	0.180179666380092	-0.178864910246467	-0.153867268787078	-0.346254414781841	-0.549960887308789	-0.191650250156753	0.133590403587335	-0.351626658482816	0.354772746684156	0.233658162131725	-0.21593364693056	0.144606129850029	-0.137809516849913	-0.196736701634399	-0.213440433297954	0.0538712394729568	0.163363389074256	-0.0225677185612378	-0.190964642796057	-0.358614871445864	-0.148092712749505	-0.432667601413557	-0.602289759300023	-0.546729644042828	-0.439375544767244	-0.114664285417453	-0.0614975793357123	-0.291158060776964	-0.318668314342213	-0.543554264412957	-0.261087722412293	-0.317453707980871	-0.0566339392348574	-0.315666267233454	0.0907387738318887	0.0331896185362834	-0.262245226802764	-0.131433536004531	-0.130677839117848	-0.0635407087843628	-0.254354259656654	0.0173146405561543	-0.12092692994194	-0.0836057071632636	0.221470586003269	0.041596799463662
tempus268_Pre	0.0657225946010091	-0.0481305500871989	-0.161989059699749	-0.0944862764596738	0.0223601065141243	-0.0636341062499183	0.190361827588537	-0.408853349512243	-0.467364702845409	-0.023047889828717	-0.184320423656762	-0.200784784520465	0.016974021734389	-0.0963621590567165	0.0783522564178494	-0.069478444534724	0.182918376457982	0.117095786621748	0.165106878049949	-0.121069300893707	-0.0161837842677382	0.0698679671029614	0.0731353012822181	-0.270696229396991	-0.156626519095994	-0.22909051152136	-0.482014435922393	-0.405134835287355	-0.496220919354216	-0.248871113752421	0.156933628335776	-0.129561517466816	-0.00966309702445327	-0.429704246717646	-0.258244029844535	-0.173171818955315	-0.147536628466245	-0.298422461411478	0.232027573459963	-0.210741035044887	-0.0265626960257415	-0.189637967862761	0.123835672481448	0.0296337253226299	-0.207467068308231	0.311499841670215	-0.0515194885530568	0.195727294539173	-0.0236934561143939	0.023200170659673
tempus269_Post	-0.15878050969516	-0.116800389216346	-0.0661624791138683	0.125980969491851	0.146269630392522	0.269640365000585	-0.223097985710426	0.10992064778645	-0.0644719686819749	0.155971710224417	0.352463519179322	-0.026711529479315	0.472455812720375	0.325307572284653	-0.207318115555419	0.209627747279116	0.00284122587797131	-0.278872530300347	-0.347891638628943	0.192444525151959	-0.0242491848799742	-0.019556072146168	-0.0500208243144526	-0.279075131459143	-0.12291484145925	-0.300799504852279	-0.0248847636361965	-0.147340926659383	-0.337137682139254	0.205047989363398	-0.0639495972602906	-0.271050943431996	-0.162235374722881	-0.0637769225049742	-0.160671732591851	0.160561058860508	-0.0987473641458411	-0.0217028685464282	0.0755841321658962	0.262508117749009	-0.0527497456884269	0.138793328890155	-0.0348819625248523	-0.11848600653777	-0.18462489212053	-0.336156275567094	-0.221212027747378	0.0260468445499583	0.00960355415626529	-0.0343230825900523
tempus270_Post	-0.125073718615234	0.223046340978378	-0.0628287886396811	-0.100035771140195	0.0806055978697388	0.365462300979654	-0.253137750260238	-0.168043175011296	-0.164503249866284	-0.0157787460201419	-0.0394815482408158	-0.35876168827208	-0.173646313583507	-0.0814442651678324	0.0126274950496289	0.361709156416913	-0.187961675251726	-0.634857417908515	-0.539012524415188	0.107163962109805	-0.0351055821210384	0.0681609400564962	-0.255569129091034	-0.12065052562353	-0.203847762024502	-0.0267364591047427	-0.100013759963507	-0.165098318960002	-0.0511305067912581	0.28522016686843	-0.196420833450437	-0.265679401485889	-0.334747460546536	-0.321955939443857	0.122784930698741	-0.338743349196096	-0.0232308721679119	-0.0808823043419598	0.0257161561107911	0.317386494467524	-0.19513246749474	-0.186326102300733	-0.218569127865015	-0.249037186574914	-0.209090719231073	-0.386253552541089	0.110084116585218	-0.0126463243307893	-0.0209076633689769	-0.217996382241704
tempus270_Pre	0.302163219432962	-0.0893122482840656	-0.350588662336725	0.0102306233365441	0.350669719356978	0.152417050655287	0.0272005068040544	-0.331694183112042	-0.320117269103757	-0.0577189632178738	-0.0835803556866023	-0.453020430297725	-0.0719211437524857	-0.174595087492784	-0.163371025530705	-0.123480289259595	-0.325949919618934	0.202455631223369	0.217857811722225	0.0340706143236618	0.0924772809895235	-0.062706552890656	-0.132218855097647	-0.192830455489358	-0.0875274733270966	-0.474274950148069	-0.379141865331894	-0.442809855181036	-0.440539374675073	-0.151866757168845	0.0312678823011301	-0.222924297211098	-0.404561409571205	-0.598726088735797	-0.331702264829776	-0.31704237329284	0.0971162817227526	-0.256867857325162	0.00362150180433038	-0.372531193132262	-0.222675782447942	-0.211449467614657	0.0370347503575835	-0.132923054907342	-0.340629385114408	-0.0292307580994836	-0.128481221568422	0.0406688974311411	-0.0618596760683188	-0.126735777729816
tempus271_Pre	0.14785638266769	-0.0254680735206291	-0.181898332328865	-0.135278243440568	0.104725428415693	-0.102227587703964	0.109713908974316	0.147921286361425	0.2710909845458	0.00852095431999533	-0.126849571868898	-0.133126316925756	0.267425538808136	0.206780256280396	-0.194476061365053	0.43106308575789	-0.175671299726163	-0.384972514242197	-0.318770403203963	-0.0212502393968682	-0.17440983550164	0.0730965418039896	-0.0728198941275637	0.237647475739117	-0.011235228775691	0.136269457924499	0.346325733349588	0.413097035071706	0.509631081523178	0.324511373028464	0.136739629919217	-0.0812724898995888	0.0806952990576378	0.15512004973601	0.0331983121048893	0.173831530117342	0.0839681631663291	0.213261302344075	0.0658553021368937	0.146476300966326	-0.221683234378782	-0.00383764576202034	-0.0679201523890957	-0.307077132852618	-0.20126620310043	-0.237436456978783	-0.00307408455037622	-0.0856137035126456	0.0236447369561206	-0.317752432201247
tempus272_Post	0.292278076626456	0.186387328807526	0.372620976244574	-0.102833074667769	0.125846939395455	-0.16982724818864	0.221451679988995	-0.28707478668733	-0.262799444030423	0.0805374873072666	0.108620643877048	0.132293118822971	0.312186688689024	0.28441013849935	0.212472671987945	0.18982949209138	-0.107391313636888	-0.120831266752115	0.00903387259815117	0.119156816954938	0.115322132487965	0.25832831047146	0.217796782386459	0.274342667191172	-0.138715590912894	0.221535332177581	-0.23274413676538	-0.0732840091911474	0.199273646143577	0.283549824597009	0.231260925836808	0.423610746506651	0.324602112670641	0.0137844113371058	0.14177706330082	0.0791998459215164	0.238652177039585	0.148107143851856	-0.046434488263734	0.375572845598606	-0.073869020976221	0.430611957848364	0.225136790017086	0.320469421481633	0.143694285985722	0.29746303566067	-0.125328905694342	0.252600197682627	0.0141324258930627	0.338289865011327
tempus273_Post	0.0966543667117422	0.194711436571546	0.0665841707298212	-0.114244950000978	-0.141411821419599	0.268670631316826	-0.0505665804690015	0.151728271381332	-0.114292183759385	-0.217774487666384	0.104553992123755	0.00706401607827542	-0.172096239360476	-0.145077354998339	0.0276168908857529	0.20293776844032	0.121107884180797	0.259561647268156	0.148861346317951	0.134983044357505	0.0422719106424001	0.305146218137361	-0.149323050998801	0.00749101843680638	0.151111920596805	0.107539013285154	-0.246771740699154	-0.0137768649107464	-0.0612486580420096	-0.0674959488399277	-0.0187703636809203	-0.0555347161465932	-0.223822349292182	-0.105156170829175	0.0535418705554862	-0.118512030064136	0.148360494454638	0.115406749118361	0.00329185225240652	-0.127748974099203	-0.0607079001231627	-0.198761422632615	-0.123700838788873	-0.238886163828728	-0.225030717242671	-0.242023512354188	-0.00957471185027245	-0.18815071075968	0.23082072229217	0.112943414190802
tempus274_Pre	0.356951260679182	0.291342383114058	0.336295535212158	0.125421558294226	0.0536810615029363	0.2646890736297	0.166755919067371	-0.0065991741138203	0.316481755102205	0.124034815343391	0.206387276741173	0.341053049046857	-0.0415554164179238	0.0410994961165622	0.332158826344182	0.0677682200170593	-0.220259016777442	-0.466694171669833	-0.221211630065988	0.175073489591112	0.0820660616595393	0.353278241326336	-0.0772572256125042	0.0335592409423061	0.101252377313321	0.32211632652712	0.335568092851131	0.397124484550562	0.495204311124502	0.108329711416385	0.105685024392215	0.0489643850084755	0.164471327761087	0.222216504306485	0.201603354072779	0.282663761929907	-0.0235005040795781	0.131037255956461	-0.0245873010864002	0.118569236389094	-0.0768540298124454	-0.135013579967104	0.21650866899571	-0.0797823481333719	0.0509941520953401	0.144009380589959	0.036184293206889	0.00737241609119904	0.12325371377394	-0.0403709832785298
tempus275_Post	-0.230653513941052	-0.127346720899771	-0.186318780301019	-0.119046497810917	-0.336141345229013	-0.0766990993236098	-0.149062675916148	0.136975892299442	-0.161010847631009	-0.0108837839479394	-0.41141046742071	-0.108039778430236	0.138388137596244	0.0727362701393611	-0.05244103408672	-0.183253900099239	0.350053260540194	0.515842920158878	0.295266128395287	-0.118853206483913	-0.239606937315879	-0.198278449792731	0.112081315043116	0.221796878457268	0.218399216307092	0.2500045391538	-0.0308351346623436	0.324421601525672	0.0336465848404461	-0.214472431848928	-0.0626805368572476	-0.22018297490678	-0.0825239683525804	0.208156664669548	0.00723296178583276	-0.063342111127595	-0.184086251176492	0.00491797146502854	-0.201649256156863	-0.270180191394086	0.0334505324751627	-0.238420459683032	-0.0810969000584308	-0.140465298361113	-0.103259974269839	0.188999105141434	0.0724868358262061	-0.199098092596836	-0.172871867282998	-0.00231811286047953
tempus276_Post	-0.348252799893502	-0.192527899122031	-0.332630761178823	-0.0763510729859066	0.0194360748709037	-0.0318743969226489	-0.371476802161237	-0.0716345754641762	-0.0674004824563287	-0.0858831279826906	-0.222751078264257	-0.295384571515996	-0.0876642844315334	-0.14840324958496	-0.428396308240841	0.151057651455849	-0.355490259302222	0.117968596356713	-0.241275645883256	0.114625475194573	-0.172036682725762	0.176926385165501	-0.225885388204219	-0.266201913998615	-0.0916530413863499	-0.314446311266852	0.0515419784621171	-0.250104332018321	-0.050625812868164	0.162875863148705	-0.312866424301612	-0.286713428742318	-0.322033534492841	-0.356734331803353	-0.180424549079107	-0.352960766190828	-0.14460590076271	0.0236022938946854	-0.150189173801091	0.211422124369363	-0.0639641065550241	0.0658317970649266	-0.229237352841761	-0.252808959613199	-0.195155221256315	-0.34978406797917	0.0125753753150372	-0.09565852131371	0.0377077204772919	0.225627432847453
tempus276_Pre	0.278278146227939	0.120943986946326	0.127883009651319	-0.0859722549053184	0.235550057544108	0.0469774102638848	-0.197825327983458	-0.305944111699081	-0.476598854733447	0.109027539744216	-0.0687313340263211	0.0354175391703871	0.357839438116234	0.262624401213239	0.179160691740829	0.156667962582975	-0.154489572625084	-0.311240729115744	-0.215832448622066	0.0989900110165132	0.0944582302450734	0.107274961045423	-0.0268147456047418	-0.219521358530415	-0.117778976291917	-0.351234920010876	-0.511004169351993	-0.503583194400887	-0.458562021577802	-0.0518011724551576	-0.0200643201110179	-0.141633091826505	-0.0710541587370959	-0.335136032591798	-0.295936645720793	-0.154805287806721	0.0388241971381098	-0.0401438791895317	0.278507096765583	0.0277825665687317	0.0131279050935092	-0.0157467246829682	0.101535281731221	0.138816344083414	0.103670877411887	-0.144942576607912	-0.0309703899964841	0.126861330483756	0.147185991731942	0.26398883864305
tempus277_Pre	-0.202002610614297	0.0551599907442073	0.375947396745365	-0.223118351536655	0.0611409257341901	0.00563078858250643	0.104586438491528	-0.183775393061983	-0.383803989477353	-0.163154223489243	-0.0296601890801864	0.279420672707663	-0.131893946706726	-0.0827422545752737	-0.0696112614872015	0.00218421235006114	-0.334361265376735	-0.347594843262972	-0.255066493566036	-0.170485504206807	-0.0856910010330618	0.0674953380874456	0.0707287563888281	-0.355169083047682	-0.207460942817258	-0.185413299853518	-0.435458727638308	-0.425274462454275	-0.513261760228869	-0.282081966398917	-0.018611011383375	0.522765803565817	0.433206998838972	0.172955761365445	-0.000742242525519604	0.232210399004738	-0.0961935460189684	-0.057699465342342	-0.111311310662109	-0.372786225681762	0.10201133865548	0.285481763325523	0.0904195037552754	0.541062510494875	0.229478829408509	0.00598956330250935	-0.180948809336092	0.0954496920704248	0.187645330424805	0.381566969723168
tempus278_Post	0.32032629089484	0.224960671854815	-0.106682386011025	-0.0359475424215955	0.206415940305655	0.232223420310418	0.43010335266635	0.183310457641902	0.127581188113806	0.0330821727868771	0.168613658216615	0.0435333181635845	-0.287326110714279	-0.173672831580133	0.0263457919999215	0.166446139850352	-0.0827268953079892	0.0759880941352366	0.310453186341027	0.232304823282297	0.0819276646065148	0.239513711694141	0.160089060376542	0.15420167863262	0.0871432251057553	0.406834618607837	0.298348569526463	0.262637495559285	0.375083973119993	0.460372391415963	0.36803899358453	0.127629138926435	-0.0866918719550793	0.0473901614942393	0.236312516179102	0.384460308179251	0.179455843228891	0.293791745091103	0.0292684329894334	0.245892495115463	0.0209519379606047	0.113180631521335	0.125653157195944	-0.0464256391141883	-0.0580879494568541	0.387300707886382	0.120524459003737	0.220864175431016	0.211951042600397	0.0235988327407419
tempus279_Pre	0.226620582367595	-0.107506563315204	-0.057758916141746	-0.0669328521936823	0.266717953146299	0.146881099695417	0.0666898122584187	-0.207210104058731	-0.306483117885179	-0.0354590748500069	0.431974527800127	-0.14636247209225	0.0352262563524048	-0.108278788069025	-0.121041045023536	0.312765916790503	-0.452809445884201	-0.543482555352785	-0.418649003573768	0.285523197796262	0.163951950156485	0.195388667156848	-0.229872672064093	-0.29501287381215	-0.248220510222011	-0.392923340817262	-0.409291438961268	-0.443891569860275	-0.150550162968028	0.126192488867319	-0.0805612762501566	-0.175838049878835	-0.177076229825965	-0.437626385560081	-0.115766654913287	-0.140184458525668	0.146236803974012	-0.220521215420332	0.127362960988024	0.281991439579735	-0.112047605991692	-0.0190416844007026	-0.0940439058450894	-0.10629254918009	-0.0423152056996	-0.187065866556267	-0.254033818717772	0.125640914862426	0.222684616364155	-0.29394055101584
tempus280_Pre	-0.259544320595025	-0.235443506611467	-0.395593105895777	0.362237707001322	-0.168130976708026	-0.109290318434097	-0.326636027926075	-0.18687629678611	0.371782822669745	-0.125068529380593	-0.27303124000018	-0.243807103568608	0.0459759750029246	-0.00622256131702027	-0.0707134259286201	-0.122092183134039	0.0421133136550336	0.0294705065869792	-0.188959646584692	-0.210286709203554	-0.106724073070499	-0.213520777498699	-0.237069879286331	-0.182510761196852	-0.257245548112914	-0.3283546214939	0.370253400327488	-0.147227677872677	-0.361709996020841	-0.151522335688144	-0.232908615210154	-0.367986506766797	-0.252076255800767	-0.500212346360919	-0.316190845913051	-0.508358583780494	-0.29565154639317	-0.331711411941485	0.224303382720121	-0.0494026447241553	-0.223195900446348	-0.202731674037446	-0.216548642981131	-0.244846258765726	-0.309686374081851	-0.207260065052554	0.231491414621006	-0.0425681143373249	-0.0911638934161266	0.113177883596917
tempus281_Post	-0.235617480036655	-0.243297174055104	-0.222154918121359	0.108669656913839	-0.187473506708413	0.0292993207930834	0.0393155013246654	-0.0783127755564317	0.0570208106642539	-0.0837733661740448	0.223817934063575	-0.0747063571566734	-0.197359705662854	-0.260310474112372	-0.208073186687234	0.196732577707348	0.0461056249413464	0.312941433680299	0.0812214081711955	-0.00426624161945613	-0.162831882015347	-0.202140438493461	-0.0896265426909965	-0.0894458202548882	-0.313666634018223	-0.25090610564413	-0.0527641533066859	-0.0157010045528334	-0.0601925430233465	0.0217610063217071	-0.0951585435467363	-0.211881720617295	-0.306193904575107	0.0795319697333552	-0.233949022007729	-0.130163130003823	-0.163317367740449	-0.103171486324237	0.0379863697086078	0.0721779392647211	-0.107521629225359	0.000987848444772121	-0.105818207278853	-0.0701856443427454	-0.190600352744696	-0.123733717302666	-0.00181216059966474	-0.0644158615430823	0.0297044634292535	0.190340390561714
tempus282_Pre	0.390557805555813	0.188195282179699	0.395443519604118	-0.13282866702761	-0.225645819403439	0.197775320109093	0.343323943359941	-0.0175410535190997	-0.268556721286294	-0.0307986876908699	0.148811448145446	0.320382775714936	-0.189260184075274	-0.085576750920086	0.150496977760702	0.0303356934258181	0.0773009714825422	0.442820564400304	0.456674817943619	-0.107096486952662	-0.00442400337432691	-0.0187803067892464	0.266542431287033	0.104822272129356	0.030412048118547	0.239036895074997	-0.322970409752703	0.163777973683889	0.199193175453234	0.0854922383184529	0.307001055877742	0.455084823428819	0.400005631987735	0.571090847365441	0.212185286427837	0.463409947456436	0.10080535960653	0.102855376523338	-0.156960375967988	-0.215985167725252	0.0928858294272421	0.290013529234493	0.101318539840306	0.382656919374081	0.120350676575574	0.128536874678714	-0.0413953834656495	0.136613101010977	-0.00931658303173552	0.327338362728949
tempus283_Post	0.343287794349428	0.106606111273131	0.0243332460159375	-0.265239610604818	-0.172552328546239	-0.368688882959038	0.406005088738085	0.194712016587504	0.16370968474555	0.131029188990729	-0.208857243198055	0.142232805961738	-0.0156635670719102	-0.01336061106417	-0.18333752249989	-0.17194156929446	0.0698836351898376	0.509374309776716	0.405524504633777	-0.151215106694488	-0.185526137181369	0.253026965395466	0.323765450876172	0.314267547743245	0.0732964549758276	0.359997804798638	0.268566047930578	0.51319736933567	0.579420826493452	0.168545982303515	0.326965826513065	0.30716128131993	0.147917217308533	0.389609187860494	0.236224131739167	0.466132559761792	-0.0288285182259202	0.303598956530311	-0.0955565753065703	0.338852611218655	-0.0543115363546764	0.157608937545423	0.203133399685782	-0.05791137456313	-0.0165444164108847	0.389003255602782	0.215580060289008	0.0828193047207116	0.0428872252646179	0.303576503008382
tempus284_Post	0.14992883423566	0.064710758574763	0.366191898399215	-0.190643179308064	-0.0172069063184407	0.0932306957244595	0.304322533639278	0.13393040247415	-0.217468555519175	0.170233425941826	0.422303896955551	0.316536207807358	-0.192771360526785	-0.127690739050471	0.31511974348415	0.0336617575763231	0.382316498303488	0.718385592098773	0.512226875715618	-0.15099360293367	-0.0108448215374251	-0.200172775126491	0.369727830855233	0.151163185002932	0.25096537710319	0.286821825043548	-0.26850470789888	0.301191712722663	0.264512781052518	-0.177058965382006	0.189065219206953	0.464123859182276	0.378826977250916	0.405541776477189	0.245427333301549	0.217669939721277	0.177358769114677	0.261787675665585	-0.15595152381471	-0.086100221002991	0.152658301908885	0.376540412225966	0.130895862459602	0.296792144784684	0.326173291434508	0.14301094862159	-0.0586508104055246	-0.0436237421158973	-0.120227719014217	0.187067308058369
tempus285_Post	0.168546920971573	0.125541203856255	0.343200753426031	0.194730670673545	0.0481251390137679	0.0537724684039614	0.112822152156705	0.118534608743153	0.311569618126547	0.16128607961963	0.316408107657743	0.00428457524634641	0.202444342936869	0.255990369651095	0.0765723585777356	0.141711813008927	0.0895651499615428	-0.434357992421047	-0.0632809364677179	0.256669852320583	0.255366294611927	0.083027778502105	0.178094564634812	-0.231751892310918	0.157269751211174	0.119645481549005	0.290279558130946	0.0295785417981748	0.0275787680600755	0.274724772885137	0.274387218976993	-0.123813686117548	-0.144382011083192	0.000815161781029985	0.0928600115369381	0.256392957256109	0.156433867567301	0.0254831051586666	0.0923337247857683	0.305689568039669	-0.0539560426165612	0.17905507511396	0.296308804309405	-0.105104237746381	-0.0339781035868824	0.330122826044831	0.0906135756803521	0.192635583068066	0.146920521790993	0.0362973702477785
tempus285_Pre	0.0011074395890234	-0.0160299565635133	0.180356134631153	0.147491477838691	0.0457899393571579	0.0463867741645695	-0.25315102752192	-0.102252169205358	-0.0771149959341179	0.070328521586407	0.221399864110565	-0.151548808738411	-0.0390746102860925	0.0678894142871072	0.222258176105736	-0.150667811357027	0.368464051827273	-0.351905579807911	-0.156308516361853	0.0584157608740116	0.021565643169951	-0.0381113326585791	0.110196226823663	-0.0422486320079012	0.0454667761318715	0.0899827581161662	-0.138844953177362	-0.0293065406540602	-0.262877596138427	-0.0065609937913213	0.163982499684628	-0.206897894686641	-0.112505881032521	-0.200489889325835	-0.135956535521641	-0.122041676225749	0.0137887448753966	-0.117267453374221	0.168082404966095	0.286696972802154	0.0345869408835056	0.0262416482744528	0.109681459538224	-0.103193501339049	-0.0574642949717566	0.183414828323082	0.134354175920647	0.196116330854999	0.0812872433072822	0.0788735510404172
tempus286_Pre	-0.148181408215978	-0.228474494026223	-0.0578038447228032	0.159791761876668	0.223287147988808	0.044701735060798	-0.316971937092106	0.0434477882447754	0.297719525162827	-0.0205976562193259	0.201654887002423	-0.264185038297224	-0.185327916958572	-0.108824036032127	0.0635533090450086	-0.0347807112065115	-0.123000376612755	-0.244086940435018	-0.332029882366207	-0.181058536552707	0.0483544137976434	-0.221292114781804	-0.192848936689389	-0.248243419436075	-0.22996012127737	-0.17791118865471	0.387187928074844	-0.132059608284999	-0.392021166154391	-0.220208816615308	-0.206612158238618	-0.285576469885722	-0.118323527732757	-0.267803907897649	-0.0212133406951056	-0.00968854457072468	-0.0940828524353714	-0.222704820059749	-0.116216639582735	-0.264763222897621	-0.0498592408951141	-0.12489048233213	-0.0349451418445569	-0.175538992791886	-0.0367885899493744	-0.259613896394376	0.181526890169297	-0.155966652900419	-0.114034701383488	-0.0380344410389019
tempus287_Post	0.310765765206756	0.299867758765649	0.38365755251948	-0.112467235001195	0.399724286961761	0.249480125834919	0.158743784035343	0.117069971685913	-0.246958049792109	0.228962941372665	0.323165122681699	0.0599320055559572	0.310480369211146	0.276837288529823	0.0705314218691365	0.310911979262417	-0.0600085961366119	-0.0803405070157514	0.00425307478367715	0.28378491979994	0.220864102825256	0.376865218840962	0.223622713880511	-0.0833056645106404	0.223248541016284	0.0251516924035443	-0.360745955096789	0.0350338213205302	0.0801362667399071	0.303904171696878	0.124001994625937	0.400259047940589	0.298803877353881	0.155666392941315	0.29243128336257	0.436796315419332	0.182845238404105	0.211089682369218	-0.021356089566773	0.298795960297267	0.042782175627004	0.409140162247393	0.0111242477214178	0.142016613670203	0.221282568526876	-0.0660346628379127	-0.340136096542738	0.0641932416310733	0.0887822778142611	0.0729354559050529
tempus288_Pre	0.409811110705485	0.195036940672858	0.239110495014834	0.204969070889879	-0.0416754937496873	0.0936904568711077	0.194876233181367	0.177849543186466	0.180268861675528	0.247077974876714	-0.0565400442914929	0.11732588300319	0.376499764229703	0.290585239436175	0.136027898797563	0.0898280393751766	-0.126544975495544	0.432721215462278	0.371459330994885	0.201279554672384	0.189774581548714	-0.247699444527763	0.101930798863778	0.227053346652733	0.0784294839337972	0.280381464763493	0.30454696281913	0.363020758076265	0.487924926702746	0.31854152561126	0.221824392229269	-0.240680582456217	-0.264471371340717	-0.174779820371201	-0.00100216916636264	0.31338636001911	0.0800723860715082	0.133442398566734	0.158211289349506	-0.0822408030936845	-0.248317203980751	0.0916879027871421	0.277090408704456	-0.268596999217412	-0.14997484882885	0.223542215592051	0.235463897292778	0.162549797675167	-0.0110913110708002	-0.0396479867777091
tempus289_Post	0.295156524944683	0.278057131709439	0.197344102745154	0.210335677146068	-0.155320529618532	-0.164059135500692	0.153618193729225	0.439848240186228	0.571659857185124	0.0841800697864645	-0.153546014820945	0.232756454562941	0.263470501616999	0.246524326651955	-0.0417662411864185	0.017241748912405	0.131294748944853	-0.056281509852224	0.0542661881012334	0.0116793955015157	-0.210270980139447	0.105945575462734	0.0167104307233064	0.431901140503152	0.111944475759396	0.509977745275904	0.666066465127577	0.684426797019648	0.726815456586298	0.408419943038699	0.293985236197127	-0.0245908115933321	0.0306476245952722	0.489469236503641	0.309970223651434	0.142304524107928	0.0281137006314779	0.248902957960363	0.0748690182234091	0.257806494771517	-0.237860273584921	0.0342448085782973	0.114464625864561	-0.294207821573753	0.126095811421184	0.11480654535773	0.140167054164979	0.0396993238361966	-0.0367383334844245	0.27777420412251
tempus290_Post	-0.168092977317352	-0.29949395839047	-0.175786262772339	0.147993045477865	0.176886640490533	0.190729400371522	-0.204458564881128	-0.0717718414427397	0.184209154141056	-0.270328023833229	0.222056366206825	-0.290524577823666	-0.354824358752681	-0.29827827592921	-0.0978419237278538	-0.0543772408521259	-0.347973822958603	-0.607153829505608	-0.480795717471362	-0.0178440387641789	0.0631749650216222	-0.066492089327643	-0.228766052529663	-0.273034924425461	-0.00226638671637222	-0.343040307245352	0.217993830049824	-0.333438486723862	-0.0475853833391963	-0.0917622253634865	-0.211484660319329	-0.211626773652114	-0.217207489111607	-0.45089757462027	-0.170225900238712	-0.252571652605441	0.0255038634871518	-0.301391303196661	0.0113068906764969	-0.184710400884558	-0.188143491957053	-0.226770441365866	-0.133570992291442	-0.314226205729778	-0.280816179041358	-0.175750307549395	0.110721297042631	-0.0617208668539264	-0.0333619434486542	-0.28296909833699
tempus291_Pre	-0.0917495077208449	0.0224237276436339	0.152014260295622	0.0984450671235516	-0.216264177478201	0.215081188462033	0.11056460298963	-0.197818930661423	-0.174205537560542	0.0315411618466194	0.262273547743877	-0.0220410009319823	0.142517726503842	-0.0174488166595346	0.0307243572309231	0.00612486316722094	0.107533847726512	0.166647750072931	-0.0288065302132738	-0.00645839744642024	0.0441250391169207	-0.291973241491002	-0.0251231580612367	-0.0323360412950725	0.074690761747031	-0.0890198115234887	-0.397091753830941	0.0422092961367842	0.000756098175937525	-0.0142816184046122	-0.0746878807281944	0.0390125270504676	0.071380596023199	-0.123057441424705	0.114488924817624	-0.06775624557453	-0.0110967016265847	0.0163345478729356	-0.0488021325158659	-0.261091950149206	-0.00584184487639244	0.0801660306401205	-0.108274304835065	0.0548120757169285	-0.00426554976371028	-0.101278394531884	-0.235552744669644	-0.00157809655247435	-0.0594355206260127	0.0630317765874673
tempus292_Post	-0.201391265699228	-0.104352151526249	-0.0838180895800656	0.070847526006323	-0.0641481113407902	-0.228858195389351	-0.0281491638353282	0.171684486323106	0.123878965857113	-0.0265826732479034	0.0428834394482757	0.165117146262493	-0.298356175427313	-0.0799340449893366	-0.071464506287075	-0.0837865530105325	0.116334624933472	-0.0496203808933559	0.103650715639589	0.0334390516131951	-0.22156898864155	-0.011039718832822	0.159150114603356	0.0247633667710351	-0.0578367925184043	0.00788095224812214	0.262371170764992	0.180968896030428	0.0703316505400493	-0.207990980962782	-0.0300150552762231	0.0171348693828787	0.277511916341253	0.500138631735856	-0.0596465922756652	-0.155004797348091	-0.165818030084205	0.22653398655047	-0.065673300650428	0.0785231835393952	0.0168257686009793	-0.0811127644925672	0.0420847835245487	0.0731504275422935	0.176372487984888	0.297549287263553	0.287515067221521	0.172950984164501	-0.0818222296673831	0.305703889619359
tempus293_Pre	-0.340068822784935	-0.0561886875919309	-0.10250973174517	0.232579461820838	0.285498121834941	-0.0715853515525294	-0.25884083344496	0.14905592286516	0.418887719931277	0.0113261345128606	0.189811676580749	-0.301725968191946	0.19356154446608	0.0785951243072475	-0.0861664769791941	-0.00628245804932698	-0.132481767484076	-0.488954433234635	-0.465230980063143	-0.0206942986936156	-0.181402459420415	-0.158478315485319	-0.17999227695554	-0.0954341093642022	0.0213519259978724	-0.012456115780668	0.425388187824472	0.245528091382738	0.129646196167567	-0.00747003077461381	-0.228440569518364	-0.349824737926905	-0.17224458151418	-0.257106251713129	-0.0633208905874918	-0.178011796375542	0.0123885177275224	-0.128946546965916	0.00372817901332154	0.302159311716492	-0.175565794690341	-0.109146821026262	-0.08595718848835	-0.273560563444283	-0.218006698800408	-0.323587585167578	0.187774240393691	-0.19200167765201	-0.161189446465286	-0.169547897446944
tempus294_Post	-0.294489040821992	-0.115843171166123	-0.174717005964301	0.159804975135203	-0.357438642010884	-0.153859802230907	-0.111130209629908	-0.0893664080696303	0.332518438008273	-0.106241951230664	-0.158260885400827	-0.0300222242382818	-0.432142394927847	-0.32628690389228	0.248203154123382	-0.13634993379791	0.322406193733484	-0.266905528929841	-0.205181514168835	-0.122405319091127	-0.231187574525578	-0.0418720402912969	0.103667788931493	0.149583303469927	-0.102488981568986	0.209548714344661	0.34551297571285	0.405879175946945	-0.121227938028202	0.000608612807750417	-0.0546442423145862	0.151878863777627	0.176960827498948	0.294536560844911	-0.0743777023089188	-0.245698525655945	-0.0734044524662606	-0.0831183150096479	0.0361435523050123	0.158158904160992	-0.00401341440699629	0.0637294332858948	-0.0751333409380974	0.127596603449519	0.13987361376355	0.0266700384462819	0.229353737672197	0.121599130239091	-0.175772913010574	0.132738498814704
tempus294_Pre	0.119942005741519	-0.17555540751497	-0.492835399687031	-0.144804232135699	0.0766794823334958	-0.14116637231835	-0.19716994628453	-0.240504994361242	-0.27854095834134	-0.141023639172821	-0.376982654021401	-0.362207963395406	0.250350618025679	0.140728923345177	-0.152760056228088	0.0461567708933421	-0.410826780428729	-0.0242533883029626	-0.176337011796977	-0.218515505226966	-0.14368897802638	0.0513434288634069	-0.2429070866816	-0.190464977232163	-0.420047863922545	-0.46786661397727	-0.220124381511165	-0.328431419427238	-0.341762150262789	-0.259349361345342	-0.193305706624689	-0.30874655456295	-0.398169812603384	-0.449938185722164	-0.353818744360476	-0.480977187435164	-0.0509397390663409	-0.155722055115671	-0.0684795225145842	-0.191292026582139	-0.22091574447381	-0.315724230379013	-0.189670302600336	-0.268227106794131	-0.364556571793352	-0.143110636212182	-0.0366575794873082	-0.0992051204778358	-0.0434888705268636	0.0194901934084756
tempus295_Post	0.270805144688155	0.293557981388376	0.506471953522542	-0.115029882514628	-0.282347987336405	0.160833008340697	0.359375685179417	0.134241921678224	-0.208670702872298	0.188091557049549	0.0747389049192999	0.388752130874068	-0.248068835341057	0.0413765060234893	0.183386556709544	0.0399761841866255	0.178072781827476	0.260442473413563	0.287925534465612	0.112809267678577	-0.0263246490989185	-0.159303603558495	0.340227184548012	-0.0164550968778552	0.135640304175905	0.406998891649072	-0.0981600697884459	0.336294145023937	0.111051664318007	0.152919138605069	0.292127593096997	0.547541628621167	0.499670224648965	0.464122057523022	0.441678778051354	0.421196485190882	0.222708393885623	0.235324334740865	-0.0750696019905253	-0.0759230977780721	0.17777144053495	0.466874356749306	0.226506638059677	0.460199169220415	0.351681460224932	0.136954810979983	-0.0538161484377296	0.194947203406751	-0.0340592280169299	0.0931132741153432
tempus296_Post	0.0289530672809276	0.155219603584358	0.31818791736129	0.0852179345220697	-0.123772426169454	-0.301366065970675	0.147643678566535	0.0659791711201773	0.373389883494125	0.0733299528020983	-0.206350280300577	0.272027939007876	-0.264049157090918	0.00737526505246625	0.12722917277579	-0.0530323855036205	0.361661840095098	-0.340848081817416	-0.0521183240512633	0.0927527725777153	-0.0218475169436119	-0.0323796921046819	0.198487402365623	0.392137953701747	0.303222651798623	0.463245214620932	0.419694550839464	0.542458103118044	0.641717152711737	0.360001382958782	0.248445020914339	-0.108808005258215	0.144266044023509	0.437482022392473	0.304007052825435	0.285515333940998	0.25415257305827	0.137657355725687	-0.129216434683495	0.431844323326838	-0.171082037054615	0.139184746905871	0.122555946887586	-0.197205128655281	0.0148408868877073	0.326632621000974	0.0129445806660519	0.0809854282419401	0.159026847846425	-0.155533455902606
tempus296_Pre	-0.101913647009025	-0.14053399756392	0.268668335876112	0.214659737402242	0.181977362848952	0.103487395063533	-0.216817230444313	-0.0687805182948873	0.137349741637049	-0.0385929567390723	0.238328348911736	0.0536066912709569	0.353964046978907	0.269586690891676	0.150488928856205	-0.0768610618791985	0.292417555406893	-0.0710932480215267	-0.11257649960718	-0.0156755297361239	0.0941669061579019	-0.203116187592804	-0.0946048054404058	0.0964312535290641	0.200850099928937	0.14262370215215	0.183426497288945	-0.104596248448244	-0.0414095611393817	-0.221750624291375	-0.230730727884348	-0.145612831048771	-0.169359959866283	-0.16075982208018	-0.0687206029911773	0.0326957520642346	0.138086891108819	-0.0405303908825347	-0.198684666032763	0.0280742710288194	-0.0362179952665323	-0.104516499329321	-0.0406342514084638	-0.102536187179651	-0.046941981689035	-0.143791279751983	-0.104264414177351	-0.182378647958085	0.0560974953387844	-0.136019952243138
tempus297_Post	-0.24772214215494	-0.0561711472376498	0.331667082610869	-0.250514119732181	0.0570567924666275	-0.171850068825227	0.0472205951405048	-0.189731304399175	-0.315290129624621	-0.0725261502980993	-0.176319321034785	0.197547562035432	-0.417414549052996	-0.311402799489802	0.0366105145268891	-0.0477934532805414	-0.0239413402334638	-0.204789175265613	0.101574331728915	-0.176054088641174	-0.0378106014652911	-0.110109549096741	0.17606356612228	-0.26390195259204	-0.235530900565144	-0.211708326884105	-0.240650352981575	-0.432705953982316	-0.510065295811334	-0.09104871259822	0.121174940097709	0.466106497962379	0.360804132271825	0.10055788656851	0.0162793837660825	0.113468587725317	-0.229616928949703	-0.178540528538479	-0.134826736125382	-0.131828639965883	-0.0681777075900234	0.297325715401224	0.0395161953489825	0.4993609997973	0.241730791334537	0.345226763304984	-0.0754807515621223	0.161643483891663	0.0662399269702106	-0.0409432949636819
tempus298_Pre	-0.164586272324098	-0.284302910283126	-0.561104541488096	-0.0189042069794369	0.12030481777716	-0.324610984170427	-0.222926156258094	-0.368288325910417	-0.380681572421935	-0.317263305104012	-0.357342012379681	-0.474722206976456	0.024829466003984	-0.195137936478018	-0.382845914695489	-0.0859008645119891	-0.463681385155286	0.55903459436223	0.3294627989533	-0.233297370894993	-0.133292844214746	-0.163238302281608	-0.220470151268551	-0.388896725247933	-0.392817303352002	-0.580738994423533	-0.439050089246885	-0.602462071333947	-0.568697412767805	-0.356878952477423	-0.0739246707723131	-0.331555109702256	-0.436313743343065	-0.630387552411168	-0.457428687817067	-0.49523679074929	-0.218582095645424	-0.398589647034606	-0.01503488176725	-0.500015915212536	-0.267945819371743	-0.358760995339262	-0.162398889679746	-0.301915662680778	-0.468730967665107	-0.147674979523358	-0.112835314019897	-0.232858148432607	0.0749695273272386	-0.331414926665986
tempus299_Post	-0.205813047618724	-0.35146454762577	-0.020569431931185	0.286156283580689	-0.315615054421123	0.0670669278111924	0.0725961942239632	-0.0727496748052518	0.389168593735755	0.0346630933560201	-0.32532353908777	-0.255032329501536	-0.201720871152131	-0.135318460213109	0.190806161546197	-0.194636672073079	0.383831416997289	0.357455635221974	0.307855588324378	0.036264907292287	-0.0197337932753328	0.0613193181654497	0.114331457161316	-0.0786264898716108	0.19910430984923	0.127177993505664	0.439942946882253	0.312151041561541	-0.212010216261047	-0.10567457892848	0.117077481895502	-0.306863415470919	-0.260364291397879	-0.227212119570548	-0.269353265117845	-0.361165762918605	-0.144227477025869	-0.152792884072498	0.166556618486828	0.207907138724531	-0.0249537187255598	-0.164501476773283	-0.0310896555615679	-0.137090150914439	-0.167128622904889	0.277987252423573	0.259840739499046	0.079966373838143	-0.0714589521161566	-0.0633405462447413
tempus300_Post	0.32913829669529	0.166089555653985	0.066524121308347	-0.0667751761834498	0.0731793062684261	0.343453663739979	0.332169542314012	0.0537699690012847	-0.212632258001618	0.216003008965224	0.387086695496468	-0.172882541275516	0.347775433447764	0.270745915152879	0.248741005703045	-0.160139830872008	0.322898433208872	0.438041423015848	0.34064519651753	0.00686860880158136	0.0658489020328937	0.0134698735539835	0.252375839063606	0.237771629500275	0.22688679237762	0.0310864842863929	-0.39923844002637	0.0442882141455591	0.125755739529429	-0.0539602087986006	0.253287660977501	-0.0159237030213584	-0.135084507142681	0.137377682107137	0.134652631501674	0.273060955491435	0.23706409355888	0.130471883233372	0.126877170537922	-0.263364371067	0.0657462090555179	0.0417016196194958	0.2699339263431	-0.278929112986652	-0.134018414956554	0.0870507421832674	-0.114408022321485	-0.0196795226040826	-0.131500995281952	0.266757616999846
tempus301_Post	0.277919054872702	0.254618896331554	0.4452873559839	0.261750287439985	-0.0570592493816367	0.013817797658023	0.147752875507577	0.2737087507048	0.404907899814329	0.169436255516425	0.214645108427992	0.334889460733661	-0.233942665278258	-0.203658588193904	0.194100989781637	-0.00907021789959189	0.281624375856441	-0.418367489779755	-0.14851628648906	0.0786409406875328	0.0132959129713965	-0.0348731711073261	0.0702307948767637	0.481597808166222	0.206967251306194	0.508921631859091	0.410632641764158	0.672462919539183	0.642301450107959	-0.218598970947286	0.235350077455077	-0.0243585389033346	0.292789905758854	0.555434230008881	0.231071420685053	0.370389559994539	0.0889585258903555	0.229585719405682	-0.104134507384004	-0.109759686199105	0.0457454118549525	-0.0268546062364515	0.274313413923077	-0.196744315712941	0.231933864497276	0.270818986400414	0.257042961686362	0.111075218201811	-0.0706967771456332	0.134656550434459
tempus302_Post	-0.236155398554444	0.0192508200794392	0.23371488403758	-0.201011086696815	-0.203387688979182	-0.132768072246121	-0.00522058338226239	-0.323198608789475	-0.441310687384131	0.0313333213305538	-0.0677834172892137	0.113446472980383	-0.331795014360197	-0.211120884486379	0.128511907744972	0.0178620306546528	0.00116476659557985	-0.349159292518341	-0.0974143294051566	-0.0972584624797821	0.055725338091169	-0.00285629101216076	0.240952497520695	-0.297770145559468	-0.257422800412308	-0.202023594136826	-0.505684290268698	-0.406358924259857	-0.430420118484228	-0.0878291634291744	0.12813263199964	0.46972226569425	0.374995453659073	0.0882848097373204	0.067427715824604	0.0307605533340052	-0.0977854248263224	-0.214159929987717	0.0416782985632883	-0.229400006885369	0.0225665306001297	0.436456265879962	0.0430891687859843	0.510092975345703	0.3149749131778	0.208394601141237	-0.095426572481987	0.312438075651938	0.110178351328981	0.322565303881591
tempus303_Post	-0.206015834161853	-0.12532244192623	-0.159608112581053	-0.143529789075121	0.21761664878255	0.0731416767529801	-0.122417238747322	-0.271543889351165	-0.458246994236646	0.0189155382083829	-0.0457808903816941	-0.243711388095727	0.191139700141426	0.0360168125688036	0.0840462142026541	0.0242815213032808	0.0783191049794752	-0.157866032355463	-0.18372606388019	0.027900647109869	-0.0479648082356832	-0.25539275587652	0.0434738259518354	-0.209203395938114	-0.0626408981065141	-0.276952318568025	-0.428946859096218	-0.46886035625108	-0.49016084336733	-0.134726961430014	-0.0915409301394436	-0.0841302568449112	-0.143604209576365	-0.420536230337141	-0.280245646452862	-0.144145587983759	0.0759887816566224	-0.25949932340687	0.0990866838823029	-0.0211009944285006	0.106324540071008	0.109126170521823	-0.014204237500352	-0.0402077683159544	0.00101074389578848	-0.0996093110394195	-0.169314865829013	-0.0393484153939396	-0.0572783920885748	-0.0383070974940153
tempus304_Post	0.244947090879027	0.246485198868768	0.37555251418711	0.264288986707639	0.185355434010463	0.253640335520462	0.0648097810395236	-0.049075344480108	0.363077964972549	0.176393116613787	0.256009292021985	0.202758799446891	0.292539161331298	0.299784216533564	0.140104036388584	0.572251153517223	-0.00945594971910393	-0.429867072853356	-0.314559025079321	0.422063285666014	0.242980011790067	0.201053934595781	-0.0163032236055364	0.0443592522337224	0.053059893221855	0.230181752105488	0.39046041726779	0.0934556929559922	0.242596861846875	0.432164563873693	0.0678130875063207	-0.0150623957674105	0.142468746750897	0.205076706367884	0.0610139657718539	-0.00503487922955687	0.32270880307905	0.251087016658823	0.175253052785367	0.477591926159542	-0.0648064344637558	0.199828934357031	0.0838206920031623	-0.0326421684959681	0.101382344044618	-0.30108197153576	-0.0262866275946252	-0.0103125437000564	0.0542632358954882	-0.144970297748415
tempus305_Post	0.0797220469056363	0.122592717250875	0.293477328716866	-0.0293047742271713	-0.0450202971711367	0.0260758674015122	0.186686315669612	0.0738098084302259	0.403738428780175	0.0258059144288208	0.209138899889645	0.391381202375428	-0.303010660578217	-0.208234218035331	0.182491370427128	-0.0497303299563809	0.132569154899504	-0.19293356462577	0.0597714141039507	-0.203562365556274	-0.00356003184638271	0.0654788603459103	0.245935986991656	0.292333359684837	0.128274927796635	0.367410376588907	0.39019628754536	0.596565559678799	0.623964565150931	0.197588293047763	0.108945622944473	0.501397469611291	0.518343760624186	0.510483219199426	0.343507827432453	0.511077683214078	-0.103778582379249	0.154881022419478	-0.173837191333409	0.171813800506993	0.0722308734255932	0.359899455982135	0.257308971765401	0.369561728724247	0.339448065788353	0.143627760934089	0.135585352056191	0.0309580236787509	-0.0999417355325122	0.281441729194696
tempus306_Post	-0.2801808534189	-0.0868465309341134	-0.140726726094656	0.392226639867474	-0.31102847708432	-0.107096225339007	-0.159471225169447	0.161472849131521	0.539031485895837	-0.101582887313691	-0.320941448558837	-0.172083771897708	-0.105691290283702	0.0556645174508448	0.191150780022511	-0.309309073057589	0.373254662796237	-0.497212286083014	-0.395730215017667	-0.183258491063806	-0.0395368453894119	-0.0520506479224258	0.0584110804047021	0.285435438727664	0.0997068551488017	0.311953117279639	0.63533933707451	0.540199793087376	0.254959717736437	0.143119049795723	-0.209460954439493	0.191567777910911	0.18223793824535	0.0758409877301082	0.119041466593232	-0.252337720959342	-0.178764194250552	-0.0264036376100869	0.208823489194429	-0.0859761908498942	0.0125463655515727	0.214086472978608	-0.170451144704265	0.0579878934541952	0.0136060491062578	-0.269143379132495	0.236376360960482	-0.0784046057504819	-0.258403974963153	0.24845226884883
tempus306_Pre	-0.354036980304082	-0.123941362563686	0.0476206961137222	0.0319399619567772	0.346610102389518	-0.239243924490692	-0.424839250242822	-0.101346602183842	0.102360952566062	-0.0470329320940018	0.189808960980317	-0.0488126699794072	0.392416645973024	0.316035575835027	-0.0833311213649947	0.119122714212118	-0.282016852830952	-0.682354791039272	-0.524708407083414	0.169900756099202	0.220071320590316	-0.242161037674257	-0.218399515054586	-0.341531323225076	-0.0122470114602194	-0.316330598003524	0.217614066688345	-0.248173669910511	0.0946035867394401	-0.116623574055493	-0.270501815311987	-0.0761469491400646	0.0984604945778707	-0.297947060553154	-0.0953659956986418	-0.221860024618919	-0.0443125445550954	-0.249146353640987	0.0511938109445779	0.0678569499185509	-0.0803023938744077	-0.0169794304428495	-0.193634038607181	0.0708172773409893	0.101414982117396	-0.0944387500158484	0.0718263345001914	-0.172472343532895	0.157637965960434	-0.178046485945958
tempus307_Post	0.00323593587012025	0.0853389100604045	-0.099889596239521	-0.000650989121303541	-0.00213838579513959	-0.137237480826725	0.225756403800405	0.268123483829581	0.484066335076178	0.0165072465680623	0.0577321024996565	-0.0454816965835465	0.0288354191000742	0.123122484563737	-0.240707865014734	0.0166337083222197	-0.238264820852479	0.302630417501813	0.248406367193448	-0.0896864147064511	-0.108410121418495	0.129285263079932	-0.0563311939522098	0.197550036084308	0.00964297246584855	0.335059573173922	0.551915448434298	0.509526517118133	0.607804549246157	0.339168386944581	0.215239913460251	-0.128424198195905	-0.0921412908858613	0.129243742922149	0.0668636943709833	0.136839635640811	-0.0890390562614832	0.230523069773352	0.0295478549805711	0.315125588792285	-0.19480821311072	-0.123936200926732	0.0556663571568041	-0.296668386579504	-0.0923357438495338	0.166858493411971	0.330475695290353	0.0095251487240777	-0.131255899172255	-0.172045875425119
tempus308_Post	0.414359903404643	0.0233236520688337	0.22443649745738	0.126649352722868	0.031815083777101	-0.047635984975266	0.430769318537442	-0.0829506656783818	0.378572086199336	0.0666257640676267	0.080098898135961	-0.179570463877052	-0.242445407834773	-0.0201434241932261	-0.148126930594199	-0.185268541538391	-0.305160548415723	0.543361474991652	0.483212024137433	-0.109671018251989	0.181155187155435	0.154168316468477	0.0521091629623924	-0.0260739591421287	-0.162149326552965	0.174876302532578	0.455185799288494	0.0980634992981562	-0.0310665198766406	-0.251529176893349	0.293108538171449	-0.147088697432629	-0.16371557944131	-0.330688395589363	-0.146398237963277	-0.364333495145821	-0.0320540761874632	0.107249614732224	-0.118093987634626	-0.116699559424811	-0.221157908088786	-0.257049527000183	0.089529491256146	-0.147587448095264	-0.269639048166717	0.349700443776159	0.40026960771343	0.0719328421161335	0.0324010325814249	-0.0376701161232408
tempus309_Post	-0.246244320281953	-0.0364810478787432	0.0870555099619675	-0.185239488027748	-0.288027997488519	-0.117317215495352	0.212621664012281	0.151354412699553	-0.0174857672082086	0.0624939392090724	-0.132556008493989	0.348947439411317	-0.0464622207206373	0.0402055338241028	0.00915666323419495	-0.102675337191008	0.36292961944321	0.174359086695923	0.171111222179838	-0.290456173728086	-0.158009049943078	-0.266283523832575	0.284623723255959	0.28577039803008	-0.0812513775541304	0.303229708122789	0.109670509065585	0.372268638538539	0.00636195279612886	-0.0331465642570232	0.135296670265365	0.509329838029189	0.468597398699804	0.472563058394199	0.278365644087766	0.316655423603593	-0.0982887935775683	0.0652018205798175	-0.194332712893654	-0.205094766551654	0.033737173285981	0.368184564848645	0.00604411659858151	0.388477418685552	0.360726291821506	-0.0599393611121984	0.00499260640588882	0.203888589565784	-0.037277259337429	0.199587779182097
tempus310_Pre	-0.269064864013456	-0.261524004943329	-0.248772149774045	-0.234667978667099	-0.0205895641614201	-0.242553068900774	-0.0662987502533689	0.04810869011904	-0.372748809878033	-0.243913499604005	-0.322378746504951	0.0261550672604003	-0.181444037337325	-0.249672448089269	-0.269521530122751	0.0393119478009478	-0.217766333090728	0.226911203176989	0.128801210226213	-0.108494020391387	-0.136492807675699	-0.0602349067819389	-0.0976096548567802	-0.145691091321181	-0.185997949034768	-0.268590296277008	-0.429307768252357	-0.265457762524506	-0.111156919475584	-0.286343114519542	-0.123795873736591	-0.267906706773723	-0.244200349294368	0.0168568872318142	-0.242824031112306	-0.354012588354808	-0.201666972804659	-0.0498128409677917	-0.161609078661767	-0.130634147397944	-0.0703887426868322	-0.247749838328649	-0.0923532249757943	-0.0363460022352989	-0.0968975335243606	0.205070816439775	-0.11579840716431	-0.215759576156673	0.0510468191410164	-0.241241247928954
tempus311_Pre	-0.0336623854702913	-0.258254460232073	-0.508829269396892	0.0476462563999494	0.195221395969477	-0.0248012759321898	-0.291700303770875	-0.169492896537976	-0.216875350165284	-0.0618935015135833	-0.0616983878170618	-0.241672159698466	0.148473900407569	0.0276910823189526	-0.357543408652832	0.226244272914437	-0.367131109237618	0.0714261000379556	0.00943504788448121	0.0989143236933582	-0.0433693369034933	-0.184650926293757	-0.172749234752763	-0.354743494878336	-0.301036831979217	-0.476579597308534	-0.329114105083541	-0.326186281511042	0.205036209554772	-0.114678953054185	-0.110874339017369	-0.334069911977048	-0.357723896177316	-0.386251672632291	-0.319196076360828	-0.22546437747757	-0.17495101616699	-0.0383541736028607	-0.123735284899412	-0.343468318557223	-0.234786102827195	-0.224310712050398	0.111537619961608	-0.31067159512415	-0.257002624999129	0.00231074099899185	-0.0995766357287534	-0.155289355595987	0.201439489598152	-0.189053521077665
tempus312_Pre	-0.219372037624218	-0.249874384618724	-0.271267590757641	-0.119075263856711	0.128103093094808	-0.0414211473673075	-0.00392051282206948	0.166592119534364	-0.0774473982430109	-0.114314804130508	0.311642123681208	-0.103240823972182	-0.257852394321569	-0.288759155947892	-0.00586576786974696	-0.170612538642955	-0.00573355095906267	0.132931298892892	0.0152857264443738	-0.114220055234229	0.0516857261995999	-0.0191210010856372	-0.113759204515338	-0.0990178783432648	0.0653715362016552	-0.185376992685411	-0.0476406918439364	-0.0663728152033776	-0.174026273987563	-0.244449373201957	-0.173271581636325	-0.182036884995312	-0.062423099648033	0.253641091588642	-0.110309001270825	0.108824480747761	-0.0736790606963057	-0.117928191060959	-0.0906256773052413	-0.103544965239163	0.0579117400048715	-0.154544750322544	-0.1269609046921	-0.176971862791537	-0.151074208092361	-0.0312318873372278	-0.0716660598346771	-0.215089985573823	-0.236389457943602	0.208090359556653
tempus313_Pre	-0.303362450456769	-0.170901202805254	-0.160528327995768	-0.238633209976344	-0.142784436622915	-0.151880662001832	-0.129336599991326	0.069594334041621	-0.135605602429685	-0.0195022080461477	-0.138906393868909	-0.062321612546837	0.152665495826415	0.0590896119044025	0.245896308601816	-0.324482464049737	0.334820172894044	0.625167239900832	0.39968696647106	-0.303901079696856	-0.0446116849831371	-0.234146079588388	0.0729813626385226	0.220211545252697	0.0837145334910596	0.150965531686886	-0.171976828989836	0.174986969878411	-0.312673676061126	-0.202609500786434	-0.0523679426581255	0.0223741501428381	0.117853371388897	0.152423909569454	-0.00245044106074613	-0.226039150493281	-0.208174962634883	-0.164282655256331	-0.120309304126289	-0.246961121633187	-0.0262416306500647	0.0209787632916058	-0.0936158889906785	-0.0814374274633807	0.0900049578012113	-0.0884717989984667	0.0263951646550062	-0.178510963264458	-0.0290721031272268	0.185381484358037
tempus314_Pre	0.0488567940674554	0.0457148100145795	-0.215519844811087	-0.0105031943479895	0.384361504636614	0.212674230428563	-0.0408721901950822	0.227498860423292	0.275639392248764	0.0380317811299973	0.206900011474331	-0.101535723581666	0.192674998756075	0.0309972094431165	-0.175011318369791	0.0856153024049465	-0.253553611964011	-0.251773872181252	-0.114621705928659	0.114246739676841	-0.0236925257649195	0.0443728960619591	0.0184973265100599	0.14052122508756	0.137350771091406	0.075407532125146	0.21534530017248	0.421394496713429	0.528806107056854	0.240535512399987	0.0219458581409588	-0.223389924951801	-0.23546096153196	-0.0240768628355149	0.00859307192998565	0.249508765050593	0.104504347729273	0.116774550867394	-0.0811377331999249	0.0652832356460589	-0.117613241315381	-0.0356197514713619	0.164379904107539	-0.264852028318539	-0.211842994847134	0.215759934190903	-0.0109308916373262	-0.081696553451928	0.027577882559693	-0.00462985916151976
tempus315_Post	0.251976679832411	0.189321950908745	0.174357272368423	0.0777464593805539	0.0182550808821834	0.0746519353991562	0.130093018672098	0.167365131873196	-0.202389191232419	0.259219540236642	-0.101543405344264	-0.0138866875637591	0.156991954515488	0.0346675336875707	0.154635416814309	0.211814013404769	0.206776518608648	0.289300469772648	0.225160228556918	0.170143903526894	0.0178013412214174	0.00168777724611888	0.226347120331617	0.0209819446525454	0.257269665137084	0.134703207217405	-0.304613965301123	-0.172495310703494	0.0878485953393911	0.200634050530765	0.170809338279497	0.108814746844597	-0.161244458736679	-0.00358834311954889	0.164373072605188	0.317402995151503	0.328659342743447	0.0817593708189117	-0.174578269022609	0.170212878174506	0.135392172311898	0.233505479954287	0.0924532823701366	-0.17462567467407	-0.187486958631391	0.159699482225026	-0.158057089726676	0.10214581522878	-0.0883154124530046	-0.207651158431947
tempus316_Pre	-0.423654728613348	-0.182719557526669	-0.262574855955625	-0.333254100991178	-0.0413013920321299	-0.217201532934567	-0.490349377387274	-0.231189579632997	-0.591657296288664	-0.284940076893564	-0.0837236784275237	-0.217829034320787	-0.350002488402204	-0.356053357815058	0.0533062634386276	-0.0558855202173422	0.139271452612781	-0.363362958163241	-0.40013749233776	-0.100485519306282	0.011795234098449	0.190385806098421	-0.282807715189874	-0.0151980215206013	-0.194721510445496	-0.244272166225515	-0.615726119371472	-0.461645119243508	-0.565906069920542	-0.282771209523658	-0.31764904777525	-0.036262252932773	-0.23079621244298	-0.293602736382245	-0.0753330391132606	-0.385909967361451	-0.0918247867317851	-0.231080980893131	-0.0401292407043026	-0.240502971582853	0.0228123993208262	-0.14721913874679	-0.252538304455903	0.15127502467311	-0.0382360701807571	-0.405511875349732	-0.0840610959042811	-0.101485412181763	-0.0869826433819231	0.236059077999064
tempus317_Post	-0.0167103413481976	-0.152636680525041	-0.112275066835943	-0.00872013034055755	0.0305929174174862	-0.0584045900019701	-0.190076928244308	-0.102199221844941	-0.0265672254412953	-0.137788104387861	0.215327465042754	-0.302984899987358	-0.253692540833565	-0.237110918328766	-0.213837085935204	0.000872364781355384	-0.452230977720254	0.176431412889997	0.0353880751860903	-0.0666019171437402	0.0657611140612143	0.0275607093690084	0.00490871753665001	-0.392993088779536	-0.262478152574379	-0.411433619119255	0.0401451219285179	-0.445463861631503	-0.445925372926336	-0.0685080284817624	-0.148157331331412	0.297682880823451	0.00777114618630664	-0.406124833284699	-0.0530224575443766	-0.24658652467018	-0.161145021555035	-0.109879440935111	-0.157180960592888	-0.192920596327207	-0.168968202261638	0.206031578670524	-0.0834095113693992	0.316108816257906	0.0527692815245836	-0.304850579703393	-0.113594683501327	-0.07011037848907	0.139748965753457	0.301770505784919
tempus318_Post	-0.336602801494691	-0.234311834382407	-0.376027093193602	-0.222808325664456	-0.00288406475403971	-0.198260597068935	-0.364657126676471	-0.111784969265336	-0.345788418886475	-0.223539060048918	-0.0579770709975757	-0.324678303553812	-0.37548195178519	-0.299822118368187	-0.22478199760077	0.0787285465240994	-0.101241977408166	-0.308132008207382	-0.272013110117458	-0.0397516276355587	0.100625034615585	0.053318768701898	-0.307860297499304	-0.220905119091435	-0.253899106684187	-0.25081864452653	-0.352348677060432	-0.385981009558694	-0.404129836906473	-0.057148611810375	-0.336307062453364	-0.243120369264726	-0.412916714932322	-0.161388310969762	-0.205282908523958	-0.42947008067386	-0.134952268338654	-0.205340546108202	-0.191873237996116	-0.03471273216077	-0.145226165916949	-0.152328467805189	-0.267632700198484	0.0631070820605446	-0.280138999525976	-0.250118655597995	-0.00557785378957892	-0.0748539928024438	0.0488755377902864	0.367866957290578
tempus319_Pre	-0.243899466127352	0.157782522870208	-0.135554266140639	0.350482796722162	-0.0422236463643894	-0.112320445292878	-0.350588181239522	-0.0635211141454242	0.348900325837149	-0.110756334470872	-0.200569329360655	-0.304458274201306	-0.274015037651414	-0.201358186720407	0.0179347325061348	-0.0810879497072646	-0.109842055391568	-0.231002066591889	-0.242911835939784	-0.0367491539068902	-0.170739846575689	0.111505150347073	-0.183443931832093	-0.0283987227867655	0.0830920485005282	0.0495212969503345	0.395101486673985	-0.0472658089930089	-0.242323204149916	-0.0888303531906482	-0.185033225120173	-0.268360099420257	-0.293124978370793	-0.221174112125831	0.0357547186013006	-0.231603270546944	-0.156324037253256	-0.153484099681722	0.0721208760336793	0.146663132047512	-0.13336544174775	-0.261005737361694	-0.143296025428349	-0.1476150938068	-0.0322491359767987	-0.0642546199346351	0.310105387413715	-0.0203558665863804	-0.036315926253391	0.0606093981249285
tempus320_Post	-0.0578092801483708	-0.2225020767174	-0.359323156681012	0.163468484987311	0.0332120776813563	0.178303556996261	-0.262458389703827	0.107992560984896	0.24993385217589	-0.017724246216977	-0.196664636874387	0.0593355980991894	0.316935464749513	0.238837512257838	0.139936771408802	-0.190558806309835	0.342531544365546	-0.444652533029039	-0.330387088507684	-0.0183231596178463	0.0335615202054684	-0.0618017465967518	-0.0404642779801856	0.149149628812696	0.210349619615862	0.144349617738934	0.320546658431528	0.428084558283803	0.189947657103653	-0.131927790600119	-0.128872382464113	-0.17647730442887	-0.00139205783648993	0.143718428274403	-0.136532520056335	0.0275156391028526	-0.0328064799183056	-0.0284147968850703	0.0352780073068177	0.102038517860151	-0.18222328356589	-0.12282847791958	-0.0209811646872946	-0.234963653225834	-0.0917325453007546	-0.0672138057359683	-0.112658106359983	0.0308168989624207	-0.262938838368833	-0.238254852682916
tempus321_Pre	0.455399023322003	0.301944328989894	0.0473380066927011	0.161513389267246	0.367802409796395	0.215366840643665	0.315309739161777	-0.36130175667457	-0.249276703593088	0.292937970481323	0.180138797351541	-0.107197985729638	0.0930549160514672	0.124083611739887	0.168513300901127	0.203274715377271	-0.198468482133414	0.610610873675502	0.508327650511085	0.178196737265354	0.134729280347266	0.330864918514552	0.215788894261896	-0.222643377731518	0.157420866949594	-0.171178804475661	-0.424902948877682	-0.538713026865014	-0.385043202821718	0.072946232415392	0.330244781590576	-0.0901642926965735	-0.194945157229208	-0.362837144930221	-0.0331079157086007	0.177166996771168	0.214432213656412	0.138038517834035	0.13213067374004	0.0598671185048045	0.0220912902487356	0.0875644689927264	0.319126010274994	-0.0294306688695919	-0.0641757868930194	0.307490625023456	-0.0522931502712253	0.172111404342026	0.237308958799285	0.0724133139645988
tempus322_Post	0.161694178827257	-0.0468351302513905	-0.0184149293045131	-0.265031976365364	0.169037788790251	0.139594515362135	0.181184956042158	-0.0879817704617611	-0.452720816116832	0.081051351965	-0.0236955613051524	-0.0289569921592257	0.0418194121873714	-0.0794397882662611	-0.217398729880716	0.08937347445446	-0.457496896131819	-0.0425669413032184	0.124024254991349	-0.0544965062503197	0.142651248008784	0.154444493167924	-0.165832019420595	-0.242569843805971	-0.150524624463508	-0.471489730942175	-0.513369772468693	-0.534054280617135	-0.298468495772423	-0.107511246726315	0.0326443025389036	-0.155885395832978	-0.162159056557549	-0.47341604220137	-0.269421947117377	-0.219712163235426	-0.0942427607267772	-0.198211292515804	-0.0119466125400993	-0.274430531735133	-0.202380733024734	-0.112028607526374	-0.00124111698201743	-0.0374701386092213	-0.0850492321234403	0.310204645770646	-0.248309962270072	0.0575575898813317	0.224772449430749	-0.104855650431058
tempus323_Pre	-0.306939198252841	-0.277586189325315	-0.402788312094396	-0.109782991072151	-0.0364620105640514	0.12688345590193	-0.37046017713053	-0.353172003952499	-0.417259049179008	-0.240812017771311	-0.116445456043273	-0.0799842502844056	-0.0467212574113108	-0.0829113040972392	0.0539865842276011	-0.128189693767799	0.143614385805787	-0.52964989406821	-0.399503535742636	-0.142240000580674	-0.0635218395253843	-0.0632704304248579	-0.238142218900526	-0.281287848827008	-0.214473141634538	-0.369215156696908	-0.512925016392355	-0.317531560653498	-0.51801715978861	-0.122886985979193	-0.134952607765942	-0.0880577136526024	0.00242319688059453	-0.112631398502611	-0.271114490653523	-0.30826037547277	-0.285086634751239	-0.35719642846089	0.326103907027597	-0.301596778986975	-0.0692329387281882	-0.23606876857072	-0.109996342874144	0.0344325392709944	-0.11193926516602	-0.188135057343747	0.0168637544604054	-0.0371376914961011	-0.0995128644320577	0.00230596584733761
tempus324_Post	0.42252489076268	0.105416299917624	-0.266660456992603	-0.210428904258217	0.243976860466773	0.254838485859315	-0.0342064363781958	-0.347198051369995	-0.417928122018166	0.19545203429038	0.0965436934863677	-0.214022280841763	0.22590888031168	0.0687220182067929	0.357079968758773	0.144976203212643	0.152948417000135	0.398523395262133	0.344796285628234	0.0275873721909453	-0.00251265024649289	0.0492468839857267	0.154024143748537	0.0681078606784997	0.132493778986754	-0.168649133633998	-0.54886095328206	-0.31041644176063	-0.22449772548512	0.0127253226390553	0.211313266084999	-0.21789263133867	-0.193733287281489	-0.376598875716384	-0.24586134711349	-0.160366651222661	0.0901919617469798	-0.0457786133392732	0.364450352578792	-0.177408344272218	0.00625829963989584	0.0675075264572111	0.143682650793651	-0.16898435550244	-0.21031357371678	0.15328956126066	-0.120229474025014	0.14697618226719	0.0561418071896674	0.0582235460716599
tempus325_Post	-0.328535153014085	-0.313174052221775	-0.371324170119329	0.187856103130638	-0.0878777602012024	0.0905918013798126	-0.0233713872050976	-0.0262354750486485	0.120670897114352	-0.237150755530393	-0.030298593029488	-0.284811002885092	-0.0899959938177719	-0.203138177177218	-0.324366606694042	-0.0932525865325932	0.00444366138998517	-0.471019708840813	-0.314306676060738	-0.0811783492766745	-0.128913290942972	-0.0173906753801353	-0.160285896636092	-0.00134273063413048	-0.078044520842643	-0.397166292656204	0.0165186672178767	-0.00608521047165306	-0.125230721272873	-0.195605703136862	-0.222291449079747	-0.372777229013922	-0.311181082934684	-0.191428103886328	-0.336183031519755	-0.348276054733417	-0.329639875348431	-0.204130357364629	0.163756245105169	0.0741153983168438	-0.0258382703437828	-0.36743247377335	-0.146120500937259	-0.308329707486044	-0.32465672346873	0.0138529596032745	0.201595143935206	-0.137332553646102	-0.150387757450335	0.0996810698737116
tempus325_Pre	-0.400234806900202	-0.389287752035438	-0.388025737819639	0.241600368368715	-0.0429912595530478	-0.154427549023327	-0.155160572867365	0.0904121269022373	0.429604028697258	-0.168448845057619	-0.255893058725007	-0.240782344195388	-0.114178045765008	-0.143616292508089	-0.331094627072521	-0.228964114100117	0.00484470156683645	-0.444992494715302	-0.36091982690484	-0.14229097371154	-0.139234219503754	-0.0655362360931282	-0.217089984577105	0.0303603272316779	-0.104209115252733	-0.241055762833031	0.524477421475123	0.445529495630753	0.194554228580477	-0.0207675126476078	-0.188300193996484	-0.361987598342707	-0.239703420058717	-0.0975334965537599	-0.288855507045807	-0.426562764151537	-0.342463144539532	-0.262142631027713	0.230916770591085	0.247686853896156	-0.298422347965337	-0.287814146370278	-0.231705572878149	-0.314542099329947	-0.304335969867929	-0.193661132643686	0.286680934764071	-0.132763988315307	-0.089719163781292	-0.0918503902502653
tempus326_Post	-0.204236566971722	0.146244941921949	0.457502643536328	-0.203307051037662	-0.173133365133801	-0.158806780641498	0.187625673509029	0.0635397749915339	-0.0739450934647158	0.169999661440234	0.109762794462048	0.472764514656259	-0.0218460972342723	0.148220725883651	0.225577128192284	-0.0886428571367192	0.339907291140678	0.166602184365605	0.150186442716639	-0.309796105121899	0.0768661473163616	-0.121089500420623	0.314498777977325	0.0285687010500302	-0.0197765366445889	0.296095075094839	0.166828363635577	0.0497298355201696	-0.256194300333005	-0.0831943425057126	0.0710281634389235	0.608878569271853	0.636784922710828	0.578027983901303	0.33683992682707	0.416444413602885	-0.0991154951935524	0.0817398796951898	-0.1448950239795	-0.0721193621291561	0.270871808183426	0.424553488145745	0.169028619438305	0.61813803180441	0.436347536457416	0.152487309369106	-0.151468818922668	0.186601605407124	-0.0853315237760466	0.242499771154141
tempus327_Post	0.123781416412662	0.148815641463474	0.241015590805393	-0.0229275201893463	-0.471359263125527	0.201199345007496	0.273053013153708	-0.0403337977635093	0.0434646469049978	0.139604003871064	-0.270380681701978	0.364862789218194	-0.125435536984987	0.042357199420728	0.377429032001388	-0.191673350793786	0.391895292623208	0.226701486708666	0.288041068138631	-0.267592414193038	0.055247226129283	-0.0338392297776536	0.372141808406217	0.225425438370812	-0.0764425427414928	0.367320191587964	0.103856489635222	0.347991821613232	0.0522621797816202	0.19898604383338	0.286780416240642	0.544006851597541	0.47024669828424	0.450064894612892	0.114067394634945	0.326804244487768	0.0143504419073922	0.168345837065533	0.153459497377779	0.183040298647124	0.200906887020431	0.460514785294508	0.205769843300846	0.500626408004511	0.385175808627542	0.135864590526187	-0.0435170027407784	0.341185019103405	-0.0316399726898932	0.309878991623783
tempus327_Pre	0.149993483569252	0.141678394827308	0.44232557086107	-0.315960084522688	-0.171704757035607	-0.222519759066608	0.343636049710457	0.130330691331908	-0.28090938973878	0.0580264476300542	0.0888626733364744	0.385966036745105	0.224075620547945	0.188059008273242	0.309939874902036	0.0479001396424056	0.151222284597227	0.441096229828699	0.428002241782116	0.0569957552657788	0.106673212016509	0.13163692239572	0.340219613989508	0.270388357072828	0.0999472934629818	0.329130784497071	-0.327714213792597	0.317840667280173	0.273343568669367	0.22301309418839	0.223421777842346	0.591907201797813	0.507134300106138	0.490241479046927	0.305154207971392	0.532557419267623	0.158489473886888	0.31735440434762	-0.164592373862721	-0.192118316563319	0.135722021611729	0.447337971618491	0.335969044834457	0.517547294160327	0.428051267087951	0.380289462544754	-0.260656057139945	0.222751758324679	0.113869487161141	0.351619454231304
tempus328_Post	0.33585312768324	0.259987881425362	0.439369098843545	-0.0258576832759895	-0.372004036130008	0.119339777182927	0.351398988351557	0.0438086501260471	-0.0104889870859334	0.213129393688098	0.0157661087219702	0.430242724375645	-0.0870485386450799	0.0501650244249075	0.325624718143215	0.0314205810928097	0.252566071463606	-0.18768357497517	0.115310286789177	0.200689952430094	0.187830122871196	0.162972694177254	0.313433379404076	0.174353863291783	0.205092823596682	0.404517742523125	0.0620724866220003	0.149663938736018	0.229054923322206	0.342974612485947	0.307169358694574	0.538781191448805	0.484651577854141	0.48613246888333	0.337534447847738	0.484134723878454	0.218438932634718	0.392654324471842	0.0177979971795326	0.13581511626037	0.205036372040625	0.454321645723162	0.131103706423961	0.448611867379299	0.35659843409994	0.0199961596975198	-0.120207508896785	0.214920923762508	0.059440879639453	0.115037493654964
tempus329_Post	-0.277872944686898	-0.0120691038461117	0.396654814234012	-0.295396950399667	-0.270032143818072	-0.224762075057999	-0.175405262575316	0.0390825860329075	-0.0993871653050628	-0.0599295154787872	0.107072708794519	0.353046584989416	0.229202504722588	0.327839431378332	-0.0922861701035285	-0.111799689046802	-0.325275756945147	-0.379087075214925	-0.275032201916407	-0.243290541248278	0.110245923145187	0.238625238999702	0.163256650947026	-0.225011465887483	-0.155472670068535	0.0696980713674814	0.127973476862071	-0.147540367535728	-0.292303908626364	-0.230578574564696	-0.171063497260379	0.552486640921832	0.541382502686137	0.52232222956375	0.251939591320373	0.308244747828525	-0.157251810158032	0.0994867684344113	-0.104221304904903	-0.180086583903916	0.203405243235724	0.3492347528979	-0.048371628445018	0.523341676554354	0.342420750417542	-0.156936736245678	-0.115308879587695	0.0451675933320648	0.0208477308678356	0.186847220134986
tempus330_Pre	0.359153034672597	0.409568281548792	0.130021254151528	0.0514081266126492	0.126377423621019	0.198423998951313	0.185155162472936	-0.0260691409962764	-0.240752628281085	0.304838430522889	0.108449784191563	0.289575255525385	-0.102092721995205	0.131468655279127	0.132767679925287	0.00921376702716128	0.0806827934298342	0.12528815492219	0.29525672612286	0.0976296116835748	0.0787587838421074	-0.0788392329008004	0.179188540163747	0.0406112550231873	0.00407272990628721	-0.0483376745338897	-0.330237422021678	-0.149281160194906	-0.258866791184493	-0.0695496286235769	0.242628106102453	0.248722121686281	0.353394275403575	0.410310321838644	0.284225827970352	0.364098177015298	0.268084211416462	0.172723739467366	0.0558704716671733	-0.144849104707153	0.180926730485374	0.202429075068955	0.226576667804957	0.129102009885549	0.155576099268955	0.155236960262585	-0.211966814245026	0.128080456975528	-0.0570857912391813	0.298069390402498
tempus331_Pre	-0.276864689948931	-0.071744218601596	0.110733586594024	0.108520522255159	-0.2973590656876	-0.24371065391157	0.183281772452708	0.167817335302852	0.427723642881528	-0.0887504275241729	-0.469375589831845	0.00471632192955521	-0.095080574983408	0.026452494866443	0.0870105549093371	-0.296915930473191	0.149841118227707	0.541493462795297	0.331317179577834	-0.332142168320024	-0.361615646871579	-0.189964364987489	-0.0498356960310181	0.20411498762476	0.132810881115618	0.348432106293351	0.373626738499594	0.542728826018217	0.404299512487595	-0.185856785876054	0.0420322560159135	-0.105716788609816	0.0816125622772864	0.227635456513481	-0.0272406186214342	0.360334553178037	-0.0992906605242209	0.0566338062417033	-0.03350184944535	-0.078689140025869	0.420395816707451	-0.265365070270367	-0.0872036540528143	-0.0554040218180303	0.122986522472646	-0.0322324674993154	0.187265155915675	-0.214772567233457	0.0135456949607296	-0.0373221417531523
tempus332_Post	-0.151879292590806	-0.253486697123682	-0.322374647215835	0.0265526632934041	0.111313465419783	-0.367676303497961	-0.0421852517897138	0.112080287830561	0.294073212932046	-0.0679000583393604	0.150581556028068	-0.220368078420206	-0.123479297372821	-0.0364941898408456	-0.322407498967248	-0.0117766642253963	-0.43538215492617	0.183351798808033	0.0464119344211163	-0.00366611207314363	-0.338711132419059	-0.0271348730763523	-0.0964595969625385	0.00837237060146806	0.123219120758446	-0.149080909981171	0.446067636537484	0.329389475858232	0.349177589408628	0.0378272608964836	0.0745283160882237	-0.323784521072924	-0.283838012985659	-0.148824309085494	-0.108540284210448	-0.142074862039072	-0.168681324661868	0.133007488276329	0.0388647700175277	0.071350765694769	-0.234575831636277	-0.197625794582225	0.0864024274391305	-0.236843909630646	-0.158646769095994	0.219460988910907	0.091001667769767	0.0223404005154304	-0.0781456741386758	-0.222490233497315
tempus333_Post	-0.128571219614621	-0.135110266977845	-0.0934183173987798	0.323866653022215	-0.0864565491384255	0.183347279688222	-0.358939894571333	-0.061891052547543	0.466871166002294	-0.166696128950569	0.156435637959372	-0.299501943985276	-0.0225933832996856	0.0202434431948653	0.160513419819576	-0.245655798817334	0.202743661444397	-0.276130449963795	-0.369901869142591	-0.119593995107478	-0.00240506158144776	-0.0638194088413242	-0.183955365045201	-0.187786402678771	-0.0214213959328613	-0.147092253603555	0.432599551836546	0.264637353020415	-0.327608545970861	-0.254259072739718	-0.301353996552634	-0.27678478331451	-0.238976150683921	-0.382294722162897	-0.140277460342225	-0.359565302669883	-0.286892444686348	-0.236284570702518	0.308692890185964	-0.445701646801298	-0.123527350781864	-0.141551961616527	-0.27961608612879	-0.206033874753736	-0.172849366438451	-0.344719629286335	0.235112331407735	-0.178661673623198	-0.00420412355189809	0.0386763562498056
tempus334_Post	0.101959925813038	0.227099133939644	-0.0811024484242485	0.0218079264423449	0.116068640326574	-0.0137097628991692	0.193275768025175	-0.104772907046355	0.3202876642678	0.029916861436409	-0.193143133975342	-0.0547287356072133	-0.0769251959919999	0.05577359047294	-0.111135841303212	0.0751117786316512	-0.284512059902154	-0.453643207961776	-0.179586824526156	0.272539165869118	0.157179490815818	-0.0178297125249759	0.0813602044489764	0.0474188229088313	0.105394509454571	-0.0225419970493994	0.313480228765717	-0.0695505026673046	0.219562675043049	0.161803423029921	0.192572352353678	-0.169982728048912	-0.136241776465919	-0.283769335122855	0.126787930469479	0.127614602481166	0.109320589027484	0.0954648940988311	-0.0230136556824165	0.093927217466086	-0.12434524386378	-0.152433594074607	0.0260801216038172	-0.198643880290912	-0.147222330535516	0.159045511020365	-0.132372593149293	-3.53581979787576e-05	0.108186421389308	-0.252430091303492
tempus334_Pre	0.221786330191259	-0.102110758349184	-0.344482997652908	-0.0663790423831236	-0.0219010965284538	0.00597597724826082	0.214680609855426	-0.386055385933514	-0.15308237804988	0.148402839349179	-0.293643169551156	-0.267411456913182	-0.122195027533274	-0.122822481544662	-0.179384328674852	-0.0246130679091489	-0.0597709826143517	0.314348297542718	0.296979163572927	0.103252360424583	0.169244635781861	0.229492665320814	0.120514608984372	-0.227343630445759	-0.157618830214359	-0.242416160853956	-0.186118678007439	-0.185449571833283	-0.488318989162338	0.316152764973733	0.180585924526273	-0.271660695669921	-0.325077403955187	-0.470750883730898	-0.288948073318831	-0.340267255315676	-0.0675107128944777	-0.188238801115946	0.254472491332479	0.196913213153511	-0.169938811527897	-0.0719669444243383	0.0622963207432396	-0.202668840036802	-0.377516227086858	0.346302571891285	0.169326627161341	0.209499996902702	0.17596925127648	0.202850563623087
tempus335_Post	-0.268992689487289	-0.115562563640983	0.136181888167962	-0.118884880424348	-0.0678432794224608	-0.14567987633365	-0.113651773973471	-0.0965025003157077	-0.0791013128437581	-0.11718757700973	-0.00251218137496892	0.181454683074219	-0.337453210992175	-0.182680683095108	0.0615086894246143	-0.0453670914705387	0.0748386738839518	-0.555200566248661	-0.368564181651993	-0.083659284812558	0.256970800565233	0.0244814401239027	0.192943496182941	-0.176328224907865	-0.0327785367174542	-0.10053787555915	-0.206386960276315	-0.195779346223008	-0.206106093370203	0.0142325968314773	-0.084433155952407	0.411000567030114	0.402528016340777	0.257002539444487	0.137571608235485	0.0352593111160903	0.00369907358403046	0.0232300248168586	-0.106332862639965	0.0455172264211499	0.0223515911929307	0.392559847428034	0.0657112315184192	0.420790991455858	0.309562759093467	0.0228350453621146	0.0383652509771078	0.201387277464236	-0.0271954622401126	0.431966211621413
tempus336_Post	0.356228418142576	0.256284743151422	0.492025892324493	0.0671107889343227	-0.0628808952271895	-0.0502984891169781	0.240483593696666	0.102446849262653	0.251558633740014	0.274896968655016	0.0110659742668545	0.0573462311288734	-0.126270369647983	0.0385300818695038	-0.0486840934228889	0.110104405571685	0.0266477265984387	0.247524506225808	0.26566228730088	0.340949911772282	0.256362568736799	0.216861913983586	0.202062935584495	-0.163354075678153	0.365585880684409	0.36681900357126	0.27617682360794	0.0383236267354508	0.0901711107762992	0.473826005704155	0.32646906623736	-0.0581207039367924	-0.0701883089329269	0.0578792740232378	0.334066878993326	0.277993478526767	0.254787604922638	0.305916606379056	0.172070707954958	0.517791585521571	-0.0495996185959631	0.173967153808949	0.190523574826733	-0.0507990617179539	0.0633166217355578	0.141690860125881	0.0896238612685998	0.166295091941191	0.214496576752291	-0.209055592057225
tempus337_Post	-0.217467472692878	0.139441787015771	0.323054153540161	-0.178523426321464	-0.276330866558375	-0.267099884723315	0.0720787124341644	0.161383021568578	-0.174407602013124	0.0998974105303637	-0.255583801119385	0.295598258206295	-0.00463162673938003	0.0704511538309772	0.0740982879249099	0.0116470841488972	0.0924434700964489	0.439946539222677	0.404744166796396	-0.236985542485475	-0.0204435839318488	-0.149202525549807	0.332558314570489	0.116118574973916	0.0650750772674798	0.149186661414346	0.0686096092235229	-0.0326953805645581	-0.111216431968847	-0.141212184186243	0.116983973759578	0.545884754751561	0.481881814204726	0.490329487757805	0.190776467390315	0.339693788027944	0.0182644730987722	0.225230613940304	-0.251372022265843	-0.0950736606279361	0.165561192153551	0.412699806111393	0.200889938713318	0.527516492564502	0.48062205594481	0.274084490101389	-0.179287110047357	0.145481433154558	-0.0648872569240515	0.379758047886851
tempus338_Pre	0.0069126855074339	0.0379150422956197	0.108313000166657	-0.0658441786118442	0.354751629141731	0.127585516093223	-0.163198608126932	0.196881251954854	-0.0866816846165783	0.112417336322243	0.122879562635075	-0.262117625652681	0.330084600369046	0.212012236711756	-0.215870416417735	-0.0401221963167206	-0.362451675840009	0.211185297220489	-0.0426025711312935	0.108849542352723	0.146089686219916	-0.243685530550429	-0.211665617447324	-0.233181997733739	-0.00146440447976323	-0.231776977915211	0.0256327938919695	-0.365555874485377	0.105869705219754	-0.0559435085084572	-0.0731479349212135	-0.180713557162092	-0.135479295866848	-0.315615641347441	-0.102190215419538	0.0511853561593718	0.12939975649788	0.0449581605445259	-0.153641944717911	-0.108640264536848	-0.186637938953548	-0.129722440579795	-0.0411764503823395	-0.0843246207606812	0.0198322857142399	-0.187382353902472	-0.261648460933567	-0.253543378795161	0.180584430177022	-0.345801758754551
tempus339_Post	-0.284151760987682	0.0766169981671967	0.386835782423143	-0.325424893546207	0.0328860554866428	-0.0393869164686466	-0.11591669314386	0.304095700215029	-0.0274888262846707	0.123712580402128	0.105395743068459	0.401736292658402	0.0332225481953054	0.180352612941239	-0.0402967791617627	0.100145028408595	-0.0234634824739993	-0.466409420641005	-0.25405865416744	-0.07197755159734	-0.124835623851876	0.234568576194343	0.275408629079073	-0.195025996236727	-0.074849764485418	0.23068062151819	0.186325898977402	0.159644806830152	0.14915268343716	0.167179612596963	-0.0270524642018818	0.541139886380455	0.530495747996923	0.533369571534102	0.310833004571794	0.352581967372192	0.0145812274718391	0.173783204845853	-0.202451619777945	0.0195298303242059	0.0695751536567524	0.490840363306332	0.0495380933853702	0.502628572355433	0.399694832382312	-0.000686246915803407	0.151871250068568	0.142046250807451	0.092879651015819	0.483056789426819
tempus339_Pre	-0.212269764703327	-0.123809479693813	-0.155170993131625	-0.26614582245993	0.315606988990677	0.0720504087269841	-0.106889722366621	-0.33053691248359	-0.351698241529111	-0.148479861123242	0.343095531746197	0.198656518092023	0.316865536264774	0.153878086036962	-0.176356930853135	0.319634475369451	-0.432734627375579	-0.516339205487778	-0.3499772790625	0.133711697310057	0.0962026300059486	0.236116299932732	-0.223175640233974	-0.49379699302564	-0.189312504367686	-0.449195745896297	-0.379086364528407	-0.596093807533306	-0.39536775491108	0.0641183203596882	-0.127660313990664	-0.149305705259297	-0.115176471490698	-0.342811645493841	-0.284482339003163	-0.292082949911743	-0.229218731430565	-0.288260507132564	0.153020419175835	0.202038927312055	-0.102374577569462	-0.128456857956301	-0.0715573871078945	0.0867950394471712	-0.163704911180995	-0.00943174730554064	0.234044412713355	0.116297826962606	0.205203722301484	0.13694508407408
tempus340_Pre	0.462282476971873	0.338364453217599	-0.0734657659447536	-0.162204745296827	0.326234619221634	0.357982403366387	0.117465111364932	-0.266916081268726	-0.25502240427032	0.176605063735815	0.347415919030105	-0.0958157188584715	0.495727254754943	0.305896045015692	0.0569248131063576	0.0747687397118103	-0.167814110532044	-0.362068204376783	-0.161120950258028	0.0500768504905028	0.194882440452452	0.43461762618527	0.0778992563589872	0.1647743305858	0.009531613771675	-0.0466354545811431	-0.441814408198231	-0.145980378929966	0.343790930143829	0.226554493973271	0.224865889478163	0.162339748167995	-0.170069964393049	-0.220087858362051	-0.0179287429905726	0.145902300704529	0.0327350877330726	0.109892903106825	0.0714918442612587	0.205688757300841	0.0126563737593428	0.258761700428078	0.228506346961114	-0.248869102568228	-0.20217174658257	0.0649524878193999	-0.241016804139096	0.142076868403441	0.074573693026097	0.28428627527859
tempus341_Pre	-0.318254173200667	-0.27964860148648	-0.19380462798951	0.153411479172382	0.318639658233971	0.031721743913172	-0.186931554127351	-0.097377575810005	-0.153392835460331	-0.219921419027272	0.33386658146298	0.0981135945806062	-0.00905627227923039	-0.154140639479723	-0.019488239446651	0.0541623830942933	0.0547468967022093	-0.130717562827074	-0.21548016632727	-0.216331807182465	0.0506605887540365	-0.120044927924467	-0.0610691069292639	-0.145173016935116	-0.270779575297759	-0.205998587795446	-0.211610665163814	-0.328547445191975	-0.348214860827181	-0.259524973433429	-0.285051323234732	-0.101440666799702	0.0401896540438669	-0.20059742934084	-0.166459054946612	-0.0133468042457904	-0.239128866086645	-0.15849224140403	0.0069535077134987	-0.0439148361433134	-0.0509717285497373	-0.0427533262159344	-0.0942914847817718	-0.0758416138902138	-0.0445825131357988	-0.272731827736145	-0.0509832027563137	-0.0622099522941444	-0.0599926001417019	-0.0355150940510899
tempus342_Post	0.563442837761703	0.249208918364427	0.244614239370821	-0.039626972554031	0.141186901008635	0.19638352524289	0.446631658224497	-0.27471937358412	-0.330474395207073	0.313985862528164	-0.120584990130304	-0.0810791201443232	0.470262690838686	0.380715326636332	0.137974894172973	0.286561097520745	0.0188250677448596	-0.065380574483389	0.281465565943596	0.206840027296168	0.3503239243415	0.358605758427376	0.2816413127244	-0.124167042805643	0.0720413189085177	-0.0154555843783333	-0.35693294564908	-0.397955971105147	-0.416855578399137	0.222012042066513	0.441141155800254	0.0674481187687286	-0.0434724861943556	-0.247024309021529	-0.0612675784222737	0.0976990579272283	0.157587863430352	0.0685183611043097	0.137668109335505	0.126185751511186	0.0838708882816461	0.176752563430292	0.314218149161311	-0.127970424877255	-0.123341449898894	0.38632282107745	0.00176835938092187	0.356812446448582	0.249590392535536	-0.0157537231981009
tempus343_Post	0.160382821514368	0.274396653110704	0.268042081877069	0.0402248397892506	-0.464133478270996	0.180434734875295	-0.0400588381494098	-0.0985546292228246	0.00815532510392196	0.0577922898797551	-0.239045511891036	-0.0303408391282395	0.11243812894937	0.0954849563556631	0.235723309307674	0.015165357297434	0.135735356917451	-0.00993420798655997	-0.120105984418328	0.0602994877296946	0.213648709471932	0.0985633175000429	-0.00571068370542552	-0.0715137875421161	-0.107447101239309	0.10984887844169	-0.0186361068915199	-0.198270566986563	-0.0522008706908594	0.0488219646376678	0.0869797711749773	0.381927619387559	0.13876791830224	-0.244327449486017	0.266724746056231	-0.294367730860108	0.192362484015238	-0.060069466310848	-0.0960300795748053	0.0512837681683427	-0.0485120157521501	0.328820151656429	-0.167990265638478	0.258494875243448	0.186969542402382	-0.202037041508027	-0.0354884962999037	-0.0821980281714264	0.0810332478878361	0.116149167442497
tempus344_Pre	-0.24193898646215	0.16335693294092	0.0266946942865746	-0.370528816831836	-0.149914331816816	0.0560108513580284	-0.00904070410814084	-0.31068829992816	-0.65693360678357	-0.204987120790865	0.295054340453379	0.163430259391232	-0.275925763469971	-0.224082365126311	-0.266531749710451	0.00194074452179457	-0.318416297112727	-0.44291605894976	-0.345877287223396	-0.146137418430553	-0.0330470337172013	-0.235470546796395	0.0907569990120786	-0.386486055808807	-0.293876113847592	-0.377068313035511	-0.675448989494369	-0.596335694189267	-0.430971680072086	-0.052839521750009	-0.0380331499925105	0.492050115815354	0.373976434872401	0.0720887608975758	0.164642740450442	0.0543841000786019	-0.115300359577091	-0.19068788286288	0.019108762602897	-0.178007183998721	0.220041254545109	0.430113479099261	-0.0388029886974842	0.538501306467642	0.204610360705424	-0.139576350043333	-0.210372215536678	0.102699441557991	0.0827854835256566	0.230180725342986
tempus345_Post	0.479969958129975	0.205918750497649	0.381100088865276	-0.111722932109567	-0.160297974517939	0.286049930669512	0.293437980899196	0.201251521033559	-0.0176494208140772	0.189415751302688	0.194376554056286	0.150861356081892	-0.211060310925119	-0.144619264171803	0.276773567597474	-0.159043138949226	0.332033178612254	0.516121184918552	0.450534226052932	-0.0705771049495795	-0.192962161290349	-0.202293131623444	0.120006873776446	0.427853133203406	0.268519085054975	0.372508855139933	-0.0899624178898496	0.431316527683191	0.0193562480396547	-0.295756716343603	0.183351679061544	0.0985668549115085	0.172634944758604	0.444827043624465	0.266968864203021	0.225499884741384	0.258250452811417	0.282518739981149	-0.0116397666595694	-0.284388751311175	0.104723554011069	-0.111863541551165	0.254509619325773	-0.0966142650476984	0.243090526352778	0.156795487892162	0.062330967763523	-0.0192964240822707	-0.145216482421694	0.272330169534149
tempus346_Pre	0.0739357025710212	-0.166464677158911	0.00773566514389909	0.169826022474293	0.197814159378429	0.123889244717512	-0.195711007199418	-0.120153295826195	-0.120716915413624	-0.0221679642974749	-0.211488872037929	-0.140214837123286	-0.149469602607413	-0.220456443056695	0.159179067838156	0.0680818358195826	-0.0269318941422733	0.0516355819691542	0.0421871297191683	0.0577660540325215	0.186939879220614	-0.100638335715748	0.0155693852250354	-0.0712454591988117	0.182538095379919	-0.115797082395697	-0.173851170546024	-0.215184730837751	-0.428718363313454	-0.0305173523851848	-0.0786826611218786	-0.253330872661189	-0.228259418897942	-0.357836046943837	-0.29966110933469	-0.280988368686899	-0.016463807523026	-0.120572597006145	0.0255811469603325	0.274773954855055	-0.0813470982207832	-0.168153499080323	-0.0400777019334021	0.0934657172608891	-0.03094998847614	0.180551306355319	-0.0948282680503126	0.126212573939458	-0.0716873545856111	0.0633603989052894
tempus347_Post	0.211587738357738	-0.0106476365216953	0.219631207175823	-0.148098302048455	-0.0567872470906233	0.156451993656218	0.22868946377344	-0.127014507758705	0.0702539428759742	0.0881131505202488	0.203634639321653	0.0220237008356859	0.188860429890922	0.209024287845035	0.0893548571310546	0.186441552464908	0.0320708520930744	0.219778809774925	0.26177725488977	0.331637283716796	0.303305520500881	0.260587374764654	0.313013384188604	-0.0547086855127123	-0.0343980181726483	0.130982118550986	0.0598460145208552	0.0589719657737736	0.245529132501532	0.507150405028132	0.269782549565251	0.32319017586739	-0.151228176927009	-0.169547997223602	0.135607048242066	0.189157175393118	0.158718619675392	0.174405910195021	0.160243924199171	0.398937295411488	-0.100449660704185	0.421124176754611	0.218005651383978	0.312675098714457	0.120011475248418	0.298256415706486	-0.208748455766013	0.219141349142414	0.128689222571172	0.2316285283652
tempus348_Post	-0.180366429644994	-0.0729011844631829	0.0306857962935829	0.243792711405129	-0.257107264291613	0.0818692135572915	-0.0589187194208777	0.0012224336417429	0.447208306622612	-0.186222670724139	-0.00553617689944436	0.173387485416186	-0.427756021404393	-0.254178173851516	-0.0384722885822209	-0.103090985068219	-0.102260222659915	-0.585972590491282	-0.401462331535389	0.0518763359934054	-0.218411049540165	0.22432593219919	0.204258181176295	0.188427722988284	0.127804989934721	0.266606636808168	0.423102353995135	0.500533941534585	0.379104188435244	0.271553977978838	-0.11271157455114	0.207149443334224	0.0477900322916578	0.277469731211199	0.120440329064039	0.38651935823358	-0.101189997003666	0.205826284285147	0.0655983273585463	0.0451344568859916	-0.116655488246877	0.235068072712989	-0.0432600632256413	0.0111353132048629	0.222827019474433	-0.0735362666957921	0.151326891550067	7.57727856486035e-05	-0.0548745234682077	0.281048863943039
tempus349_Pre	-0.0468317497879852	0.0104340882408144	0.0951217630323078	0.017380845466772	0.0566058008693232	0.213875816038331	-0.0243945977812849	0.0660524496744909	0.0966098912172184	-0.019101040764289	-0.118139251748029	0.223167919282673	0.3474693601728	0.199260634699615	0.308441617913519	-0.0685865968557057	0.247526490887169	-0.360451829960132	-0.263665475951127	-0.037166689278562	-0.061978050861676	-0.15106926421887	-0.0982144182296329	0.379813447653265	0.172482634755813	0.335270551817998	0.0317152581793048	0.498470049849796	0.480738666665974	-0.114007039341974	-0.0350533303951818	-0.140085110055852	0.258224528294469	0.334968827757667	-0.0497740096222317	-0.0607129409021145	-0.0819825958886414	0.0967088262880259	0.234121463111258	0.168741801084215	0.0548925524627904	-0.349074411008128	0.0998166506793152	-0.0629653059801537	0.126244007655265	0.144276534741911	0.0423716250831852	0.057376703127863	-0.00843875802253619	0.0603175614140851
tempus350_Pre	0.144362304294603	0.130558609470594	0.00212487348590262	-0.219238552560313	0.114193500217191	-0.0585362010771928	-0.124152763841977	-0.0232452443948878	-0.11423204098742	-0.101704704751658	-0.110270459852156	0.148021949806404	0.311206173052985	0.181794169826122	-0.133635515875938	0.190039278862423	-0.38580656857055	-0.505737689824415	-0.400606781920457	-0.0685362167231479	0.0458750296329098	-0.0898567185601649	-0.15235143509473	-0.164167039477109	-0.318537240312912	-0.248647478474094	-0.105857924870561	-0.0402592839007067	0.370074502560547	-0.0271866538234341	-0.0622444906326669	-0.166614664410442	0.120122408245746	-0.00595204683961986	-0.173885845291974	0.135912248288352	-0.210889096443719	-0.0345712898496999	-0.066599210726945	0.137464389802139	-0.165882501243681	-0.0878395527428388	-0.00236725466614243	0.0307528027054486	0.192104694157334	-0.129617224576219	-0.134932393662927	-0.132159162168204	0.112999260640417	0.0264916757807766
tempus351_Pre	-0.0157507335134231	0.0762182018944351	-0.320073440538346	0.175315252112304	0.139622327510295	-0.342899684042881	-0.21578698084244	0.174413203469878	0.316212578348782	-0.15663871105712	-0.233466484838414	-0.34026412276733	0.0871881162119403	-0.00587140911042663	-0.427091074600725	-0.0611587120833568	-0.326175498143102	-0.503780723086449	-0.43331806619167	-0.0630193449453693	-0.28091495645437	0.0404463874208778	-0.377129894801234	-0.0343535626496963	-0.106820332943367	-0.172421555825788	0.399435059924653	0.0298639594055056	0.353415107684381	0.126829963863182	-0.133233271761172	-0.428608532524895	-0.348753718484486	-0.463347650792358	0.033595106180669	-0.232410021766336	-0.173129282005387	-0.0273661374919077	0.0259382411060856	-0.265777311604843	-0.218232893644081	-0.285674921936747	-0.201718158143579	-0.34792293880375	-0.371539936799736	-0.340958313111018	0.156386962034735	-0.25000964150955	0.044334139405549	-0.32465933135724
tempus352_Post	-0.0864918753780632	-0.336103555453148	-0.164292451036484	-0.134385205524117	-0.148815927003041	0.168233362041032	-0.205562876257136	-0.19902822034507	-0.296943267366976	-0.116926589528362	-0.0605905383485943	-0.229042563260267	-0.395493356601999	-0.36030839500212	-0.0605528332980548	-0.14959758084038	0.218824792652506	-0.272381562852322	-0.216441619868988	-0.211400825733401	-0.08506661288186	-0.149557257941227	-0.0815425413831029	-0.146029492128569	0.0476871025718398	-0.186107536544488	-0.365567290089448	-0.145297767493403	-0.317787430266005	-0.240014418161322	-0.129359418879053	-0.128373702610738	-0.118094388677313	-0.107385523374112	-0.227635340571733	-0.333735906539207	-0.153817362868227	-0.224267859529966	-0.0573490703606882	-0.156120673462139	-0.176040840726261	-0.0505178187386706	-0.0975159329552476	-0.212697147439531	-0.241957586423811	-0.0528263975069716	-0.00125949921285445	0.0793209930931993	-0.0884796458551641	-0.0441249356421749
tempus353_Post	-0.3547647621803	0.0717628075342803	0.0957410720785001	-0.341890564590745	0.10875278087923	-0.108664659560734	-0.149117332905234	-0.350235597723703	-0.58015033134687	-0.0460330382666764	0.0356561971906247	0.195873670917128	-0.256454523002249	-0.121041771860485	-0.0395464859359127	0.174371444891567	-0.180569616347312	-0.434927771169404	-0.329846505390488	-0.0385280867241387	0.0582138682838245	0.49023150423168	0.131612482693598	-0.454003510175585	-0.376365862168984	-0.322245194060773	-0.597500042588686	-0.592652261764546	-0.609271354923093	0.117809287639741	-0.126926463231797	0.467160443646739	0.447408637250605	0.27497879122392	0.0634071229239813	0.119297210108633	-0.176432010066846	-0.0566619155186164	0.0500391279609105	0.162270947915734	0.136594313021494	0.402394470439061	-0.0130695907207885	0.578402519218444	0.343428460743943	-0.0465693905412297	-0.15659870401312	0.297874059949909	0.148471471153354	0.43381784008878
tempus354_Post	0.113364630550304	0.280423096963927	0.148543511195843	-0.0788943568404409	-0.389478281715807	-0.105610359942046	0.199452091337169	0.00875220098537779	0.0802155372073269	0.138247988156958	-0.158637662880953	0.249384867206676	0.0296363009086772	0.196572844474845	0.138246032476815	0.216404320613817	-0.178320402774516	0.530398859870725	0.406940105394231	-0.0511575788646198	0.31810083863957	0.103035179398242	0.104012613339704	0.0160249247390442	-0.165804200750238	0.0540602522125224	0.036515552984079	0.2375113020318	0.327014424938105	0.114394092289554	0.178645221722524	0.455804001208655	0.338454115105701	0.133264773317429	0.254529999272476	0.256775406223117	-0.0434219769936553	0.139458983211361	-0.123935331834768	-0.0811107665117485	-0.054196441349806	0.447523146984679	0.0549690349620679	0.343071895475014	0.145740623413563	0.0942656767143363	-0.0372598246129731	0.12472843317394	0.21433743963011	0.332117615172662
tempus355_Post	0.0345129935978504	0.0651264629011027	0.263271947558861	0.139590732059371	-0.428884712983516	-0.0330739506062515	0.318571528366191	0.309546177341089	0.43546393315109	0.0393113692264639	-0.226918048667555	0.288337880870378	-0.425546698543977	-0.264169717383552	0.0565430911416571	0.0605787788038669	0.31835032889802	-0.078232988866874	0.123932893415639	0.0506360866730152	-0.169016109594846	0.111400428543614	-0.0057608958636777	0.279296261291847	0.177478404595263	0.401008018134422	0.453937706000149	0.490762168935602	0.577766286774203	0.408655594543431	0.241817451611704	-0.0584095695224652	0.0739090680989933	0.377708543568962	0.205530394677235	0.0372740656682654	0.0630972726463506	0.100420946795551	0.0816660526753465	0.187256172389125	-0.0770602644600722	-0.025075957201661	0.119366286853614	-0.141693140741562	0.0322407865325139	0.231675228726065	0.158873944632705	0.147145099392977	-0.0596560705443409	0.16377111968177
tempus356_Post	-0.121894365564758	0.278192938589749	0.477674808201822	-0.51226827157207	-0.221871219343204	-0.230569100166508	0.138924534144828	-0.0995178368866331	-0.556971322922392	-0.0196654528261869	-0.226645900901165	0.410387485856374	-0.0961801230313375	0.0138741498706294	0.233476501656502	-0.0264351261402918	0.105212026412307	0.477023969921188	0.34057256245647	-0.119534756037494	-0.027837012242479	-0.0313010067134117	0.264952719739002	-0.058757501550866	-0.0993347773699322	0.133459556355125	-0.60489774013131	-0.378445395044947	-0.20004417308346	0.0189440769933306	0.200897910702231	0.571561727583336	0.510133242196492	0.54162106562756	0.227076436471876	0.466240188515702	0.0315701587811322	0.0134803108581581	-0.255166931970053	0.181703796898779	0.104447764111269	0.420334650407052	0.205043031046859	0.525652922423336	0.409899693386559	0.26629190005749	-0.283862347130588	0.103367699269671	0.137058448437995	0.447922097496808
tempus357_Pre	-0.138764591840362	0.0844151505349023	-0.194643496806713	0.100299814789093	0.219229145589026	0.23016307027082	-0.251538957575659	-0.32674491472557	-0.390748497498939	-0.0949988954767989	0.110954228360796	-0.113651789694691	-0.0904753090026077	-0.0930974217011891	0.0510941560761098	0.00975529860519275	0.0349310198107108	-0.535256781259847	-0.446124983989589	0.100440511453159	-0.087633782355115	-0.288004423954435	-0.146848096474951	-0.0800985715393821	0.0879509591033505	-0.245193407517734	-0.413880106821064	-0.452341830636996	-0.356457669441606	-0.0331440294057204	-0.174315135797041	-0.161415678224111	-0.203626303988389	-0.253740084671463	-0.0222475136938488	-0.201545881106805	0.092310886049166	-0.19322226824442	0.0504057059071768	0.124881908733736	0.0693165583917905	-0.15473579996225	-0.102432713161637	-0.170143574037901	-0.174613165507094	-0.313201827874636	-0.29267334787137	-0.0432697012322636	-0.185676290782038	-0.129072885479466
tempus358_Pre	0.314591169974024	0.0446262251442842	-0.0276371208590435	0.277016731262711	-0.0208865403482174	0.190728156966286	0.0984655720585008	-0.125405610123254	0.244622706246241	0.0135760693138289	-0.375421325590935	-0.225943899077725	0.253940305517351	0.0684427323804899	-0.158661476501581	0.0460033151516354	0.0310806957250021	0.253641703332653	0.309984180741368	0.0217693273243243	-0.191218416899585	-0.364001491622038	0.119793488418569	-0.0253763926032137	0.0621270403202511	-0.0255738920750875	0.128295827382148	0.0869187736349227	-0.165860172955447	-0.178012165169607	0.117888812838746	-0.327120872264455	-0.391063257108555	-0.392859368827651	-0.212248070912854	-0.115944148653748	0.174611978096772	0.112957722075608	-0.0269574462001202	-0.0880486137178248	-0.0935189604763868	-0.137934105875695	0.0422251669268901	-0.323512494406802	-0.214621118722472	0.242662499914002	0.125678839939113	-0.112044333932482	0.00126270519442477	0.0732830311869927
tempus359_Post	-0.110958114007858	0.0263560709335696	-0.111693830671725	0.206020944145039	-0.0404478471571838	-0.0285160698936207	0.0844873029734029	0.229699975232736	0.297804019985797	0.152130468816699	-0.209395581724238	-0.131902826950883	0.289932981265068	0.199390907115863	-0.00999813401543365	-0.0321450632344936	0.140908442794344	0.385103041973222	0.257356685982021	0.00976208120693309	-0.0611106967929926	0.159995914605551	0.0921690585187761	0.235006158024117	-0.166885546445023	0.123214595660453	0.423754132110136	0.442461451346434	0.396911953974244	0.141405487658243	0.0756131607685907	-0.277423199559803	-0.195536062316681	0.126311069125674	-0.00985799214006058	-0.0318386740095107	-0.0607480439393013	-0.0267817114387688	0.113141258577555	0.196478006069384	-0.0737302923970288	0.0133806475075256	0.0173392801022675	-0.192868365924306	-0.117502768883251	0.210831436672198	-0.0237101209616021	-0.034092513174945	-0.122341298977651	0.0537943426130374
tempus359_Pre	0.052715411969378	-0.107503316877096	-0.127405554369735	0.287345692463312	-0.225775047132797	-0.0535221316240323	0.0414129806595574	-0.134342780701589	0.325460913329375	0.0839419362389988	-0.406327066593361	-0.233908587914749	0.185961331293006	0.125883113100197	0.20125753052105	-0.191130020204313	0.322324056222742	0.00206983688101986	-0.0213970340072521	-0.1661033440429	-0.124654043062382	-0.15905219525783	0.0211097303813355	0.199159457402971	-0.160424815268064	0.164712724711311	0.428273729227751	0.374995192724829	-0.0614155977119822	0.248273875156526	0.0694386646142456	-0.31490601246458	-0.194360402759091	-0.293421841586147	-0.188057219076472	-0.22702646141751	-0.110477684399589	-0.0991617746527943	0.19354605377979	0.332216072930258	-0.0868800573990416	-0.0516568965587552	0.0885029085042236	-0.255227623160726	-0.318011309832859	0.0600643440568113	0.10863326855219	0.0672493982127716	-0.220055773282888	0.0627814763964853
tempus360_Post	-0.125400056711345	0.2493336426508	0.050776610508369	-0.186522872612304	0.237154373298363	-0.00929548604322411	-0.0422489193614742	0.125081023917732	-0.140441403415423	-0.00619157116840292	-0.0122840629477338	0.290788467443086	0.0602856694475396	0.197863672974986	-0.0104442368389548	0.190898799586889	0.0988642362701886	-0.645850077016778	-0.418408462921586	0.233236172513106	0.101996861264377	0.351151799382037	0.0646820972861537	0.176147104969963	0.210144984215443	0.384276243615302	-0.132456320035389	0.193741226820568	0.178075083890014	0.275499244897967	-0.051230571815654	0.377453469121222	0.228063767600635	0.401519218418057	0.320891063503965	0.155642725365239	0.112142403237864	0.304107504785053	-0.201624609560493	0.260235392581157	0.109385121623103	0.221485189238402	0.106090407547148	0.274133133564171	0.346235662452485	-0.153547337157857	0.155419445358409	-0.037830481590629	0.18198603805107	0.242652528966429
tempus361_Pre	-0.0811278164746011	0.103937903197058	0.430333011064628	0.0145178641639185	-0.186437365484255	0.0152753240725242	0.253415694522358	0.13994009051872	0.360959298852219	-0.0680003759868614	-0.0718467906515292	0.15950417327802	-0.393588637953961	-0.190760125658684	0.0426626285075253	-0.0681937328988045	-0.266820586943796	0.530407787878449	0.432933617118756	-0.0917292502307376	-0.00761427699389959	0.164682571489397	0.168049885720164	0.0334705034199337	-0.228874608161787	0.269197029325588	0.398351898271273	0.320921000391124	0.0883854330960319	0.118158053090804	0.0127915771722904	0.368726517782535	0.382204400998217	0.267546017614071	0.127658490915058	0.170572508465544	-0.052525173354935	0.216291021930713	-0.0434666024165933	-0.126169044285161	-0.0189130833629237	0.300888915768299	0.0301587429533749	0.410573663600112	0.334633082608576	0.178279461294711	0.188755556048337	0.0641333534722418	0.016950347467678	0.435457456371267
tempus362_Pre	0.25608732759812	0.0727741202075669	-0.0659601965720682	0.109745749377521	0.152212143683127	0.125603032361303	0.0661561643284493	-0.219488682997657	-0.1587213403045	0.191784812647307	0.081745090090147	-0.0214557816466712	0.305071475750898	0.158668863459023	0.270246903435245	-0.0814910029062385	0.11731929086577	0.27570595639533	0.212271090145053	-0.070245671401889	-0.0848788196076298	-0.121279745119675	-0.0220965363866445	0.0939591737169605	0.100515485659009	-0.226493154895714	-0.227961700364073	-0.273732298507799	-0.0485574666749521	-0.279639728018855	-0.069784513606618	-0.105956597229682	-0.101647334046898	-0.209598943492998	-0.219739995047795	0.101740325460107	0.142661519338636	0.00815570910838059	0.135178829242801	-0.297676249297147	-0.10210178577761	-0.159754640106201	0.0825438363607626	-0.152596443730345	-0.0360668047563638	-0.00835849388703275	-0.188581937011309	-0.0750572158553237	-0.054088291900565	0.106014467091076
tempus363_Post	0.443632796739374	0.254299787350529	-0.0594527201498809	0.0790270268130515	-0.187262366855964	0.289866262631314	0.0634341832628109	0.0210913804841633	-0.00441997499815702	0.215227819023258	-0.118957547225716	-0.0763436815331977	0.230068146100033	0.136281117035914	0.258517029045824	-0.196387430607356	0.444051205019	-0.125043511302701	0.0625761892656582	-0.0172274891350811	0.252602838893666	-0.130818903515401	0.144211066258207	0.156868918722021	0.0910429208673448	0.145471434860764	-0.148520619641025	0.31799733082831	-0.15744825776049	-0.203019362322972	0.200429858181949	-0.148854990061868	-0.166905374597878	-0.0586587875057921	0.102172270180779	-0.0677589231717676	0.193477663140333	0.146262612194905	0.254463345044847	-0.291272887957067	0.0508205007279199	-0.104914359083655	0.242671418365447	-0.216593793542399	-0.151293726520582	0.159263040274736	0.033432444612825	0.171823333151846	-0.0977555086314683	0.195995459864111
tempus364_Post	-0.0691145177129838	-0.00193166502664743	-0.331240834759005	-0.170267133250057	0.327739320687801	-0.245825790275114	-0.221480086609169	-0.286459864375345	-0.42517466812749	-0.0989857938069759	0.27164886123252	-0.267484151039578	0.253639453510445	0.0840756039669634	-0.322143222629761	0.27441041836316	-0.475512465745609	-0.391574922949121	-0.314730293978079	0.19927074754095	0.25259591625913	-0.100136444308904	-0.248660622224104	-0.416109134363772	-0.22942739422962	-0.483279712144569	-0.465519549190433	-0.642908985563821	-0.326662304797391	-0.140967802865523	-0.0917385516452851	-0.22785210957849	-0.274498246518449	-0.453972024644148	-0.243564837985827	-0.266470057858598	0.059960943161208	-0.217992430314811	0.000572255149589293	0.0812561444481448	-0.245703985952962	-0.0660116469547644	-0.0206826724152424	-0.0236257437765607	-0.124292266582243	-0.11226258931372	-0.174131133559999	-0.00559145786109649	0.228257806066476	-0.00915813220802392
tempus365_Pre	-0.00861078671330687	-0.167471543969111	-0.472601008525111	-0.153449376683002	0.215301540445694	0.160806569575296	-0.00442356563673832	-0.120174794659407	-0.336464325445126	-0.0520896905540273	0.188970998724119	-0.173647944002916	0.345841932034636	0.0602472729149725	-0.00623695507722269	0.0426756483594439	-0.148640036448261	0.587180703977767	0.337449741579901	-0.277371194007309	0.0959218348718959	-0.0783617400380412	-0.0944171040734481	-0.153926440810857	-0.0519026330643996	-0.396654880849911	-0.472862125109073	-0.427358199153708	-0.321844110580526	-0.283934127253429	-0.124752425569366	-0.227451620354954	-0.237864447599783	-0.37526771078215	-0.270473467168883	-0.199561961072227	0.17739033031601	-0.175532160060443	0.0861419249017995	-0.303096978498643	-0.00349009854123494	-0.220210742166924	-0.0882362312996869	-0.294785275976621	-0.347458967960016	-0.115678772430191	-0.0808467935372372	-0.141628487923758	-0.0524046869751923	-0.229393074777072
tempus366_Post	0.112110352927694	0.0394633452174429	-0.0746786474366835	-0.148256141631494	0.131245832427007	-0.101585172361291	0.148951972721777	0.04971247741912	0.23444566033637	0.00501597047953792	0.187258671380674	-0.19107053214252	-0.286211047057842	-0.117939871586002	-0.0826700459591885	0.0305562713272198	-0.311489395639267	-0.340690520600617	-0.155697359945966	0.022443603609178	0.108678345437929	0.244375051530671	0.11233145339539	-0.145412102765233	0.0217979951775001	-0.0923367924392001	0.314680571149269	0.0399233950390697	-0.0309129606020741	0.194311931227359	0.154566089374066	0.0377244347487642	0.0557169099282755	-0.0995707461117155	-0.100584594917856	0.329884688603572	0.228506626383019	0.0780924528297722	0.11170023000938	0.0751055063901502	-0.100435991567054	-0.124865653534846	0.140940062154417	-0.0502437869535887	-0.00765544651176908	0.193376866016799	0.241950719629205	0.194350693468576	0.04555027472812	-0.0841312546661258
tempus367_Pre	-0.210160067181552	-0.156039059405839	-0.36270249107637	-0.0435469450447894	0.338758704537366	-0.227706335339394	-0.0820158081674679	-0.114151459080755	-0.350036198623374	-0.0799681754636693	-0.00918363018250248	-0.216876163945567	0.230798682690749	0.0879532258529632	-0.0549360232449165	-0.0349187353303396	0.00819695330661219	-0.0324155456290344	-0.139909255783059	-0.171868584263997	-0.181111878474065	-0.445435137494479	-0.169805853687198	-0.155999522439204	-0.201252126681096	-0.322003664101598	-0.338789678674609	-0.501434094659518	-0.476940983826839	-0.350217967027159	-0.106234358460704	-0.196248035490688	-0.124788754475193	-0.319694650443945	-0.210205205002111	-0.00849077451413524	-0.0109185082534983	-0.149747691773212	0.039567688695769	-0.272941056995015	0.0162609516625211	-0.119977005089497	-0.0444041927683899	0.0138908488545652	0.075129904180306	-0.0783488693207462	-0.152439452606865	-0.146374129983557	-0.0442431792125022	0.153912568705898
tempus368_Post	-0.334404244455861	-0.242285410215301	-0.223215426551036	0.0292904874979477	0.028850103171067	0.0315729107463721	-0.0298680351408679	0.2441772530238	-0.0844629809931056	-0.176851992443741	0.0556285925869088	0.0136180761260925	-0.448596423297202	-0.384666123179867	-0.0575478658783168	0.00746550461824289	0.0242910628434219	-0.458675663687277	-0.307058322345609	0.0119476997371393	-0.282155230046921	0.059717366964716	-0.0436885192365951	0.0790123188148218	0.0643204564635305	-0.0843518956418383	-0.179311024265885	0.190334107455571	0.154919208438616	-0.269626658365786	-0.29726616083909	-0.174380183998372	-0.114800865236894	0.219749626182226	-0.17075664486387	-0.0477546139467582	-0.0476153766102116	-0.114885681419037	-0.0914133817185006	-0.247049217954668	0.0220353668711835	-0.0816131363928621	-0.168824826689038	-0.226956237927404	-0.107924938762514	-0.0495923574911357	0.000531329821435333	-0.176081693970198	-0.259528927574266	-0.21427114621871
tempus369_Post	0.254712831008833	0.171951224862126	0.404160355841787	0.00931318689403454	-0.208368938205847	0.260696553476157	0.144386723648233	-0.0849829439340494	-0.115509904637821	0.269741292046277	-0.0284552385684524	0.287385449764798	0.0677808959633725	0.149290522279489	0.0322196879515025	0.19661909306941	0.0573010253319825	-0.0653715678981904	0.0743939601009755	0.275843763075892	0.296401447421734	-0.277655476676079	0.143985767733069	-0.125049368040453	0.285236892902015	0.143448916128888	-0.205793995404997	-0.260005535260888	0.0397046486163017	-0.0373127904792361	0.221944900624908	-0.0151813760221815	0.168029905374944	0.00177377313568769	0.142124308293067	0.13067513960056	0.250205811244747	0.263509051243751	0.0883605817051781	0.182801547760752	0.191228284425779	0.0878069589378088	0.240646551213836	-0.137862950122846	0.117897061279691	0.213709179060499	-0.0539242231348235	-0.0699323956404282	0.119601468669046	-0.387735833594326
tempus370_Pre	-0.321282357726951	-0.159807372922521	-0.436763737043109	0.209324636182716	-0.263242928541385	-0.109054630002283	-0.399025106185051	-0.0619841031620043	0.21974779580456	-0.222175430293351	-0.300975499352746	-0.303684281084259	-0.0521049968270644	-0.00238817308689199	-0.18435502860953	-0.26107592463493	0.15266119608162	-0.56189785002424	-0.520632895194527	-0.159825429257143	-0.300217149041893	-0.292111148246488	-0.285682169918035	-0.202126282125723	-0.12253426642341	-0.289401873186514	0.306538283014307	0.111081208072513	-0.302472039473388	-0.17407689932858	-0.271053068076246	-0.34309371223604	-0.26364677317528	-0.344549713758909	-0.192363477075483	-0.38567331099159	-0.210506127504433	-0.267371791986999	0.183557309535948	-0.0419323279705856	-0.143825723252074	-0.13905749367705	-0.233032349052416	-0.356665668017787	-0.267798489843929	-0.342078980371648	0.22128844459244	-0.207501606097338	-0.141922075820705	0.0537118549761911
tempus371_Pre	-0.133811984775533	-0.303827157277894	-0.251292475110176	0.0181165378627038	-0.12997209499763	-0.0931064774542839	-0.168527848560417	-0.279422081241625	-0.192242905061836	-0.303899188789222	0.103185339384024	-0.309044920232951	-0.195624761836139	-0.208969017030195	-0.137072740283854	-0.145322551931551	0.0646373503301065	-0.147845346926744	-0.169071912976981	-0.157814969454028	-0.196744814348994	-0.259741228002041	-0.209146930531559	-0.218903935538459	-0.206339932416767	-0.399197625873465	-0.286708166795922	-0.525748970642863	-0.513781216541489	-0.353031099447892	-0.00198405542009031	-0.365356449503252	-0.361944177898594	-0.453365856458506	-0.234457150853985	-0.51856464249234	-0.132272066647199	-0.267744497612306	-0.0256400137106296	-0.275002290503324	-0.178746623319039	-0.329323892864973	-0.233093552264549	-0.298720794180734	-0.335647538645689	-0.104945078655429	0.0294510978636856	-0.0335419522938532	-0.075157937024548	-0.087978638271231
tempus372_Post	-0.148630674686591	-0.170491098892798	0.126790606488526	0.0964116052474751	0.336216399350085	-0.230837293094927	-0.305954931360139	-0.376675927110113	-0.124201798943096	-0.174833314721309	0.326078244194453	-0.149158844926371	-0.0858268938241638	0.00311013078870354	-0.216369654112967	0.0444464840999391	-0.417455791843935	-0.485057643355486	-0.323778168681048	0.0267717424973782	0.0688168876048109	0.16967453701745	-0.235804285608237	-0.455536209264196	-0.251547672660403	-0.351525958777052	-0.292576202321384	-0.497706961396369	-0.225984961958045	-0.314360831475166	-0.115754186766357	-0.254569422986539	-0.194797167065632	-0.393856641005608	-0.231187525910554	-0.238298783640982	-0.0596385017837349	-0.196302726156147	-0.0592507854037646	-0.0700242398152867	-0.16231207371254	-0.178137204634041	-0.0665785055185901	-0.0019874511425125	-0.144305743589943	0.0944485657296418	0.147291157931713	-0.0485284671228298	0.281055626008612	-0.165055715328906
tempus373_Post	-0.349056206008776	-0.103199763539106	0.0400632371140869	0.134536318953224	-0.203637522645468	-0.279234890381246	-0.109785043311938	-0.0293388610243738	0.379749672717933	-0.295287710403739	-0.289222726827962	-0.0499102627338974	-0.478353653223792	-0.306402097483397	-0.302709724231928	-0.131586947583879	-0.154197118997207	-0.337734375949778	-0.251519300853495	-0.15354128936182	-0.16462214434108	-0.0326745466834314	-0.115158730780194	-0.065572591757412	-0.180959966370103	0.121262391206792	0.435290191756345	0.133337868727623	0.0307574057046392	-0.144559371759864	-0.10221442973212	0.315714249566163	0.245945875388539	-0.00953381016497803	0.120271728315819	-0.273886483022151	-0.25867233389237	0.120563762262238	-0.22542894986379	-0.118933933284949	-0.156919142531445	0.147151199704844	-0.196470370076399	0.247306263532497	0.108664134221692	-0.228798592222492	0.125203134958556	-0.196386769716555	0.0444363726003831	0.233321362109405
tempus374_Post	-0.24768757641646	-0.125315436533574	0.0966580252594794	-0.330247604399202	-0.0387628289138671	0.0828303722088596	-0.0810432107847206	-0.201906425249703	-0.451575510181172	-0.0369756159816664	0.303544644714497	-0.0763825936882399	-0.0403054125867906	-0.120420575329078	-0.120148056228029	0.0941669506135712	-0.0926099886493428	-0.37535426601963	-0.239303097296885	0.139170372700519	0.29783006228205	0.0690561739514902	-0.0885098362305895	-0.382727797251534	-0.322929624021358	-0.412028508463338	-0.491874904647597	-0.537212490022641	-0.345492288072957	-0.0806156536183831	-0.0767961730889104	0.157253065142194	-0.113856967732064	-0.352415160402601	-0.0909747521192057	-0.189983897899782	0.00298034828834479	-0.15568961158224	0.0542879149240669	0.00218230368681122	0.0108027007440729	0.235742486936413	-0.113195551794186	0.247469084480813	0.1440484918681	-0.0329977801578632	-0.147337057935862	0.0514808548411207	0.148566646523071	-0.133844580179343
tempus375_Post	0.191839516916371	0.17293357894001	-0.0917768837141069	-0.161696105998993	0.0853513219982113	0.18939119274654	0.243039457315604	-0.263055868624654	-0.325099976209417	0.112683188195165	-0.0630814024439288	-0.189824181883213	0.358424783187131	0.332636176473143	-0.346107768152499	-0.11512681620559	-0.232803442158449	0.518494768226849	0.36463452808718	-0.191257825057205	0.194295777797558	-0.0271107623220611	0.0737282777561192	-0.224535080600372	-0.167655830963289	-0.292213428944647	-0.316051637690306	-0.53264194306352	-0.488615560104725	-0.107710098824476	0.147079794020125	0.256765282342867	0.000721319026329825	-0.307994683479193	0.0632734066302088	-0.171789272602544	-0.116823468861214	0.0437099612913102	-0.100732539367776	0.0820093912336791	0.0330334617877439	0.203630318222435	-0.0601231501696379	0.18815786530073	0.0510884916987391	-0.0727227301431322	0.0324566765007099	-0.0969632497801523	0.153663884123663	0.0686226722843093
tempus376_Pre	0.0897850862044511	-0.143798364679287	-0.361302560708987	0.0195012504929966	0.253059954583582	0.258274626918126	-0.0503844204663357	-0.0865354229284337	0.0656466969343312	0.157336108835687	0.0236814237387069	-0.29363101142536	0.379941181477745	0.329750819621045	0.110974204273026	-0.0798104401588421	0.181058683597002	0.194556393128373	-0.00996604771132897	0.0727162953484033	0.00686860318445123	-0.0410740534954738	0.0070970858078104	0.0474276440323456	0.237339420730345	-0.0664353094191756	0.206041395802161	0.228312239066842	0.0926273527378105	0.0603355133254219	0.091891109043017	-0.314699194321857	-0.205854945289687	-0.323986753106811	-0.222924657945402	-0.320641443037135	0.268727275279836	0.0111725710665	-0.0222412545902344	0.313533159007614	-0.107940474551195	0.00448012817157356	0.0906608283540419	-0.231205737553353	-0.216209883198468	-0.0780805897606207	-0.0912605982208993	-0.0859242745279869	-0.0615268400394822	-0.311230770568787
tempus377_Post	-0.375863439122552	-0.310401026774144	-0.0894309314902501	0.337885274640942	-0.226008215341049	-0.243395488088346	-0.203207200707172	0.319832793762701	0.604039027728756	-0.114339437658316	0.00283373363008524	0.013078208584629	-0.450645328121304	-0.273797368133164	0.0662798954980648	-0.307308104450702	0.164264034087684	-0.376017492960457	-0.296379219883033	-0.139849067328383	-0.292699151678066	-0.0146508701495727	-0.201226157624127	0.0530690164895962	0.0714051063354098	0.267859600326887	0.61897925098135	0.530955349578677	0.166802579986489	-0.145708600193642	-0.276092875219838	-0.144396978356443	-0.0493607892553135	0.184019250405559	-0.0431198448876908	-0.0103618029825544	-0.0893119734263073	-0.0554453374997722	0.0195064362586252	-0.199347906738037	-0.166790686546571	-0.304198776769542	-0.136005959907176	-0.199643237829562	0.0141755106945175	-0.120984128050331	0.305795632656401	-0.12148927296844	-0.129094577886697	-0.229575950486832
tempus378_Pre	0.35480372078376	0.232037136079006	0.0880133303157442	-0.102101665769881	0.201506707791828	0.0892802203025639	0.187819096074719	0.0943955524057095	-0.166404291031938	0.118396329284955	-0.0404306535065478	0.151981903695009	0.167294259771848	0.0779070030415461	0.195854919435866	-0.0400625998402703	0.122836407483202	-0.071568815896624	0.146906108381824	-0.1117776248817	0.0211485543567687	0.126174043437009	0.0839522081595568	0.216590198678121	0.0521118427133218	0.205946152723608	-0.209867230151936	0.394959651433655	-0.0285163647991463	0.213780116906292	0.317841152421455	-0.0475132592658428	0.00371591513883471	0.259002917020402	-0.0345669827247693	0.429363659110595	-0.072118972093387	0.182953312394065	0.219128405983158	0.212085553073703	0.0718016469357505	0.00688381080031425	0.0935741037393081	-0.0562577023538214	0.0716498579409409	0.320863524230589	-0.0565309745003709	0.139880349962937	0.0590886165896329	-0.0326842527588798
tempus379_Post	-0.228590390258973	-0.132718016231046	-0.0228888280085568	-0.0593104184969963	0.108632177273091	-0.0439218490639324	0.00703679564588705	0.207980748381812	0.375071608919691	-0.0635160065680321	-0.146685359147713	-0.00436950691752724	-0.13845090555108	0.0137966867274741	-0.212596743212684	-0.0503287618223097	0.00865543540057898	0.371950227674914	0.144317714758026	0.0484289617131244	-0.328402701675531	0.0525369592519943	-0.115783898895146	0.339421453577549	0.0967455717168101	0.108492082771636	0.34466057316768	0.39943001766312	0.521244050872942	-0.0234022559226635	-0.0766925437195164	-0.214972153271383	-0.125572676808745	0.295008895069876	0.0541214966136603	0.0339986461265492	0.0383593068764225	0.237279585599088	-0.234215922696082	0.0922759934226187	-0.0635879937404127	-0.181895709113689	-0.0356171502077691	-0.343705570846863	-0.00402903410443706	-0.0665804115884429	0.136217313077462	-0.136588792652993	-0.0968134560350457	0.307856774210376
tempus380_Post	-0.327988067150417	-0.191895449637536	0.205783927281172	0.230408703900943	0.210047275224518	-0.11947207576024	-0.211409055231413	0.248779431603349	0.326368529454199	-0.0235882768997801	0.0152243647961392	-0.208813560565055	0.325852873441296	0.313009681558956	0.130947856376739	0.0175463262481423	0.0164737173317123	0.351765721475506	0.151288338697667	0.10306705918268	0.127088936780764	0.267009252396309	-0.120935442137617	0.14114922443982	-0.0147475063031074	0.285268379619339	0.489594882475331	0.412957809089538	0.379534396583937	0.192033201552542	-0.10964011210996	-0.180349276788279	-0.197356955089337	-0.0287779715343564	-0.104171994403019	0.075120417311203	-0.116785530029501	0.0451152573997876	-0.0316473223882519	0.246051871351028	-0.205244724012214	-0.147640915259492	-0.128653794028261	-0.128392422983074	0.0552844032038342	0.000943414436782142	0.0741722075636458	-0.0122601713228409	0.0249246499820303	-0.0821719186631683
tempus381_Pre	-0.0776709389623828	-0.316797259714209	-0.325560688394867	-0.230300892173932	0.243052250425363	-0.236189612399374	0.0674778878519383	-0.284876311351546	-0.430112371980393	-0.0381654029530021	-0.2644080019382	-0.434232403976708	0.00499124706426057	-0.118911633593987	-0.353889465757536	-0.072153140276685	-0.423255348585079	0.663825812643647	0.505290656198326	-0.128668439232171	-0.187853451637873	-0.137443055968935	-0.0829100555196341	-0.185042843683498	-0.189950364180728	-0.444576872528484	-0.528667815633994	-0.505124174744103	-0.435159096429432	-0.394683867021979	0.0545370342949697	-0.274803267595655	-0.455025338617952	-0.545140016254454	-0.405492148609836	-0.447345720732539	-0.0702828022500112	-0.166063900689683	-0.257143299825223	-0.43674599225976	-0.26820754899633	-0.233665211580465	0.101282807464141	-0.363153204318037	-0.312786082315349	0.17689611918451	-0.00580379587176946	-0.185844884912138	0.210166888126623	0.263704790006628
tempus382_Pre	-0.320333141301832	-0.334353303695949	-0.489897155528798	-0.103406203147769	-0.0473247209779565	-0.0835725328721126	-0.255212019071307	-0.102203556456466	-0.376924914667023	-0.354770277461719	-0.33892928108387	-0.312774855037804	-0.0450959926464868	-0.0970281228012052	-0.263782725198404	-0.0549993802308146	-0.29100641913502	0.0706399672375579	-0.124353930092547	-0.102253153724824	0.0859403398271826	0.266725109495853	-0.268028898268261	-0.373334120066719	-0.318023382747417	-0.475446186011683	-0.455121995443662	-0.532184768511427	-0.469651128694477	-0.40986140355936	-0.310788794791161	-0.360814602018171	-0.463660395551774	-0.430578745530613	-0.27791733960613	-0.447813262720364	-0.386097177623023	-0.172891559063926	-0.0356307581168481	-0.536342141615137	-0.15994275395266	-0.303312198952041	-0.231762815837041	-0.194774360329138	-0.318514794892022	-0.132824088535364	0.184846505969039	-0.193128444171319	0.0932868811136603	0.285277191294405
tempus383_Pre	-0.266640081796694	0.0689685173778239	-0.040286507481133	0.368460082427054	0.360998891389325	0.0599917227864386	-0.239262481147044	0.32307288253874	0.560453863339128	-0.111310390674477	-0.0214130875007606	-0.296810155352126	0.115478983480578	0.106640538504683	-0.245475138711103	-0.241305582003041	-0.182336182637986	-0.466596432074485	-0.493803483410005	0.0445952690158519	0.00250149180515569	0.380707995037698	-0.255796977990279	-0.0294572648201959	0.018710963637868	-0.0538202116893397	0.598389558200251	0.403720990803457	0.421654918636713	0.190502444652712	-0.226791868706817	-0.232525383981739	-0.345023934880557	-0.259557150813813	-0.0224354659340021	-0.290654130160287	-0.0553942743380376	-0.0850206615146627	0.0210604305520639	0.14847254312806	-0.207197760034676	-0.122537844655855	-0.253510849972147	-0.309719042407245	-0.274101057187689	-0.428509402866292	0.0945692641148998	-0.236380894929638	-0.190044072340829	-0.12525458786799
tempus384_Post	0.189602115631383	0.10345785316374	0.394673338791953	0.279469479719428	-0.310195770041947	-0.126770138917555	-0.0299866165898921	0.0617074717204177	0.380971653277467	0.133458539692172	-0.0170617515408381	0.140158885951885	-0.261379876206058	-0.174485078052055	-0.23595650131038	0.125654236769187	-0.367142643472234	-0.413918263836	-0.196139853578049	0.142073952048616	0.125353549468507	0.0542112173083402	-0.0222403541540944	-0.123932286717351	0.101057717457505	0.119146035661554	0.432630654706033	-0.061984132647929	-0.157571001145538	0.14469328488094	0.100488036401843	-0.11388204180625	0.0394358361020107	0.0725018872147686	0.17659936822079	0.300477428669517	0.103078299316577	0.258029776469123	0.00513785479707085	-0.273730960932652	-0.144441848069156	-0.148553939263963	0.0171727531324404	-0.01584888454314	0.145844491923488	0.0424004979801792	0.185854475921311	0.102004629835886	0.0558011890988724	0.156654238677906
tempus385_Post	0.132498293225335	0.187423846951199	0.173258050435692	0.125577547785058	-0.298606966732878	-0.125013226202504	0.14571642040086	0.133168757566354	0.28496580874911	-0.0218009612850419	-0.125005705382591	0.00917905308344176	-0.384652521515687	-0.354537879125298	-0.0799846038308656	0.000857624008008429	-0.080594675515071	0.272370714707879	0.224777061579512	0.106804054811006	-0.0825559897366308	0.0553626902256945	0.0129123539115043	0.136482822021847	0.326834889483193	0.355398205517103	0.334152886769677	0.463985885368299	0.537414507014351	0.292139315407619	0.208103466309621	-0.199930290004209	-0.00362324059431518	0.171201826585842	0.273669079747974	0.00720554712989932	0.0853489739772781	-0.0219611007956877	-0.125155162567351	-0.0132633411479026	-0.0607838107371625	-0.155286077099004	-0.0403645793053088	-0.299089368842024	-0.158359336530642	0.112470966853076	0.14590833002914	-0.0482984938808396	-0.00484108466921682	-0.0938432287955446
tempus386_Post	0.0896935844099618	0.0289481951564116	0.125214878959787	0.358985689579497	-0.362005055818908	-0.0891433644585218	-0.0176501890422811	-0.0477227769602402	0.421162314212793	0.220466995852574	0.12982324528423	0.319660095402261	0.162298754908798	0.262927969795551	0.199754365951096	0.09132645093957	0.315099714916039	0.304292658224921	0.128517824718506	0.123320621317628	0.259356351994309	0.0750290321822852	0.00585121174120679	0.154899097270792	0.295376877528347	0.288688059119533	0.444098177069328	0.352370398388263	0.0238875268992999	-0.110496015605074	0.100764901362681	-0.0481854830631127	0.260048979242636	0.463308880894288	0.191580693816501	0.225592318180802	-0.0081964532612501	0.185371894464071	0.0567739824542257	-0.167720482865989	0.0185441804777016	-0.0386924713259839	0.0492949051332868	-0.116832774275237	0.202572601506072	0.0132521622074621	0.188750912962335	0.0132602532476656	0.0843772986660795	0.176968860791985
tempus387_Pre	0.0493590801311178	-0.0596363780063147	-0.0156955516227204	0.218881524944489	-0.0138326017417918	0.0113198634462233	0.134805096321639	-0.250517164972221	0.0708763133250776	0.0854963442575994	0.105320824035052	-0.227960057311928	-0.021275486403085	0.0216030384806608	-0.197709446658168	0.0164672482683643	-0.0640374864490795	-0.290201181926114	0.0335885572959582	0.236041732195863	-0.263472726322006	-0.0322689977608469	0.0639512473570997	-0.205347609519258	-0.0628932579124159	-0.154037975543981	0.13089776815029	-0.44049348425902	-0.379291114609645	-0.237001241872408	0.11765319657357	-0.243649266050812	-0.0529508941585467	-0.329581936811511	-0.242972594124855	-0.329292028488635	-0.133731914075459	-0.0277914441252895	0.133011773099709	-0.0298267464983613	-0.12355315031246	-0.17470638582755	0.0926076817350829	0.00496219038007259	-0.0388603652580247	0.328242137612145	0.0623421109282169	0.0922610522319453	-0.00616900065893278	-0.307496293821648
tempus388_Pre	-0.318654703380982	-0.264565194446053	-0.162328513252083	-0.0107191127577309	-0.186401961021722	-0.206440119635395	-0.18591571968547	0.016829959638443	0.231536747868566	-0.156562407522258	-0.137163769806346	-0.138202113943813	-0.202348448419652	-0.154248515563819	-0.181539692405681	0.0362859510352604	0.0166648423681331	-0.420215938711386	-0.376383066440009	-0.00781005544836053	-0.200876508137377	-0.0515495824474693	-0.0986262990890685	-0.0383370414741259	-0.0662883042463893	-0.149268910538364	0.342643240545515	0.15995871730394	0.0858550407669443	-0.051945967583824	-0.233533240538116	-0.279950010901836	-0.246754432478337	0.0466984002840443	-0.310622582442442	-0.174922246528163	-0.299348138633803	-0.10477623929288	0.0786728346960108	0.10750903189926	-0.0474180868480629	-0.239411954831906	-0.261595911936612	-0.0800045123088207	-0.0706343007026861	-0.116634696359398	0.14039057568692	-0.0342465901286047	-0.0330949404519406	-0.00888775371702483
tempus389_Post	0.0824797877644908	0.0865476952634866	0.154981052225061	0.27276879991235	-0.0145633632108363	0.0112782608821459	-0.155141728208814	0.0263978462627857	0.37263813658195	-0.057836123174839	-0.214551689506439	-0.145346108826805	-0.0133842204359626	0.100681333092346	-0.118974953996381	-0.00824018330588228	0.147108251439607	0.203302027252976	0.102543807601669	0.15500471945578	-0.0319435039908203	-0.0397544477007813	-0.00937329380642515	0.194365574492487	-0.0484634715694307	0.315107042267916	0.441185011954458	0.273364137975757	0.295480384039997	0.217646527194276	-0.0762632866677829	-0.208649260249893	-0.22966320829932	-0.213894110065264	0.16803652677687	-0.0310680546642071	-0.0633823266130353	0.0837265907618197	-0.204087842646344	0.116774016794259	-0.157792541207996	-0.104933771792489	-0.106042687069647	-0.191792422473821	-0.11417671379966	-0.188514876253976	0.208357869997842	-0.0225027112800208	0.118991914111038	-0.043657270955203
tempus390_Post	0.351917083003654	0.0691166426593523	-0.0922921328867741	0.138925284202709	0.219229558946419	0.149330206404972	0.43484461607456	-0.274981219717836	0.243945753408149	0.198483582515482	0.0296480731361023	-0.381791994809669	-0.132534360040911	-0.150121331293094	-0.203276346363022	0.0223143150259753	-0.38103034155555	0.470867286710051	0.418955995367871	0.357337336931949	0.318300322423034	0.305806043445971	0.242175146281464	-0.280521050502367	-0.114172662981934	-0.190635487822363	0.258289943780529	-0.400921385787208	0.22426487656373	0.502807927853437	0.417032484282426	-0.1106928377217	-0.416343983208935	-0.514589348518528	-0.0936220873623203	-0.141406214520413	0.015569898742318	-0.0356232670855828	0.2003387886473	0.468875716620236	-0.164726770142459	0.0493486613059846	0.257500193286853	-0.266192705728077	-0.322132706382695	0.275866901795998	-0.0263815766548138	0.358027364944183	0.121310832548803	-0.0564204045731533
tempus390_Pre	0.255883501340864	-0.0262446526711266	-0.238263201519465	0.098674552324573	-0.0452760241989992	0.292867644906951	-0.125513319286151	-0.135243250508814	-0.203528999036156	0.100774466880138	-0.162688413808709	0.00875019233519755	0.3068874402368	0.178992645957867	0.325541778131222	-0.0288768891781903	0.333151770291554	-0.155876547277293	-0.163747413277065	-0.246813635920524	0.11275539305494	-0.127122207488071	0.0646263004427284	-0.0734315239954395	0.113421449020346	-0.0629944517309129	-0.197908031416317	-0.0490369845698741	-0.527422402246417	-0.145545810466001	-0.0704462635903539	-0.101991083454507	0.151313935114139	0.0764524369394697	-0.263545757614326	-0.01182639419655	0.0310535240069671	-0.117988884284241	0.326233614581039	0.0234623992688594	0.16597922487236	-0.0743536013644699	0.0275933799480062	-0.0399992877807051	-0.0796102857542908	-0.0753148550357624	0.0981889960704751	-0.0757143481464733	-0.0999134732941978	0.00608226046890967
tempus391_Post	0.0840089352941105	-0.133852099550804	0.0870880206693399	0.210093052686227	0.352566158439806	-0.300941654656639	0.231761542036161	0.115348721776138	0.544048105139751	-0.0969400253591139	0.00826055578841767	-0.323805455202042	0.148171142719365	0.253017720305895	-0.256481872891736	-0.177294331064077	-0.165359381977134	0.196880639086575	0.299733650921627	-0.0112088422513926	0.108017637652596	-0.0504624917732341	0.0539265956104248	-0.00304713166660669	-0.0316855220219611	0.232329150282493	0.597792566653121	0.542620196080743	0.492655557022165	0.0503996950226243	0.215256233829331	-0.201091674985087	-0.117815622482997	0.0124158633021977	-0.0771701061158337	0.122826134564788	-0.115005810009931	-0.110423183622783	-0.0399456837986508	0.201113620504481	-0.208013178801429	-0.122278963942051	0.0764200990414183	-0.291106138903663	-0.0618767512809942	0.376090382187063	0.188725919245194	-0.000683142027956163	0.128464507022269	-0.157732408124774
tempus392_Post	0.0621132403633247	0.118418570952301	0.273035573993283	-0.345391423101177	-0.193079730064799	-0.310571141485609	0.0503335697009879	0.217952944535069	-0.251466234887825	0.0323536875555227	-0.201827880686557	0.234142088558755	-0.0597813234041272	-0.0566659097349826	0.224761494895835	-0.0307270209328467	0.268027819905171	0.508140294362094	0.386339353187725	-0.0950051131006429	-0.0318370915861035	-0.076694294534262	0.240030763691847	0.505761316673393	0.192548152548515	0.383389732952872	-0.283354683690911	0.314976409898866	0.348210470333528	-0.11160014449669	0.168122301152012	0.361817526981442	0.358066606756498	0.387197104136743	0.321844178029213	0.407898881289018	0.186236537802462	0.277934170784648	-0.174676255135694	-0.212869692282343	0.111099585730775	0.293806455752376	-0.105954140628133	0.302352157212948	0.290899160245778	0.15992337410374	-0.14592914481434	-0.139328864245706	0.125252104139468	0.116676649420987
tempus393_Pre	0.197990657394876	-0.049786848338649	0.184143202147665	0.205554176849021	0.0859469902134921	0.204120026805072	0.0504363352421803	0.0328545480330343	0.28370214077356	0.21543295486259	-0.119418141617191	0.0262673206196974	0.190226123149116	0.253890707979112	0.251901927380262	0.281377004171205	0.264308097221705	0.199693981744317	0.0378457580524808	0.166037371012732	0.213097307546392	-0.184544621201703	0.0918995593412877	0.180512406102707	0.191657970346335	0.331172058915232	0.387355620965173	0.395668260392601	0.295892693214225	0.216813579818227	0.0925994893537938	-0.0573781574885812	0.0976193129350929	-0.0634300300503613	-0.188041065305658	-0.00216760245653216	0.0861954148970021	0.170397564531454	0.116619141845335	0.127766574818865	-0.0723028654884031	-0.0057877728797214	0.122455520759323	-0.0591601008549486	0.0960608961920221	-0.107862821133667	-0.158461146027376	0.062016821367834	-0.162062950916036	-0.243507307238315
tempus394_Pre	-0.0589586958352006	-0.189072261520522	-0.436261878598621	-0.15356641817266	0.281022867999144	-0.219588198019755	-0.0127741276349404	-0.357927265440801	-0.336419970101618	-0.272105111644408	0.222270369201366	-0.202801294584046	-0.342836719458841	-0.278035889513337	-0.253475223708852	0.0683934487688917	-0.425046700982834	-0.448718632422195	-0.376036215764874	-0.0224092060746334	-0.0550317684467768	0.0148671185766366	-0.240833003179959	-0.399081579967905	-0.378465904750369	-0.541680351310023	-0.459254947521087	-0.619091695841241	-0.468563457772899	-0.193141263066672	-0.067487212743465	-0.221928323744963	-0.320196906657118	-0.4996868040582	-0.31104085343331	-0.19035789385851	-0.0324370832790665	-0.284359163736936	-0.0241345136628953	-0.217613369291353	0.254144217330274	-0.290996111045355	-0.117269121171705	-0.201956665652056	-0.315042477426667	-0.202844659633585	-0.105668653517557	0.0112537860262598	0.106387238500194	0.0100689596137912
tempus395_Pre	-0.0550841535301608	0.136947501748445	0.11754744373895	-0.298545386203332	-0.310086276889123	-0.387252525394199	-0.0513963221079705	0.0433061358355013	0.148850317280561	-0.0627742915444065	-0.240900999621754	-0.111750450748021	-0.10484074772399	-0.0931458717732314	-0.223165063115637	-0.0165310896407091	-0.33506536656466	0.437093057343453	0.317814694475635	-0.10341164714228	-0.202738985075924	-0.252491608624474	-0.0630920030667195	-0.0645274847495302	-0.118973287472694	0.2064567022364	0.234072953451789	-0.123140216222026	0.288159783617785	0.0352010838075613	0.0701889257718752	-0.197215158442321	-0.254437103496174	-0.392200795035779	0.14794440640111	0.00279491970907084	-0.162518010115399	-0.0409304434987084	-0.284928278084018	-0.337262271588968	-0.23340626660352	-0.163865905315037	-0.148741044634618	0.0404346813668133	0.0409224239818942	-0.142410404918403	0.24727828068421	-0.24889973262379	0.114101407060691	0.0582726190932526
tempus396_Post	-0.31545183427861	-0.106347863259906	0.191155888926174	-0.197069723471181	-0.321478536109255	-0.280637570127784	-0.0267887939447494	0.0480549053780857	0.0556426994012835	0.00658097510632186	-0.396147057645698	0.272919620505227	-0.0726081211540882	-0.0275983920141304	0.0107683318411533	-0.164650337165861	0.0453137225018881	-0.401923475388431	-0.191218430829436	-0.274341152865699	-0.137479848148714	0.220597591447705	0.325103452203576	-0.0767529363121149	-0.0986218894920578	0.169441724707101	0.294687478044116	0.113397958478229	0.00510533646076541	-0.125763731857521	0.00147250731408316	0.543141546755878	0.406568797485052	0.350621231471541	0.0114582132585118	0.0938593394929026	-0.239084304879645	0.0599049623577596	-0.206177200361925	-0.208940888754445	0.0377873580235279	0.316840293125309	-0.0606444897064504	0.480773828542817	0.282042226315579	0.175233503028546	0.182734940830726	0.138433412268764	-0.00233253527241584	0.482543991852521
tempus397_Pre	-0.0295735400564852	-0.227114910265815	-0.230936943143923	0.225357077193086	0.304014625256076	0.342636462058489	-0.222498314867999	0.0625852332950695	0.0673217505137342	-0.0382966489363031	0.0405408577339899	-0.377969473180471	0.179270234800612	-0.0179916129959682	0.0311009234964377	0.150235011237084	-0.326628875482168	-0.270300513961128	-0.283145454791348	0.0488793063158265	0.115960252671657	0.264704158951616	-0.115687805975121	-0.186389893480515	-0.0215725434675139	-0.403853285332323	-0.0502790931282969	-0.293818955591337	-0.372593195458749	-0.162864910982728	-0.18882830991249	-0.325885763504138	-0.467933945221663	-0.498707985800526	-0.353160529317176	-0.24244391276531	-0.0949660307307904	-0.159952514728181	0.071947721263695	-0.11717071043692	-0.101375994063053	-0.191221506672483	-0.119078275000934	-0.26038039220242	-0.297226781440791	-0.0346258038163736	-0.166327627138082	-0.117758346713938	0.0141776260066978	0.171926409977459
tempus398_Post	0.20251615134633	0.167956441873145	-0.264617289309214	-0.338658981555356	-0.14217732286348	0.0938052113139042	0.184240594877992	0.0263127714147703	-0.527995730847677	-0.10359191739088	-0.0798924279607391	-0.000820954583854866	-0.273069021727998	-0.321591800146884	0.0301865986504733	0.177405819411351	0.136066684554061	0.0335044312531828	0.0153794408243892	-0.00973175336312673	-0.313801579355075	0.306420175589018	-0.0373240877499591	0.280765690819589	-0.0812215255843591	0.0187873574186058	-0.590497537981072	-0.00319771355066914	-0.0122838312778866	0.211707594417087	-0.00347679946227111	-0.00333279247120356	-0.128805561491056	0.364223965649089	-0.00757092460900627	0.246825710710763	-0.0223598051088302	0.0180502195790793	0.107262015600323	0.451432807295369	0.0515882136059827	-0.0742801453870468	0.0723747697083532	-0.0723481222867201	-0.149317408270773	-0.217199446976595	-0.201447121446328	0.0820013586296174	-0.0680733575913448	0.20125267432122
tempus399_Post	0.0198665651504416	0.0804606710498722	0.143040723198125	-0.0225918397143761	-0.0600487911055276	-0.174920188031912	-0.000774299335828593	0.254598778054535	0.221209450263939	0.0114493507600369	0.138703733471768	0.149558005188547	0.227457177521727	0.106662563580362	0.00668211452808035	0.0361650159397235	-0.0164464048739023	-0.290587013153305	-0.255179139261376	0.0676583407795135	-0.120969620633693	0.15798914234642	0.0485116454909532	0.267227462356222	0.0309948998467941	0.286654951520755	0.356034774105916	0.490374892323039	0.597524152914617	0.262496716252588	-0.077264972609143	0.197106033097084	0.240695248278021	0.463286963598204	0.102027153764971	0.0177711257408788	0.137506369346775	0.201862270856588	0.0494602981052941	0.0697061018570072	-0.0774736392476245	0.203648688682483	0.0226191167869745	0.0750023310142428	0.220299896055328	-0.198339531289461	-0.145634972174932	-0.0246901611520879	-0.0734196490999278	-0.0592087548022548
tempus400_Pre	-0.242275595209858	-0.0155207022895051	0.294965111038785	-0.155708144018187	-0.260562272678529	-0.171751556104138	-0.113717109701949	0.291397656733724	0.131949439853912	0.0013007718487098	-0.132667835416736	0.215408816710512	-0.108974409529977	-0.0824079725068953	0.00470924234601308	-0.00121833226702521	0.403050424453674	-0.380054161126183	-0.30250588170188	-0.0234349204242818	-0.240659924180451	-0.196807885912904	0.0620875592318152	0.536546000123806	0.0137920495984512	0.396494426647152	0.157577708249661	0.443850351943879	0.42990963267026	0.278939132909421	-0.0391832187508055	0.037516971460526	0.0313232943575875	0.404782093067767	0.199743931360269	0.255820756257347	-0.0392402783738685	0.169777029209905	-0.114375420467079	0.0453046852155108	-0.0105579689897447	0.038454393605674	0.0867728520416649	-0.150098061754365	0.0710712434825623	-0.100291483213175	-0.174901839773118	-0.162637976115379	-0.0668920050203982	0.256708950896225
