sample_id	FOXA1	SPDEF	KRT18	KRT8	KRT17	KRT14	KRT5	PRF1	IFNAR2	IL6	FAS	CD40	BMP1	SNAI2	VIM	ERBB2	ESR1	PGR	CCNE1
tempus001_Pre	12.3164150717339	10.8911509677367	13.0788339827991	13.2468231462154	6.82717440582396	6.25363303571964	6.07359346880793	5.82623464204499	7.78766660409275	5.82623464204499	7.21597923996165	5.82623464204499	6.25363303571964	6.07359346880793	10.9496947674423	13.1988841793632	11.635848549612	9.91620268908575	6.82717440582396
tempus002_Post	11.7278130948936	10.8909952243761	12.4437699811767	11.480185977303	6.39649483208713	10.6337153463932	11.0974161036819	6.50140007627219	7.76463122277054	6.03800059790962	7.57676256856097	6.2980771581198	6.81583254945404	7.07606192502654	11.7646802853512	11.8302118567266	12.4142915795485	6.45706548287561	7.2512834137798
tempus003_Post	13.1609037912386	12.8565049552475	13.7252286514301	14.2307276495895	7.80273983682756	7.31988745659919	6.88221631649984	6.15109352378699	8.45664578153223	5.82623464204499	6.96982974481897	6.05618667178942	6.88221631649984	6.15109352378699	10.6843741490247	14.1199158554489	10.2766773498333	7.12426649284266	8.16571276311174
tempus004_Post	12.6791738946568	11.6710168551155	13.3480908250962	13.9684855895651	6.7008860221894	6.98187396817616	6.83987119868698	6.2988324874005	8.75355007964755	5.82623464204499	7.19810216653261	6.23597037089244	7.16202254885409	6.23597037089244	11.0649175355418	13.0401424778317	8.31456814599624	7.39261357742671	7.39261357742671
tempus005_Pre	12.8834251763006	10.5177096092545	12.3406002517116	12.4305935400767	9.27129856731371	9.32398435735994	8.55150187114137	5.82623464204499	7.99757234738029	5.82623464204499	7.33978240241397	6.07034747940985	6.42068596113628	6.07034747940985	11.2248489299776	13.2241203542493	12.8561187829209	11.0250182337551	7.01439113034035
tempus006_Pre	12.3171177798173	9.76034712303097	15.4235433153999	16.1004246882067	8.40074051340455	6.14064408896098	6.04877521650498	6.14064408896098	8.49264852840406	6.14064408896098	7.28983328638726	6.64855401119099	7.15225619955636	6.52385116926557	11.2511551087458	12.4848309622495	13.7501022419466	8.39478574202333	8.1175685736105
tempus007_Post	6.87914264174556	6.65740979353247	11.5443494969151	12.8254771962224	9.10822275192323	12.18710824566	14.0268584141821	7.93040938646227	9.40140153964356	6.25693868266205	10.0275015216346	7.74572059107204	7.9367642105496	7.6619741930933	14.3678576724011	12.5825316086114	9.57822088389893	6.51669746900635	9.82612107468139
tempus008_Post	13.0843193057864	11.3251510645583	14.4855944374372	15.3316373440051	5.98971740407462	6.802461875911	8.78201787793286	6.22562173044234	8.23803856292913	6.4946574611926	7.95757517874493	5.98971740407462	7.17420901247096	5.98971740407462	11.6081194606406	13.3833949230967	13.4709806512648	11.9387167927103	6.802461875911
tempus009_Post	13.4332783461652	12.239462201366	14.1226542407413	14.2666826122915	7.09935480822274	11.5431762738463	11.0948997669829	5.82623464204499	7.93364821683082	6.02895104149525	6.69729104707782	6.02895104149525	6.78167224746961	6.27804667180751	11.3719678489198	13.586683640777	14.180642619251	8.56075241601841	7.14122133763452
tempus010_Post	12.8646498320891	11.1327262340829	12.7933845982197	13.3448209270045	8.26552778653963	6.53134671389548	6.70679063755603	6.10512880169544	8.47549309676206	5.82623464204499	7.0028790129057	6.13792698834768	7.37895313339492	6.34599516815124	10.2406789713828	12.5495352557809	10.2752096108763	6.90093129359523	8.20212287465369
tempus011_Post	12.4035015210452	11.6528802342897	13.8096766343104	14.7557402847783	6.05657923853788	6.36389767124048	6.28547198440587	6.1516469467239	8.30886968089822	5.98919927433409	7.27647389535258	6.05657923853788	6.59893229654446	5.98919927433409	11.0099252387562	13.0379624467408	13.0449077216394	11.002293955454	7.20404289314027
tempus011_Pre	13.0603158279529	11.41367207616	13.5172257124052	14.4074910590347	7.735918632324	9.23766258617071	8.90320331709916	6.15206851946345	8.1486471364593	5.82623464204499	7.26251531526367	6.15206851946345	6.38823550660755	6.05687828107565	11.0852423501476	13.2279044975277	13.107403185271	11.4516103162589	6.90801906892653
tempus012_Pre	13.0731146641279	12.0707332559295	12.7776966129833	12.4559718661352	6.3225118042793	6.23210430754452	6.1136994095754	6.3618408522145	7.44366639496003	5.82623464204499	6.722309352598	6.27964036948232	7.04479161127238	6.39835939735015	11.5711074994906	12.778625047196	13.1371317371369	7.22484745784649	6.63020983074776
tempus013_Pre	13.207078088706	11.2009280064148	12.7797596603242	12.6369965254539	6.16014914559447	6.09907686681302	6.01930676173576	6.01930676173576	7.87070162520736	6.09907686681302	7.39815695872802	6.09907686681302	6.51628889810809	6.09907686681302	10.9492775816865	11.5743250677286	13.9747683347289	11.7766561243653	7.18238539451791
tempus014_Post	12.4130741038102	12.1605007298767	14.1749661923466	14.4169701655726	6.4879519930036	6.68390535090269	6.83942222908577	6.24692749390432	8.07222715875934	5.82623464204499	7.32361687905561	6.12423442854687	6.93547735524362	6.38130292327689	11.1449743251792	12.8044147496382	7.53963369410818	7.08699364176416	8.37567490105536
tempus015_Post	12.0679377533251	9.75467203483351	13.1658388329445	13.7157785509286	7.00868884390364	6.15049605642722	6.22295745002549	5.82623464204499	8.55817979607476	6.15049605642722	7.50900103374281	6.05576286714081	7.20775651897356	6.7025954462624	10.9761720672041	12.6811586910164	12.232324307611	10.6882423859734	7.08564083129982
tempus016_Post	12.6529127985262	11.3193788908747	13.6003082541274	14.3840290764881	9.6263684835447	6.5595446396486	6.72926902696006	6.20789010753333	8.70136609042139	6.42709399059985	7.96803170257687	6.39666560432648	8.33618772426559	8.0950802028434	12.7556409146252	13.06662032492	12.844307228918	11.0402201760233	8.42519064589303
tempus017_Pre	12.7576469978764	12.3556593141969	13.5247881236527	13.8415703324009	6.27405803558075	6.27405803558075	6.16533686835601	6.06629144519567	8.10742006118736	5.82623464204499	6.87761914391677	6.16533686835601	6.72671036597486	6.30470644902643	11.3267079028487	13.4966649733551	13.6033663902223	13.1684917715472	6.86493980488034
tempus018_Pre	12.8102044341499	11.6765712825322	13.0926827659518	12.6952691208679	6.85623686469318	8.81179880777483	8.34869570941663	6.00394565288774	7.60223704894105	5.82623464204499	7.41314577879868	6.38506141584958	6.26017356558321	6.00394565288774	11.4355738842401	13.4887005588804	15.1243865433241	7.87722411091103	6.79784701144745
tempus019_Post	12.1254693988536	11.6596710673114	13.9633055695259	15.2012587080671	7.52817640664364	6.29746083328838	6.51634976903537	7.62923717701034	8.80497168702138	5.82623464204499	8.06255940144258	6.73771520783022	9.72902180977561	8.65354768031006	12.8052656926938	13.6613963169028	10.5795676814122	8.05679500184575	7.51935860237927
tempus020_Pre	12.2094722714562	10.5875294099713	12.8532254629602	13.2287136923993	7.53940392226442	10.120726431871	9.5879140976936	6.26172796834809	8.05964441146932	6.20373857130599	7.67614529799217	6.31267416453248	6.68767743642782	6.26172796834809	11.1796195327496	12.2486134356901	13.6301977084964	11.2005399902601	7.06255271498131
tempus021_Post	13.1394445911727	11.5383151184894	14.0875181442473	14.4753232365259	11.166362860294	7.37932276917049	7.78194587127601	6.09368642831366	8.71991295576495	6.09368642831366	7.35019690291432	6.28816265900869	8.31502100806725	6.85853818560173	10.2854210884979	13.5565746461963	8.65004421420121	7.3303550507656	7.77506169848059
tempus022_Post	12.7297320666642	11.7918973708028	12.6444347504727	13.4457954085082	7.50120276649238	7.52455203464572	7.41563116115865	6.13863144060203	7.95861433992744	6.04734787611387	6.90740490637812	5.82623464204499	6.96741663565198	6.44743953716964	11.1356916930603	12.9487851195654	9.63384594770046	7.60286719089213	7.5129347272561
tempus023_Post	12.6093013567281	11.2154079449922	14.1571840932581	15.0308839600268	7.34364354283751	8.26112105339542	8.01442400815587	6.0402083056404	7.5192725874544	5.82623464204499	7.20934958751577	6.12856303364348	7.07217173185065	7.08834526420015	11.1675594092366	13.0896010115013	13.226705828874	12.3389056936435	7.13538253911467
tempus024_Pre	13.2705078481306	11.5129293760326	12.4324634725545	11.8822419862277	6.53193569007671	6.97289439633862	6.91676262309194	5.82623464204499	8.22453891382543	5.82623464204499	7.34841494581937	6.34976386724468	6.81477403712987	6.85698431405404	11.2600832204811	13.0228526276444	13.2073848415533	7.63879080719091	8.17970461005936
tempus025_Pre	13.2358207967267	12.3496524607851	13.1925679886043	13.5781334338454	6.28729697792623	6.05750041479979	6.76418290061289	5.82623464204499	7.7404371738692	5.82623464204499	6.91081308182851	6.05750041479979	6.93306907855873	6.38973567840613	11.2455322978275	13.8354014563465	15.006443812919	8.31349822615302	7.29735214486913
tempus026_Pre	12.8166930970918	11.3278729267463	13.7488061296087	14.1904508794477	10.6105287135127	7.63349693221732	10.2825239931926	6.11313677192861	8.27168155951531	6.11313677192861	7.50193703059412	6.27875725555226	7.12938720230499	6.36080096797662	10.6352756529995	12.21552351429	14.0336092026942	9.02028974955794	7.08688863715822
tempus027_Post	12.6299972513028	12.7073662827241	13.6363646412868	13.7642188082999	6.65735517388306	6.06430502703834	6.06430502703834	6.2703731296728	8.22198481483503	5.99467121359778	6.94131211624149	6.23765711513751	7.47086960087897	6.40613567242467	9.98011281635586	13.8592087312829	10.5048757767176	6.98642144713983	6.67336148197477
tempus028_Post	6.38268535679449	6.54869076961654	11.8264501018259	12.6409911665584	11.7447198167006	7.68289929864257	8.01764793264655	8.21674084904901	9.31997276820912	6.25831951629648	9.09726012903666	7.38212358199987	8.42367511193657	7.73380303349651	15.0541563518994	11.9540790836544	7.04193448373165	6.52754096105846	9.51413715242904
tempus029_Post	10.1119687168943	5.82623464204499	11.4229870484213	12.5103191273534	12.7967593011064	9.85053096122528	13.4541460159597	6.56031610625246	9.26962172002244	7.2664980848954	10.4644574659748	8.7272531688604	9.83978911792896	7.10732796856169	11.848445845437	9.90924020528796	7.18988941666775	6.78377540003718	7.05441401318314
tempus029_Pre	13.3028484774028	11.3837369839272	12.1360594295643	12.3991534515879	7.52999150911541	7.97230892672478	7.47786697181681	5.82623464204499	7.93598250944766	5.82623464204499	6.9140454872718	5.82623464204499	6.37971597153288	6.00222700628439	10.6340504228492	15.0274121594749	14.6576346993006	9.57180575374434	6.97682314461905
tempus030_Post	12.727939000929	12.266354606266	14.0428185019906	15.4312890483773	8.77800817711722	6.14998834748527	6.09076274662895	6.52037612372427	8.18399506205813	5.82623464204499	7.14363413075496	6.09076274662895	7.31519458799287	6.54425636797409	11.4929418910701	12.8828538914592	9.34184399997452	7.15520093979049	7.53977644979924
tempus031_Post	13.3521773063191	12.8888168981162	12.9705244842721	12.8879989043557	5.82623464204499	6.00371662449427	6.07707429890239	6.07707429890239	8.07237055023506	5.82623464204499	6.82629117796477	6.07707429890239	6.94865224887212	6.46141600638227	10.8500870628922	12.4905193831712	13.5391573681763	6.986082477768	7.26260325308335
tempus032_Post	12.6751970544142	12.6302781493122	13.9099486497339	14.6810493448122	6.34181826490552	5.82623464204499	6.3088362874351	6.45604566039642	8.64463372905453	5.82623464204499	7.37001018490012	6.40192009816164	8.1942852148778	6.72778330931452	9.80187396094255	13.8079192550049	11.5257821920593	7.15061631550407	7.32383906120096
tempus033_Pre	12.7352092030142	10.5216981178924	12.2008385958277	12.3454278974226	6.45131000066488	6.40874547133555	9.12349219413263	6.36261918431838	7.59606594459886	5.82623464204499	7.09622946890712	6.10752272987401	6.80977523239172	6.31191526323183	10.9299864800225	13.0675640614219	14.1311368224487	8.24492659069752	7.24171432352107
tempus034_Pre	12.6259479797115	11.4521490781196	12.8059916497657	13.4937074160407	7.6607240425495	8.4538144549514	7.71635470895759	6.08557341182885	7.71635470895759	5.82623464204499	7.08442160832806	6.08557341182885	6.63673958147629	6.08557341182885	11.2271296210358	13.5921323439508	13.5106228755369	7.68885137465508	7.06045790516702
tempus035_Pre	12.820055523745	11.3514217178749	13.3845123172016	13.9942374998791	5.9820441967427	6.04647580504197	6.77024466654435	6.34052029015401	7.99944533897889	5.82623464204499	7.18684763290549	6.26544670901413	6.64026071549325	6.09584338816848	10.8329396542365	11.8908960748733	13.0402551057219	10.1345702621648	7.10653723602325
tempus036_Pre	13.1455741022349	12.013617043799	13.5582726362715	13.9421526413536	6.5835165293735	6.21295786439014	5.94885681246745	6.17233637676162	8.18313568882805	5.94885681246745	7.15555308380102	6.12614648503138	7.1356404150048	6.38483332559876	10.9066292817419	13.8496687606512	13.3169636027647	7.98736888175212	7.02422608761002
tempus037_Post	12.9236294262297	12.2243275266013	14.2862736701667	14.6194396291294	7.42579488636209	6.0908293417825	6.13162020584124	6.04237602693522	7.36410544288238	5.97914107833003	7.40763308108549	5.97914107833003	7.02481427350148	6.37449953664311	10.5991990967959	13.3945565860552	9.78524527303582	6.95238388704139	8.02202500301261
tempus038_Pre	12.7484763814607	11.051911194634	13.8624438129273	14.4720993799766	6.05661916403935	6.2855510858557	6.33923076757848	5.82623464204499	7.19590823017034	5.82623464204499	6.83685031933594	5.82623464204499	6.47312039779917	6.2855510858557	11.6752831065526	13.4321531844055	14.3103894695689	10.8489472850216	7.07132312408178
tempus039_Pre	14.0300103263023	12.1747436462687	12.935844261373	13.9881953530194	5.82623464204499	6.18632766443599	6.13828581835547	6.13828581835547	7.75998343438449	5.82623464204499	6.85675592877787	6.08118843562049	7.72131271927143	7.26529324262933	11.6330436548459	13.7063050048074	11.1729111921762	7.61188701736261	7.13204679113228
tempus040_Pre	13.0470863882765	12.4028970125649	12.7983938169375	12.257339769773	6.56686903810912	6.51839430220616	6.76976154539122	6.18115917056324	8.02725365977513	6.05892139168899	7.230987390808	6.24999618286223	7.71108368077841	7.07668204618081	11.5868941082226	13.1605860981661	15.227474248121	10.2988784211896	7.10818866828414
tempus041_Pre	12.9283173547516	11.2044983193022	13.7283725052064	13.4638822136155	6.77854351815465	7.38519582013614	7.17414666076987	5.82623464204499	7.64314484288483	5.82623464204499	7.05061842179922	5.82623464204499	6.29005965832847	5.82623464204499	11.1504281468189	12.2615171229545	14.5290624447006	12.0280564418063	7.07654831393917
tempus042_Pre	13.6329991737327	11.2216653268505	13.657755801856	13.698692663467	7.6011055957506	8.20322498673771	7.95699000769653	5.97322452591848	7.53212749393168	6.18551150353424	7.03808183110245	6.0340200153008	6.62156992231121	6.11983466863137	11.2586010496046	13.3194238975604	14.1246143394056	11.2505909492715	7.17198288769738
tempus043_Pre	12.9496194625483	11.0312023314856	13.0846421753148	13.0274338808754	6.99003074731205	6.45147140319802	6.35055824763249	5.82623464204499	8.01093151267448	5.82623464204499	7.0349964377276	6.10759626232896	7.20957173527055	6.45147140319802	10.6736580695831	12.3329093413066	14.5608158164105	11.0504878936075	7.15891453899666
tempus044_Post	11.1099295321985	10.1646754899118	12.1918642902942	13.2201990211014	7.58560872519084	12.405082990057	12.9666700410983	5.82623464204499	8.87721107002263	5.82623464204499	7.72455920493402	6.48187862306617	7.24685351537261	7.02833716918679	12.4732171931494	12.7415698031865	9.34639168866096	7.999265910182	9.37276873595589
tempus045_Pre	13.104222030799	11.3851974366612	13.6420918675611	13.8798391174542	6.13551171600299	7.28175915288204	6.68973140262457	5.82623464204499	7.98037387943037	5.82623464204499	7.1319069176857	5.82623464204499	6.13551171600299	5.82623464204499	10.9306646849268	12.3234169464576	13.9004824731923	8.48537343622476	6.99419698487775
tempus046_Post	12.6573513349568	11.0935961325974	13.3310091983708	14.2402154690398	7.61292564115877	5.99241558902246	6.19701074898853	5.99241558902246	8.03177028095658	5.82623464204499	6.99317251872782	6.0611204294869	7.22931965037208	6.3984622605401	10.4727306363237	12.7920779308303	13.8553872157151	11.2673945917126	6.92705226636814
tempus047_Pre	12.7184491133918	12.0908763924649	12.9564871185163	13.8548829284871	7.08565649971131	8.84297997365719	8.42544493820686	6.30402910366299	7.6839034249336	5.82623464204499	7.05835653690137	6.10292754412532	7.15087207214623	6.26272859632599	10.9306720863303	13.3524128060014	11.5397364320605	6.84200097567637	7.88202547924238
tempus048_Post	14.0819711878508	13.1058807344309	14.1088170347599	14.5557470369884	6.97538768551064	6.88738590376584	7.13048722241786	6.15274774144723	8.44388392133695	5.82623464204499	7.42448112618588	6.28701898578403	7.01649806556977	6.18376010035641	10.8285411054392	13.8738474411841	8.85542815220377	7.27789470572808	7.32690529187457
tempus049_Post	13.4189117913452	11.5108689174035	13.3748064488538	13.5091665927064	7.55301898406276	5.97474127087538	6.33821307064552	5.97474127087538	8.11350031334529	5.97474127087538	7.1045444377877	6.12285631815675	7.27272407351591	6.27019739818248	9.79127095059741	13.8143224757918	13.0199665922479	6.91222501077599	6.82474512304528
tempus050_Pre	13.2286888994529	12.5217008566868	13.0890853231347	12.7397384220898	7.20377846423573	8.18354029137264	7.79150067800831	5.96851446700779	7.73643295163799	5.96851446700779	6.97776626685098	6.02736732566139	6.6451589546232	6.14386902181914	10.8681392276076	12.9745608743438	12.9963726268031	12.16674609079	6.25170358478016
tempus051_Post	12.279101050439	11.5917132270043	13.4411805397001	14.3600267120459	15.0628760713173	14.0924968336113	12.9764173743486	5.82623464204499	7.99950297240311	6.86978814258695	7.52649401959447	6.20221776331579	7.83823648686744	7.00879281357152	10.8333917214673	13.327533873471	12.3316828695557	14.3553928710736	7.59168313071295
tempus052_Pre	12.9827491594978	12.3499533491	13.2959369132279	14.3653136582611	9.52723450979696	8.67599978656087	8.03674279620661	6.0436584357736	8.23664321048446	5.82623464204499	6.98670195421274	6.0436584357736	6.82683228306119	6.13342872780587	10.6073494175598	12.6196323661527	12.8964545164825	9.14165662099043	6.96816211048864
tempus053_Post	12.9629885312724	11.8263602862547	12.9301583261003	13.033445255183	7.21569505786471	6.05057913716853	6.25467845027647	5.95584694704792	8.19538257231777	5.95584694704792	6.77082570012432	6.08519863660354	7.43676597384144	6.37303922496416	10.8449764949826	14.3102913056621	14.1352597693916	6.87967786786846	7.96293026186916
tempus054_Post	12.4584267716349	11.4979154040538	13.218660343724	12.9869243559324	8.31333108997541	8.83760586000196	8.23509206578552	5.96704390518084	8.0262308775254	5.96704390518084	7.03468254745702	5.96704390518084	6.62519443026917	6.24733369608349	11.0390132642479	13.2217679207064	11.5509154238273	7.24569019296929	6.36860349330798
tempus055_Pre	13.5920389609963	11.2599704239648	13.2074968991815	13.3131708952635	6.79475080065852	5.82623464204499	6.16727956480642	6.10491202889815	8.01208154601347	5.82623464204499	7.1597785821789	6.21973607803652	7.50598461356541	6.4142398029044	9.57009896849499	12.3783548237706	14.2071414483814	7.1597785821789	6.65223884934003
tempus056_Post	12.8199907501659	11.3698501626703	13.2764198107719	14.1732820478932	6.97714667406822	6.58603585191558	6.65054601611387	6.05773162882446	8.25244170720636	6.05773162882446	7.69893615264598	6.05773162882446	7.23525003759308	7.2831850526506	11.5989597523754	13.33339567713	13.7095379331202	8.13243743680622	10.56960562241
tempus057_Pre	12.7056550341612	11.2199382016874	13.6927105836516	15.0938654918639	6.02668572358137	6.02668572358137	6.10948818738349	5.82623464204499	7.88181568555857	5.82623464204499	7.29040232854084	6.02668572358137	6.54218354529801	6.22617746755282	10.9288368870368	13.9375199960817	13.9095077094809	7.40115217280603	7.23060618547752
tempus058_Post	12.5191327646871	11.1999204118452	12.827703988189	13.291149439258	9.55143195948393	6.3217050361856	7.45426644182411	6.60404337735266	9.31376836844239	5.82623464204499	7.26937393108348	6.69331247950276	7.5439135594855	6.25584733909453	11.351340226928	12.4720693395694	7.29644447972882	6.87385874721022	7.84262589933487
tempus059_Post	11.3948955501	10.8056248681425	14.4524396145649	15.1408124971986	6.17488168344834	7.21321038709594	9.41248967635921	6.31811088005622	8.33663395618967	6.51856438234469	7.13453467670747	5.82623464204499	6.85292055477216	5.82623464204499	11.7195215510008	12.6103217701234	11.7308757307067	7.38811587570242	6.90605563322883
tempus060_Pre	13.8888705648409	11.4181340045645	12.8439755877995	13.4734816429563	6.51413634541578	5.99973926505278	5.99973926505278	6.12639294471644	8.29641486838121	5.99973926505278	7.13665175676226	6.12639294471644	8.13512761734732	6.73003605853343	10.2594834338662	11.8949122923083	12.1391871492399	7.68255158049172	7.8185412957349
tempus061_Pre	12.9519547747226	11.400419657359	13.4234683610738	13.9438216993709	7.9390944133125	8.70905902650398	7.87086509327415	6.03490137044246	7.83133305715957	5.82623464204499	6.90598062250413	6.03490137044246	7.16322050680823	6.51242103714757	10.9485241162965	13.0834669282052	13.4049255598855	13.3157112700413	6.99385007742852
tempus062_Post	13.2003950391803	12.2441927487084	13.808290840155	14.580290693034	6.7990062149564	10.7407125179611	10.9912934620258	5.98696230551487	7.91356081071845	5.82623464204499	6.93579023549936	5.98696230551487	6.65057234290175	6.10433633695895	11.1120809639881	14.0190563589288	13.4281172639172	11.7191587805419	7.18640540520095
tempus063_Pre	13.3908703179454	11.7604609877333	13.0219824707175	13.333379654771	7.35727047793252	8.4524464188606	8.0141211468321	5.82623464204499	7.7286599377534	5.82623464204499	7.16994383192123	5.82623464204499	6.53059975468784	6.11616686824347	11.1751853243564	13.0293416159737	13.7155369174052	11.9200859242459	7.08474894078899
tempus064_Pre	13.5581478876988	12.0071613729133	12.6220374951041	12.0118528364069	7.27896004586629	9.40610265737717	8.3934282955741	5.82623464204499	7.80886360039884	5.82623464204499	7.0075625168811	6.11205293554799	6.39511383440621	6.11205293554799	11.580055957733	11.9496400865806	14.2644755691694	14.2560984253858	6.39511383440621
tempus065_Pre	13.1984538934984	12.566335242198	13.722929056178	14.4336791497795	7.26722605047304	7.63578025626316	6.32430493210382	6.22072205430583	7.96059318376128	5.82623464204499	6.89270414270914	6.00309413335044	7.48522306811816	6.17929348657828	11.1982876601682	13.4200566959272	10.7016003620764	9.11418354428981	7.72044738534467
tempus066_Post	12.5788812729492	10.9312207950879	13.3289253920879	13.0895002574417	8.0634493053323	6.05321782643399	6.05321782643399	6.05321782643399	8.32262123824317	6.05321782643399	7.25685792468085	6.2185765276864	7.34556662599793	6.46370391592527	10.5832882817438	12.9576250589658	12.65735705391	13.1835102962657	7.40104418394425
tempus067_Post	13.1125421476737	12.0089489453175	12.8729852487579	12.6923633458387	6.66972926156473	6.46768068367932	6.5649327862913	5.82623464204499	7.75088813167435	5.82623464204499	7.06753093824633	6.08989910715619	6.28165739167572	6.14893280560509	11.0657186693271	13.2913705620969	12.1708356853419	12.269657473305	6.66972926156473
tempus068_Post	11.1124539113624	10.4691480757852	14.5068834415473	14.9392961278648	9.66394611463424	6.16445514608927	6.10260060599277	6.0218040488003	8.458625355096	6.10260060599277	7.73635115311711	6.16445514608927	7.24590485248897	6.62303947591048	10.3688642904951	12.9028533255924	10.764500770783	7.37635208653836	8.2293224771666
tempus069_Post	13.2494000456714	12.0812085622653	13.2107735475702	13.5506751981195	6.72797362006617	6.21010379963762	6.09807024241135	5.98333363878909	8.13884761651486	5.98333363878909	6.80162357881805	6.04829668184928	6.81329156919485	6.21010379963762	10.1285242445182	13.3466220791569	12.9825175562743	11.810126157173	6.70185811357337
tempus070_Pre	13.5368252006863	11.9938351435215	13.3865975159201	13.2455771460227	6.30357571361354	6.19665202495108	6.34866486226989	5.82623464204499	7.95678905559537	5.82623464204499	7.06550487130073	6.25356769075988	6.63230442026006	6.12895494668453	10.8019216765024	12.8671256461577	12.2047235935817	11.7007378757368	6.76844309610061
tempus071_Post	12.4522751967426	9.79660560068085	12.9417679139222	13.5431717108028	6.70922739904289	6.61506406337854	6.0614954514856	5.82623464204499	8.25901812696092	5.82623464204499	7.13396971014158	5.9926812087967	7.35914414768665	6.29521018364258	10.231872136841	12.5530091722147	13.3647157734803	14.3453273433133	7.47392936607951
tempus072_Post	12.7396935577189	11.4907652750459	13.3024151680407	13.8262484989647	7.61250945002792	6.25825708837674	6.16825445596063	6.2305419363039	8.21645538532706	5.82623464204499	7.06166380388043	6.50558332677558	7.46454085424787	6.56908501946929	10.189768810464	14.2063480820558	14.0597225707187	7.31523194551262	6.2305419363039
tempus072_Pre	12.9031866549094	11.4413113823472	13.3270629056609	13.6310402705044	6.09277587656372	7.33557575099713	6.41891052281282	5.82623464204499	7.80323690536123	5.82623464204499	7.01546152505693	5.82623464204499	6.47458392037511	5.82623464204499	11.0246046141184	13.8691169398555	14.9614800602626	7.46632291156198	6.52557269442972
tempus073_Pre	11.3033549025882	11.3498925705017	12.2316407184425	13.8568920237408	9.98409454197898	6.74240626064408	8.38228531394618	6.4316860493339	8.20571978151833	6.07491899686101	7.34890005556512	6.17749474645274	6.88747798286557	6.17749474645274	11.2532668626993	13.8089391301103	9.95235029045767	7.56554616145796	8.1170914884447
tempus074_Post	12.221720202647	11.8513711069107	14.1335558435443	14.8304451556368	7.32478888062368	5.82623464204499	6.4985937514783	6.10279131072778	8.32616895296631	5.82623464204499	7.42756309374471	6.21675063196648	8.10519692245316	6.55139759694655	10.3336967072709	13.5128201092441	14.4163441112857	9.25293816044475	7.78233724681836
tempus075_Post	10.3585916127258	10.3079558766864	12.2825348780123	12.8904798812997	13.9769274327273	6.7031366458532	12.6107669414178	6.63580529934996	8.97162144811194	7.28240885400815	8.45909248055878	6.87680705799785	9.09390108254393	6.47832033752422	11.713964165122	13.9850508235453	10.0456263805625	6.13566072081855	9.42171823023556
tempus075_Pre	8.75360202673064	8.25819560977961	12.2261891038208	11.80893855925	15.9481865628043	6.94394365338724	13.4846910427237	7.57031639978547	8.72983738518614	7.40545267642674	8.08394773966395	6.61350831438002	8.75752368733785	6.77438829157369	11.2326222548389	13.1010719944281	10.1124272301265	7.08732371285293	9.5053332306899
tempus076_Pre	12.5844945990358	11.5200667975641	13.5668922039745	14.2366413281464	7.45166989928997	8.26026246074902	7.83821906093689	6.34515224469791	8.01395129457354	5.82623464204499	7.43638634549872	6.31576460086419	7.10808393978687	6.63143659890411	10.6307456218913	12.5404475244094	13.7692200253762	8.23594367491472	7.17828828595805
tempus077_Post	11.2856324852695	10.9394468017504	13.7286876504233	14.694295426811	11.230088873555	6.01391683842194	6.56925382475476	6.60252047276346	8.92683237456036	6.17674085315644	7.73316817044958	6.28435727972254	7.71905078532062	6.99648655014324	11.6544732181864	12.8971275291989	7.56017202716378	6.87377820886273	8.33865118075865
tempus078_Post	12.6266949775699	11.2768558382127	14.4519702160468	15.3581024657126	7.01051362231508	6.36767314619849	6.58758053387012	5.82623464204499	7.39909338976613	6.24660803379964	7.3183894398729	6.06950850864618	7.70016005429405	6.94072320942583	11.7839399914684	13.3318570722547	13.1857694263693	11.0223412926938	7.73600189258999
tempus079_Pre	12.9415493683583	11.0090051104787	12.8390995325631	12.5025126297249	6.0090629964947	6.08462055293349	6.08462055293349	6.0090629964947	7.82056298993613	5.82623464204499	7.3120780096744	6.14248103882177	7.76984694034386	7.67584840255169	11.8297117128513	13.2112187566172	14.0708869486058	8.62406640433113	7.37664474923853
tempus080_Pre	13.1661655448542	12.1951242448403	13.6799429968793	14.311622858091	7.15768804418938	6.31665479436732	6.54416359512551	6.02725056292832	7.89391390416003	5.82623464204499	6.91996831631722	6.02725056292832	6.69018431223715	6.11028507097207	10.6053024941578	13.5732459996543	13.6115195029527	9.49673998964282	7.03106413727358
tempus081_Post	13.6325025039345	12.3858562671583	13.6478098433753	14.1938461793331	7.52133685880147	5.82623464204499	5.82623464204499	6.09042102837207	8.34377853073955	5.82623464204499	6.92211193357545	6.28255395687921	7.77460255234575	6.51949384627288	10.2012160337172	13.4151294293059	13.2017863112679	7.26270963967392	7.36192760230926
tempus082_Pre	13.1146293994983	11.5004776861187	13.4264468495574	13.6293315143426	7.70230635343142	8.62671758251424	7.92289311977363	5.9882070790691	7.7392505366614	5.82623464204499	6.9545778085501	6.10648565145879	6.88914607648748	6.14967190709948	11.2272122250673	13.3979277559198	13.5725581556101	11.2751183288407	7.16256666740062
tempus083_Pre	13.7501503221634	10.3790899411701	13.0322860494609	13.7432249235878	6.69509846302229	6.41027461364661	8.05715267668485	6.2406132022667	8.4975679663991	6.11974631836804	7.47454397053982	5.82623464204499	6.86382472270817	5.82623464204499	11.5286225497118	12.4732164846485	12.0470918498155	6.93730031724991	6.53915316805818
tempus084_Pre	12.9539059258837	11.6449407210055	13.1572410307695	13.5968817343861	9.1885918684824	6.63291999050468	6.92036143303253	5.98959441042955	7.81980808305049	5.98959441042955	7.09274797496915	6.05713715595918	6.95311405474518	6.25707215580996	11.361130617182	13.60676926026	10.8865028639077	8.9835440222989	6.76275626536839
tempus085_Post	13.1895307779829	12.0047431461113	13.2488947339679	13.6727004254358	6.38826700045105	6.15208693093469	6.22489976408862	6.05689134130466	7.2704694666176	5.82623464204499	7.33896483961932	6.05689134130466	6.87372456593307	6.10858041303514	10.6310861354765	13.2020457061884	14.6305577613613	6.28609032378725	7.8080070784834
tempus086_Post	12.9876772143154	11.1504896065332	13.1572149360524	13.6433369043916	6.33894733968382	5.82623464204499	6.16288867870319	6.26020193893886	8.65620132884682	5.82623464204499	7.07874132064821	6.46706046659154	8.66372904771454	6.70529772946739	9.6652454063708	12.8446481044358	11.8706776933888	8.27609909166604	6.93468811589123
tempus087_Post	12.4095115213616	11.2024916331986	13.2289130211716	13.6084587803139	7.10746381171508	6.15441490708117	6.11989406506888	5.97325433934532	8.4217551984899	5.97325433934532	6.92896250470281	6.03406212333325	7.33997165766085	6.96396056941875	11.1249438232315	12.5408240324737	13.539320712939	6.90182164052428	6.62172740723317
tempus088_Post	13.2752137182179	11.1334453500945	13.9266079941276	14.6471868548558	7.06502608014631	6.56595712119408	7.37371682582376	6.09027165553764	7.90976345124417	5.82623464204499	7.38616556133937	6.16678965540643	6.58087537159566	6.13097713898369	11.2502314863507	13.3018680913446	13.5564571965142	12.9913865530492	7.08157356594597
tempus089_Post	12.8554922602683	10.0514741547978	11.0700352617564	11.899999800272	6.49602078216154	6.74443495227774	6.55321003401751	6.1477522440747	7.62446941303971	6.64298775806359	6.74443495227774	6.17829463755436	7.87673026084889	7.01492441029103	11.4529095511094	11.1160372116793	12.2862869003311	8.90082756675505	8.36672807208337
tempus089_Pre	13.0451831145888	11.4570058347303	12.216222780499	11.9511466462305	6.29595183524969	10.015542787044	9.51014199891568	6.03704002165792	8.14422996228843	6.03704002165792	7.0547379214914	6.12409444974903	7.41883389464366	6.65861314834325	10.9205089137691	12.2813381065777	14.1985984713101	11.0558829925423	8.21333387992115
tempus090_Post	12.6333799699677	11.2665633197365	13.3278972632581	13.9825727463694	6.14089999331483	5.82623464204499	6.34626317132377	6.45189895573951	8.32286517667315	5.98380103680018	6.73057462071764	6.29707640760672	7.55868631332883	6.47084501371077	10.7773783782736	14.13300546647	7.89578446472579	6.91493428163007	8.46060470685761
tempus090_Pre	13.2483393520931	11.5741490593084	13.99380847753	14.725690025926	7.81899265298123	8.69406486724726	8.28430821659373	5.82623464204499	7.75668970041902	5.82623464204499	7.06644757563099	5.82623464204499	6.39443201609204	5.82623464204499	10.9227329578353	14.3611380786808	13.3491560193025	9.04486989171239	7.15592932944847
tempus091_Post	12.5563381227404	11.2359086298233	12.8409038672866	13.2041631240025	6.73543322185284	7.15750202733179	6.95900029781033	6.06075367666297	8.03754552502018	5.82623464204499	6.8786304883568	6.19643370575645	6.7211083748184	6.11330315572948	10.8847927512	13.2621323971185	12.0414806065441	7.32419384779216	8.46365510142172
tempus092_Pre	12.6793220226665	10.9529740262986	13.3891047747901	14.2210291673755	7.50354985960565	6.01514388356026	6.01514388356026	5.82623464204499	8.24101340920746	5.82623464204499	7.50354985960565	6.01514388356026	7.00375070029821	6.15297012475168	10.5428017000644	13.2958891904203	12.9940074733861	13.2248484885404	6.9900415976818
tempus093_Post	13.2774262623238	12.3336000886106	14.1730547090144	15.2886329917263	9.26335626444846	9.18971601110602	9.38852876136297	6.18695281673836	7.73074956746729	5.82623464204499	7.04269877381146	6.18695281673836	6.88714386417448	6.08163220141043	10.7176305186663	13.4678901400641	14.9594827105446	12.5591923644163	6.62469785729683
tempus094_Post	11.6164748735013	11.4648785915132	13.7695769558828	15.470778826404	6.63359343062596	6.33368689829875	6.5884939645747	7.81935453783626	8.86177630164287	6.09847561281903	8.69244599841082	6.67607356321448	10.095837072976	8.36935127319298	13.2358927431137	13.1158792818052	7.64952358208519	7.80546428147324	7.45232997473021
tempus095_Post	13.3803544242008	13.0380279172411	14.3261669205089	14.6992891837812	8.27792129769034	9.80087371188249	8.28815834636905	5.82623464204499	8.27792129769034	5.82623464204499	6.60853150678589	5.82623464204499	6.88658275049355	6.10578181134882	9.19106875548196	14.0895442328731	10.557230183623	8.23617754076549	7.4029909977609
tempus096_Pre	12.2896681662185	11.8466517948947	14.1947513861879	15.0098064513947	6.72478388783735	12.0501341741367	11.7496030539881	6.07917090844398	7.89531943197679	5.82623464204499	7.10039743698599	6.26322199745676	6.49041748439006	6.33018920085864	11.5350965450761	13.4471768002636	14.4631628511254	7.79000749267068	7.33775740159058
tempus097_Pre	12.4331066894896	10.315948389075	12.0883622978664	13.0242586947497	6.58715240010362	6.11668887123776	6.37994712711137	6.20079022185411	8.55326072123003	5.99411708626608	7.33263003439498	6.06352269712636	7.92665442284625	6.63838504771577	10.8895224005307	13.0311688498486	13.6579109890716	7.01519365344863	7.37125118279984
tempus098_Pre	12.995120284669	11.765093111024	13.2854884174366	13.7237397755237	6.99229965556868	6.15778805963597	6.44316880819366	6.06093567823513	8.20171743943011	5.82623464204499	6.91474429291727	5.99228473431736	6.67714517846577	5.99228473431736	10.726205951087	13.7575244077806	12.5626729341234	11.0262596205079	7.32526433003716
tempus099_Post	13.5324675457899	11.8259976906239	13.6285114095867	13.9196638596839	6.93926503793022	5.94325025566542	6.46217025194389	6.52176540227357	8.04717001259562	5.94325025566542	7.04487679336952	6.45164713105356	7.64449876170499	6.56752399338832	11.2632040727574	13.4427928591839	9.4000853493927	6.51221764613761	7.82667360263136
tempus100_Pre	12.7503733422563	12.1236916024623	14.0956317806596	14.7955695278939	8.93593175324247	9.5121328411231	9.40715664401418	6.21162703887147	8.28976940871216	5.82623464204499	7.26316016657468	6.0991520953533	7.78858474177398	7.60504663585051	11.7643938467195	13.2583651178151	10.1893926056921	7.17073645621682	8.22004544771505
tempus101_Post	13.0138621420083	11.2200802668996	13.0074677602063	13.0165589479997	6.21849822327341	6.05317233964706	6.05317233964706	6.05317233964706	7.99791184779036	5.82623464204499	7.16005235853443	6.21849822327341	7.56468295199107	6.46357794781894	10.4896918744158	14.3999187329536	15.87701491996	7.62218644040013	6.42301071214177
tempus102_Pre	12.8285880851996	11.7130374398579	13.1398961415934	13.3855506236463	6.76647992161276	8.38152519301508	7.97676346045362	5.98790819993111	7.58732470989238	5.82623464204499	6.94202017958491	6.05475625985249	6.14907694345426	5.98790819993111	10.8319778911195	13.1777037639164	13.3700825774498	9.62937740782764	6.80452761516494
tempus103_Post	12.425612962756	10.6524915615387	13.3612116615797	14.0442802878573	8.02126366982257	6.20201248349168	7.03996333354784	6.47350014944521	9.42117974392238	6.20201248349168	7.95172658378058	6.47350014944521	8.85381503040816	6.65733679358366	9.63411307893421	14.1786484006064	11.6841792949134	8.24883747460688	7.39101057044746
tempus104_Post	12.8467723886918	10.4668449197454	12.8133338902006	13.0670908602513	7.37016946524074	6.0316327864632	6.38570358143456	6.18139766622694	8.50475796027406	6.0316327864632	6.98469195966767	6.4548641732597	7.96795692309275	6.42134565566589	10.1109842652419	13.1669702606989	10.9093727449969	6.99286593176489	8.04933576923536
tempus105_Post	12.7216263723975	12.3202479215105	13.3754777153102	13.7334723275612	6.02984623385332	6.17831864355904	6.36229833527966	6.17831864355904	8.13376189800243	6.8440747424072	7.01500154983272	6.36229833527966	7.54537152261953	6.5532588221475	12.0401864195173	13.0077889096275	13.2660030928831	13.8391036189551	7.52595272854457
tempus106_Post	13.0860296149871	12.5816430821064	13.226353681317	13.2551001104642	6.7930156358082	6.16939233351376	6.23188454624999	6.04357303238849	8.42935265428186	5.82623464204499	7.02230018190389	6.13330828920968	7.9515162379452	6.4554792928541	9.75455333736207	13.5237400366736	8.59879480692335	6.49085743608542	7.47532925832537
tempus107_Post	12.9518286700375	12.350701626906	14.153043897982	14.8310112909133	6.13844988681473	6.08132265696237	6.22878268049338	6.42102722092767	8.34421852983444	5.82623464204499	7.01709100860526	6.08132265696237	7.06493595788657	6.47202640399618	11.0308077161385	13.4105318494259	14.5228526916065	11.1485821840883	6.74890408708538
tempus108_Pre	12.5219650686722	10.9242293139936	13.8469287968844	14.6041733950108	6.61906579657258	6.52356852983578	6.70334100138463	6.21076984098494	8.00994345751641	6.14051474618489	6.99326509525425	6.45114173098364	6.75482777192605	6.14051474618489	10.522561774136	13.3063099178014	13.4731835025724	13.1629320589077	7.57934851502166
tempus109_Post	13.4779508381411	11.4243325506873	13.1287215119113	13.991572653627	7.33254845507384	6.00453095573204	6.22391088165461	5.82623464204499	8.67700900278754	5.82623464204499	7.03907170826818	5.82623464204499	6.51077327993018	6.22391088165461	10.5661743394936	14.5074196301211	9.58959405609749	6.87354478344409	7.13918301363353
tempus110_Pre	12.7358417325696	11.6517614799509	13.5186338638727	14.3735436223212	6.72007973436724	6.04417240375532	6.13415353635651	6.04417240375532	8.33418569739034	6.00423639783796	6.96445965434266	6.15872041294516	7.01949987776412	6.38596554183153	10.2521032905769	11.9703011906569	14.3974444546193	9.39722165823897	7.09942981863467
tempus111_Post	11.8179791760184	10.8019693491362	13.3804674236107	13.6332393635444	6.26982431062584	6.55224966369459	5.82623464204499	6.11728370990369	7.89111769397002	5.9944616769539	6.82974635386723	6.20155558652179	6.96278674854673	6.45114250871136	10.528998936482	12.5217791668918	13.4212627836181	6.47272171281784	7.81945818328419
tempus112_Pre	12.1073576804895	11.5153855912009	12.9348928362086	13.413350421431	6.15556389908617	5.82623464204499	6.09532483159058	6.09532483159058	8.21747479062867	5.82623464204499	7.37836123832729	5.82623464204499	6.57984315051328	6.01664783770104	10.6678902923864	12.0762755796984	10.8845064836807	11.5723169351563	7.18825410466367
tempus113_Pre	12.5922289580451	11.7478477551147	14.2632638888138	14.6733439497871	6.17380026788871	6.27422379007485	6.31659243257144	5.82623464204499	8.07855289467577	5.82623464204499	6.93652300794161	6.11024872138022	6.96903352070518	6.57059536091824	11.1683743961542	12.2123088025938	14.6228976400314	7.47676942337054	7.84303357500189
tempus114_Post	11.9002327207887	10.6276008588107	13.5201095840811	14.8589826794778	6.75015244970247	13.1972727203211	13.4079399771593	6.20877956367103	8.0660222009705	6.09712975834119	7.35822627122768	6.09712975834119	7.16140314953438	6.71203310673035	12.6230773232869	13.0653735300017	12.8540909561584	9.4610392279923	7.71794488646292
tempus114_Pre	12.7000637806865	11.108029792681	13.3451421062965	14.4360517250622	6.02667647876751	5.82623464204499	6.10947514457604	5.82623464204499	7.94429247854938	5.82623464204499	7.3133781485778	5.82623464204499	6.31526523943811	6.17285509948255	10.9616477520576	13.0919243232752	12.8633770939358	7.20567626128184	7.23054599115102
tempus115_Pre	12.8884324236969	10.686450356302	13.1420782849282	13.4646739342097	6.26180412789874	6.53312855735892	6.85997804125285	5.82623464204499	8.82588548959487	6.00461761807919	7.36814824849301	6.00461761807919	7.52848560814577	7.31534358931734	11.5944849914514	12.511532696561	12.9112230376977	8.80326286550701	7.45106746138034
tempus116_Post	7.04433977691415	6.37487787948824	12.007377546209	12.8579905547738	14.7273971612549	7.13310082261901	12.0466191592482	6.05134101760541	8.1021163227584	6.49620270527358	8.34444238691259	6.27509168727243	8.87424030794385	8.23218718523962	12.5711586881549	12.0323860314742	10.3549978660856	6.7399651158979	7.93218788526745
tempus117_Post	12.4422963248795	11.3450514385083	13.8204116296739	14.3245826608983	7.02003744612958	6.53670439998027	7.02003744612958	6.33112406542373	8.26488956562014	6.56112344862253	7.8445018327522	6.42839662122905	7.75422453381177	6.71190897422943	11.1814103130702	12.2432825995865	12.5672411388467	9.2349318788432	7.17314775009449
tempus118_Post	13.0649412224895	11.8551593686649	13.8380941742398	14.1603436350427	8.19761720741282	5.82623464204499	6.04780029706199	5.98298212405777	8.25784748437053	5.82623464204499	6.65914524517025	6.04780029706199	7.2981239012846	6.40904741403159	10.5244675726747	12.9157081997211	14.3139371531968	7.04432664555467	7.92499083882628
tempus119_Pre	12.7866438040719	11.3149360238412	12.9131247226927	13.3238102461302	6.17348699216458	6.39105116103994	6.10999231852031	5.82623464204499	7.71756071361302	5.82623464204499	7.1825278567586	6.10999231852031	7.25727872008756	6.27382127468697	10.9498575108862	12.9940148196439	13.3189997035412	12.4670819849433	7.28109486938744
tempus120_Post	12.7531307691948	11.8058526900455	13.6052440661127	13.8580064072592	6.5323353779187	6.6389431431543	6.9152177581926	6.5323353779187	8.2052158109354	5.82623464204499	7.68410496865017	6.45031372909309	6.45031372909309	6.06368966868307	11.2231249512076	12.4324883324417	14.1150811006251	12.866102552135	6.86667097487413
tempus121_Post	14.358316199018	12.6042391506451	15.208011709052	15.1868605317224	6.8374431355324	6.6463363902505	6.55792277490656	5.99580262393614	8.20364237765047	5.99580262393614	6.67889852338917	6.06590235153473	7.07866898098832	6.30393616910324	11.0836720154608	13.766684584515	13.0459183633595	8.14244576059168	7.71109172623102
tempus122_Pre	13.0901735918988	9.71184015088515	12.6924878506992	12.6660141290355	7.36065284380291	7.70787858694068	7.39130871287066	6.19570035344849	8.25552343692443	5.97741172844967	7.5441682457953	6.49658189271568	7.08681874796284	7.05424269860941	11.8651992674812	13.2352182593913	14.1674482344895	7.69386492842093	7.19332487178622
tempus123_Post	11.9695906261619	10.5660731067287	13.1703183517038	14.1325338664564	6.522365383322	6.6501656310305	6.7142410649325	6.20633735385791	8.48710681240336	5.99661478969816	7.36897854980258	6.30620598048087	7.99638087375987	7.31273924521708	12.2526104712217	12.469481294428	11.8992034909134	9.14799038578127	7.44479652576614
tempus124_Post	12.6243312828506	10.7129930257692	13.1182927433977	13.331957579214	7.63315150241779	6.2592145860849	6.83983008233553	6.07683976732322	8.26321102340375	6.07683976732322	7.35969547768461	6.2592145860849	8.01649225115695	6.61003903937923	9.98697226736844	12.514350627163	13.5635222007522	11.2390843886731	7.21358462355155
tempus125_Pre	13.2616560198835	11.4553500689979	12.9891001389909	13.2927221582101	6.1617859167333	5.82623464204499	6.25878461799552	6.29971831149645	8.11696907949525	6.02025598178074	7.95718135029168	6.1617859167333	8.36550738309252	7.70017635261359	12.5315252965315	12.6026254721271	13.5968138378499	13.6449496512917	6.63921831481063
tempus126_Pre	12.7980997158331	11.5205514840294	13.0651809591253	13.265686178824	6.95263441171853	6.56387052859556	6.42316740867777	5.82623464204499	8.07574308070672	5.82623464204499	6.66461323180375	5.99288484999999	6.7673252657458	6.29577958096152	10.2350861360472	12.4339652333651	14.0638421291925	7.11672224628398	8.48539663385849
tempus127_Post	12.8074835778504	11.6174941520734	12.3437956998873	12.8624253461784	6.09585966059974	6.17398337667223	6.26547309161565	6.36316562541541	8.00347844325908	5.82623464204499	7.2397251413302	6.04648911069113	6.59652594667264	6.13742048585551	10.8523782462756	13.3317123849267	14.5323749122032	9.84582427184782	6.85036882625967
tempus128_Pre	11.3759216512449	10.3033614370202	14.3964982814381	14.9662364233989	7.20385196564253	6.36701008949487	6.13966574193019	5.9831811729936	8.55373485133217	6.04808138060095	7.47021852282378	6.26863006696066	7.3947193760006	6.50442439356882	10.6746822444988	11.9753089951576	13.3998290764095	7.10687962331967	7.55257731592194
tempus129_Post	12.6285787098225	12.4751833851413	13.9616099260242	14.599026616644	6.35458685115882	6.09151565467688	6.28443423080975	5.82623464204499	8.13406134367627	5.82623464204499	7.5276642687856	5.82623464204499	6.47156019962592	6.09151565467688	10.8113145448921	13.7952851526647	13.3714818963947	8.77149258384209	6.86619181738275
tempus130_Post	13.1830497776251	11.271600264578	12.7628694814816	13.7193521403284	7.24688257265457	5.82623464204499	6.11036005021119	5.99045108463443	7.70881120198185	5.82623464204499	6.86825526797368	5.99045108463443	6.83183841956716	6.22740458878638	10.6923820731102	14.4111047250824	14.2187086338563	7.42654482238162	7.35512798189007
tempus131_Post	12.6809430011224	10.8871094505269	13.3781740875317	14.0544434273511	8.75214935435784	9.17423630453819	9.26739465844478	6.40509997104496	8.7040468513023	5.82623464204499	7.13224584744262	6.23691746792881	7.13224584744262	6.23691746792881	10.9365432574592	13.2197189669612	8.90854279370147	7.37335340378945	8.53968851853909
tempus132_Pre	13.7391090254434	12.3726832019085	13.4310705112081	13.4258361475488	5.82623464204499	6.22010173491516	5.82623464204499	5.82623464204499	7.53510400106954	5.82623464204499	6.877580944669	5.82623464204499	6.00281464975244	5.82623464204499	11.6955118865764	14.1906780466609	14.9229474749594	8.05313837656909	6.71314912860111
tempus133_Post	13.3875866802883	11.2213009734414	14.7889390180218	15.9520354778221	6.29069192961442	6.08463767675917	7.28817680372974	6.11504186822083	8.61395151402146	6.00907512908757	7.70013035588198	5.95556562243582	7.38567032331717	6.11504186822083	9.64346116486537	12.6931686645221	13.6212241379881	13.3335153364625	7.19718379424935
tempus134_Pre	12.7633327267951	12.1239287682531	14.8071312159535	15.576756533732	6.35215815337054	6.36920842407187	6.75607538920321	5.9627297474833	8.04976391958635	5.82623464204499	7.03459626375986	5.9627297474833	7.03459626375986	6.74665741758551	11.5633054616692	12.8321215833545	12.7859366848564	11.1674853713183	7.51391588328233
tempus135_Pre	12.7134158846551	10.6461070658021	13.406868508382	13.4330544463081	7.1085709966428	6.68377963964127	6.7024869760665	6.08825715523211	8.06355490736071	6.08825715523211	7.38750563285171	6.19628467802141	7.48385127481603	7.14339077285017	12.3574120992077	12.4452442658289	13.6633576655224	10.4074450694317	7.31198041516363
tempus136_Pre	13.225636629428	11.9806877714925	13.2598921534268	13.0913867516987	7.69215032643577	9.00408755056162	8.51772014038272	5.82623464204499	7.83515273548377	5.82623464204499	6.97398119618646	6.16211967147951	6.42874046275792	5.99446138957265	10.4976919698001	13.0296972459779	14.503127554097	11.8503297278549	6.99598809107509
tempus137_Post	13.6669977905803	11.415907211724	13.3412822837837	14.0380673152632	6.50768584205077	6.10658806010559	6.76196754467215	6.50768584205077	8.27852941343891	6.02463014727445	7.39681621549546	6.44925828297498	6.70073581349943	6.10658806010559	12.4348087549879	13.7373692815802	12.9201023943836	6.98605934201544	8.23655920373157
tempus138_Post	12.5258114965841	11.1476856724769	13.8559847459058	14.4045965624509	7.54706182587881	6.01137463054363	6.27819397119732	6.01137463054363	8.44478408979744	6.01137463054363	7.32936203512917	6.43614391350931	6.89750752186968	6.4628411668109	10.9453982243203	13.2566435291404	13.9988015295847	10.0740917351213	7.43894661329841
tempus139_Post	12.9805518007322	11.6755564550328	14.0670558250044	14.6706440011414	8.52730695280659	10.2451501192274	10.1632882757781	6.05932704185598	7.97788250407047	5.82623464204499	7.04616969310414	6.15552050983785	6.34520945325078	6.05932704185598	11.1692430714169	13.8487162869974	13.9159283729261	7.32346651617865	7.22771952900406
tempus140_Post	12.6536988385051	11.6202147005969	12.914007435089	13.4480456571686	6.12694498909287	6.76237648599324	6.55633965289985	5.82623464204499	7.86584668576358	5.82623464204499	7.08196476730811	5.82623464204499	6.4938874530561	6.03906106182807	10.9228094232662	12.9170103739577	13.6697922450211	7.40933868361294	8.10975258615789
tempus141_Post	12.052043570615	11.1043896941073	13.4043127742995	13.6344530120772	7.10813541620609	6.35762160759504	6.49025852352783	6.02805269803393	7.85021511736483	5.82623464204499	7.38953558909009	6.02805269803393	6.69353724016278	6.1114167164052	10.4741094949057	13.0288062097756	14.2425012625112	10.833183341223	6.88970285388163
tempus142_Post	13.4966241492223	12.0817157989156	13.0637591076644	13.1180475672569	7.01896608632277	6.43519909071101	6.25842346577469	6.25842346577469	8.40184448308957	5.82623464204499	7.28656642857485	6.32466885601471	8.5100267962354	7.06492701789804	10.8619130310786	13.0826521000946	11.7948500985404	9.93748758563939	7.67023498853391
tempus143_Post	13.1157259943396	11.3497135883089	12.6308262385157	12.1262091257324	5.97589199577435	5.82623464204499	5.97589199577435	5.97589199577435	7.8512485057476	5.82623464204499	6.80076077979447	6.03778742159874	7.42397605718876	6.48995409865529	10.5778967217577	13.256795852326	11.3801456962393	6.94783044260496	8.20175651155982
tempus144_Pre	12.6781785673162	10.0015461747216	12.7589935883754	11.9926671208945	5.98781318439912	5.98781318439912	6.28159413334552	6.05462209747659	7.76086758999987	5.82623464204499	7.17645670787073	6.18678508382868	6.50581237492529	6.14888779867889	11.3179820227975	13.4409035244317	15.0493213247486	11.4696259787625	7.46310239250012
tempus145_Post	13.5789557891642	12.782734800138	13.9406181489443	14.359045647208	7.07104176740215	6.96085512657571	6.45594290431127	6.01746955266742	7.91534254169428	6.01746955266742	7.37960373145999	6.06036311796409	6.12827309467427	5.96150760508567	11.2335569023904	13.4062929585779	14.2171200305791	8.21341019117914	6.59449368886336
tempus146_Pre	13.2741635612353	11.9053398986914	14.1082709478844	15.0779114300163	6.70965104356109	6.51471543927461	6.5858181197771	5.82623464204499	7.71301006591014	5.82623464204499	6.90400268989228	6.01526327398873	6.6706072777748	6.12479593458199	11.2194124072082	13.127448462514	13.8024465332468	13.6941733257446	6.70965104356109
tempus147_Post	12.4590414067037	11.065069711213	13.8616006970208	14.8186893740372	6.57225836510899	5.99919387703132	6.12545168354607	6.12545168354607	8.21407525166333	5.82623464204499	7.06003726215416	6.3964993418667	7.99044207776579	6.3964993418667	9.57442981930954	14.2546806079444	14.2648884335263	7.00464156818995	7.35816172567387
tempus148_Post	12.7239851222749	11.8139980085291	13.752396319438	14.8801860302317	9.18278791548001	6.50492752078866	8.67561659752597	6.50492752078866	8.03327527112398	6.19139025140998	7.61241924768604	6.50492752078866	7.85235854041678	7.25442966233654	11.9474903903748	12.4173208538605	9.75852946163732	6.74412923715212	8.89416984105554
tempus148_Pre	13.392678102164	11.9985665430972	14.4788018661521	15.2793242919188	6.76786300926646	6.15426685700458	9.94204126711652	6.25948599981157	8.16936513401175	5.9905155195589	7.12713515376078	6.19278959893134	7.57040826124953	7.04176320843943	10.8456961782544	12.9684600559662	11.9794817026395	8.79774600301997	8.50728747337591
tempus149_Post	13.2126340498469	12.3056681546059	13.1339509756073	13.8860136634737	6.24660838471475	6.05150069586768	6.27540817696728	5.98560261624518	8.11856669240561	5.98560261624518	6.75350420765115	6.10198848400601	7.16745520779872	6.56598618372443	10.5741178738336	13.4382005774286	14.0499075354168	10.6675625714996	7.14244318462696
tempus150_Post	13.6817054117216	11.5231962189478	12.4239317717486	13.5982694090646	7.41902967113015	5.98167289903082	6.13666234084018	6.13666234084018	8.49859871274674	5.98167289903082	6.70590113112468	6.2060652836638	7.48576275603212	6.56398622108712	10.9104733966743	13.2584229472089	14.6488131996826	11.2111278126216	6.94107453101569
tempus151_Pre	12.1705287064293	12.2185614965989	14.5947404297027	15.3427965324101	6.67651999479251	6.79443559043772	7.11506208288011	6.4542724940878	7.84919058094984	6.16382128332275	7.3425139088656	6.16382128332275	7.83875607518137	7.31045729887561	11.9963094469069	12.4385280097715	14.0319216761557	7.69464481470251	7.1343871210208
tempus152_Pre	12.560276824905	10.7922770782051	12.689145360931	13.4070118205623	7.17289458406296	11.192246898236	11.001591404177	5.82623464204499	7.98188309507431	5.82623464204499	7.33365545023268	5.82623464204499	6.50583513250196	6.08513347439858	11.4041816966725	13.0684757077972	14.0433922361805	9.6866502518772	6.92920489150583
tempus153_Pre	12.8650463146489	12.2253640399172	13.4548623651912	14.1391721247997	9.29760749628899	9.39723596607998	8.8197760314188	6.02356633153298	7.93616341453426	5.82623464204499	6.99524744613202	5.82623464204499	6.77644390735657	6.02356633153298	10.3846486825293	13.869241858294	11.0383822942079	9.0157793447654	7.28075931928819
tempus154_Pre	12.5955141744482	10.4896913313978	12.7730709520774	12.9103588659646	7.87368285041991	7.77744382295631	7.58890767017546	5.82623464204499	8.04695347213458	6.08097352117481	7.75219708250684	5.82623464204499	6.33375349590862	5.82623464204499	10.7213085812543	13.2929121945859	12.2019951290283	11.0806493498689	7.13101275582559
tempus155_Pre	12.7995163602053	11.184046603737	13.2618573891558	14.0568909459568	6.55305858202824	6.10343611023729	6.44233754817058	6.34286434389158	7.47919295250237	6.02239619495672	6.8863919810504	6.0663902312896	7.28963890193572	6.30490200961857	11.0169884444758	12.7913075802582	12.5069499961316	11.0915147499884	7.60038519425007
tempus156_Post	8.14507708355764	7.22273758225802	11.1940279924513	13.4128097908165	11.8971088508792	10.2748947925077	14.388416516327	6.62394136299234	9.48992580597229	6.09895096653017	7.94116521955959	6.18660420324893	8.94030716397418	10.0084089472731	13.2118782152075	13.5169020030555	6.9021219319191	7.13299113860202	9.58039487618649
tempus157_Pre	12.9429825003761	12.6894260124156	13.1722930009644	14.1818183679292	6.58879960020032	6.00795244544123	6.00795244544123	6.00795244544123	8.89839638594213	5.82623464204499	7.16276189398436	6.23150284813289	6.90687131283062	6.18895446038399	10.6708935507489	13.4536138089158	7.39448641722681	6.98705751219619	7.84665219521383
tempus158_Post	13.4276418801175	11.7642427918567	12.4776837914011	13.7099988149692	6.34417203102377	6.010213449201	6.48430926015963	6.50870558477264	8.14568566758285	6.010213449201	6.86147459263394	6.08624427074639	7.24161373920088	6.23651858851174	11.3044905903774	13.8116728182327	14.1339275668817	6.48430926015963	8.97034192119152
tempus159_Pre	13.8830131878198	11.6092695031453	13.0843253283029	12.9872605352357	6.09914310313864	6.01935370234055	6.09914310313864	5.82623464204499	7.71531851990411	5.82623464204499	6.92629932802063	6.01935370234055	6.92629932802063	6.36964763125277	10.7830838615429	14.4266138357723	15.1861029149934	7.58000272579392	6.97149979466725
tempus160_Pre	12.4210115518613	11.2148974506387	13.1596523905684	13.8213355335861	6.20118149042428	6.13266345168408	6.20118149042428	5.82623464204499	8.37703483169345	5.82623464204499	6.9076609449056	6.04311577927752	6.56997734752038	5.82623464204499	10.9388524782596	12.1405887760147	13.2244096371168	8.60403058620819	7.22683389427527
tempus161_Pre	12.4956249899815	10.8668452526665	13.3432830267713	13.9027743185396	8.33043329053113	7.29426175158401	7.41942045436067	6.05191307033837	8.14442162430078	6.05191307033837	7.23379507977242	5.82623464204499	6.88568732483565	6.05191307033837	10.5329686019228	12.6649779389923	11.2157619905476	8.0526326663105	7.15311904347968
tempus162_Pre	11.9554602744545	10.537998926896	12.7893458704189	13.0533101623609	6.38355989616869	5.82623464204499	6.24277984652407	6.0902285179764	8.36825403439464	5.82623464204499	7.78675881674735	6.4133078543344	6.38355989616869	6.58809335543924	11.1039255997352	12.654947714119	13.6195341057065	8.45137077317278	7.32228514883338
tempus163_Post	12.5729626217574	10.6484887925576	13.4500442546066	13.7554244296795	7.80208637266915	6.45398122141892	6.45398122141892	6.14195945336757	8.43297724115652	5.82623464204499	7.50537890179432	6.14195945336757	7.75405029284845	6.49141773303527	10.2508581875548	13.9119761244118	11.3722275640199	10.376324954516	8.22468990154916
tempus164_Post	13.700103304205	11.9654854538449	13.4535961916766	13.9152296701247	6.40396013068318	5.82623464204499	6.01002630896827	6.14414286903637	7.92573966849407	5.82623464204499	6.71320026143262	6.01002630896827	7.13264090944233	6.50802310809676	11.3121857726735	14.8672220291257	13.544135591012	7.76573157032382	7.15506240722989
tempus165_Pre	11.8446378888102	10.4486966671652	12.7954067916117	13.4572130014674	11.078571429676	11.69846775379	11.995774344092	5.82623464204499	8.50998450978735	6.06419350871937	7.71079568912321	5.99459222436078	7.14803533461557	7.14803533461557	11.5965332691001	11.2877660483019	13.3838334515983	11.1031470036991	6.92919483338316
tempus166_Pre	12.5122780644293	11.9348104729053	14.3019454430706	14.6252309206964	9.51032120750524	9.56727378052664	9.84592750348474	6.20304505204608	8.25430056506444	5.82623464204499	7.1266544768712	5.98043106886904	6.882381251683	6.26092940648913	10.4884949632654	12.8906266892623	12.5843125342049	7.5748688723264	7.94474479256289
tempus167_Pre	12.4613913108344	11.0161282754619	13.6655994305262	14.3884332247009	10.4362669041613	7.75074935510123	10.0694648873662	6.0846908540133	8.06390604580229	6.19126144656603	7.2738040607677	6.0846908540133	7.61185597541846	6.98112966416275	11.0881235068931	12.5719537682773	11.3568632611803	8.37506756991715	8.05355856275147
tempus168_Pre	12.7330813364139	11.8797316062138	13.3915628440629	14.0770592265802	5.82623464204499	6.05937185170858	6.43911021967948	6.34530837361799	8.08143858906012	5.82623464204499	7.42600914070168	6.29100416545407	6.34530837361799	5.82623464204499	10.5244650086095	14.3024377709916	10.9864567660754	6.89624165684162	7.77514684429715
tempus169_Post	12.0818543972025	11.5024932421793	12.5222082605213	13.404768428519	5.82623464204499	6.06503626395111	6.60949921032917	6.06503626395111	8.59683172088328	5.82623464204499	7.30942708989619	6.53626986566062	7.22502952232148	6.53626986566062	11.7749866700459	12.2779350924346	11.6897522615878	7.48942203250659	9.207091738289
tempus170_Post	12.5823180376046	11.428160030112	14.3414552086734	15.3937953947449	6.08007608839683	5.9729160022733	6.44408654782927	5.9729160022733	8.11256234130742	6.08007608839683	7.75048187508708	6.18476061555301	7.74200107760903	7.26903691067622	11.8764089397387	13.1589329057703	14.5001503644375	7.15531938388896	7.72486525659106
tempus171_Pre	12.8176914977244	11.1250732177116	11.9801839500573	12.150819649818	7.78833445346924	7.33617392310096	8.47768468305037	6.23735523201984	7.88201863005166	5.82623464204499	7.12880119037938	6.23735523201984	6.84318443391773	6.16228988405325	11.8041912678952	12.6622088345921	14.0176226865515	7.78833445346924	7.06992071029237
tempus172_Post	13.5538521337188	11.5257936341751	13.835068266865	14.111322450937	6.62787402005241	5.82623464204499	6.18841669257652	6.33711010110751	9.12160242880098	5.82623464204499	8.07961192608025	6.62787402005241	8.41485203608542	6.94622763579626	10.5110219684134	13.6005258487405	13.5615937337827	11.2213071075796	7.13917760676134
tempus173_Pre	13.0816906598554	12.0672616344274	12.9137211846216	12.8882564814611	6.94240494494444	8.59243956152656	7.76953488270945	5.82623464204499	7.79674779576823	5.82623464204499	7.08206088046629	6.06454931074333	6.32979133216218	5.99484424196171	10.6469537034737	13.5200248321538	13.2751044210631	12.1152374053532	6.60793646372593
tempus174_Pre	13.1134006867679	10.8613484216863	12.9866475998528	13.7450098316374	6.83926337937357	6.51332999025341	6.61719995218995	5.82623464204499	7.81523398173416	5.82623464204499	6.77617058773355	5.82623464204499	6.3889882207723	6.10894614007388	11.0028962019251	14.1640957195325	13.510148863726	8.05959886705056	7.14739622152805
tempus175_Pre	13.7291558167182	10.9755362685934	12.3554812460693	11.8572754834707	5.82623464204499	5.82623464204499	6.00459974937582	6.00459974937582	7.84949075718734	6.00459974937582	7.2878430723284	6.0783208643444	6.43986705345393	6.18228779066722	10.646040915155	12.7193299853078	14.5766091662055	13.6332275091699	6.75455686800294
tempus176_Post	12.7684806361095	10.2428358863208	14.4998099414936	15.2855458656447	7.30230737577473	6.89171942903579	7.83876862107846	5.82623464204499	7.60007303348908	6.89171942903579	7.30230737577473	5.82623464204499	7.30230737577473	5.82623464204499	11.8304910013008	14.0517968458351	13.1943908483302	12.7069273818606	6.89171942903579
tempus177_Post	13.0018239049191	11.8477491317579	12.9057935483973	12.8509658774789	7.26087686024416	6.90898620435493	6.26659878420242	6.11515803033352	7.50592394775384	5.82623464204499	6.78289797061313	6.06227067970582	7.09040631435073	6.2967454236505	10.3149729732624	13.616497565319	13.6177209711645	13.5019117959383	7.6916395742608
tempus178_Pre	13.4719940093102	12.6144130001528	13.0137435281916	13.9489997367417	9.43879534504483	6.30704744265163	6.70021221461956	6.06747403599647	8.06848971657658	5.99691589827377	7.56613592617509	6.2431086906487	6.84382803166898	6.38907433631046	11.1808808903819	13.7727889014504	10.8524847069458	8.31297030008656	7.0446758762681
tempus179_Pre	13.0300921023152	10.5458733167458	12.5892239921981	12.6154009489977	6.16452323080467	6.45556395781674	6.20423767759144	6.06571414269038	7.37663851061413	5.82623464204499	6.76841972728117	6.20423767759144	6.43300907808537	6.06571414269038	10.5260505357123	13.1056467325309	13.8369027031084	7.66227337081304	6.67824625237118
tempus180_Pre	12.8121793492067	11.9464918841941	14.5011744996281	14.7660193174842	6.57222934743413	6.90084021386176	7.16362945316916	6.15217693993888	7.95329018527867	5.82623464204499	7.30435252782761	6.28621681821669	6.24643299794759	6.0146839896254	11.0503073789691	13.8655958590014	11.9521517789805	11.2393090598435	7.35402154547436
tempus181_Post	12.9144733994488	12.8681047844316	14.4558295297773	15.6424118832419	5.82623464204499	6.08938047993593	6.19786679696112	6.08938047993593	7.907743222917	5.82623464204499	6.85813983757824	5.82623464204499	6.68736072822315	5.82623464204499	11.0448770931629	14.8124377103519	12.9559649247606	7.907743222917	7.25746039917902
tempus181_Pre	12.5884575843128	12.3750764667586	14.0124543154221	14.9156579371123	7.82078862072896	8.16375473427732	7.74667165237182	6.0138659205951	7.91536987330944	5.82623464204499	7.06161777891346	5.82623464204499	7.06161777891346	6.35435642339915	10.9144668664266	14.216103662465	13.2589234176758	8.30226835540267	7.8338107481195
tempus182_Post	12.4579540224856	11.7497590237037	13.0417518586821	13.5215207267707	6.14017627187418	6.8480262002488	6.23100280598268	6.26934786893253	8.14847715402322	5.82623464204499	7.1394834503614	6.08273499685285	6.70242077303181	6.14017627187418	11.0708966104834	13.9346078703722	13.6313984597605	7.49280717109716	6.86276781276882
tempus182_Pre	12.6657095996536	11.2589457787873	13.8461398700295	14.4084206431092	6.02444949777295	6.78055477138969	6.41720653862567	6.3838348569063	7.88308116144623	6.22173659443569	7.10027339479308	6.10633318248588	7.36397322530556	6.69996180559918	11.2877210672224	12.8839131371287	12.3651643634749	8.39053687249428	7.5686641184014
tempus183_Pre	13.6612365680944	12.4905836343582	13.6929830911917	13.6886381464144	8.05636157326208	8.07415015866917	7.81882291385662	6.06649365263446	8.47898868401959	5.94646821638674	6.75700232719332	6.06649365263446	7.21069722794434	6.8721475780915	11.3734751983077	13.2847216054499	14.3711604142267	7.19254185360882	8.02464120519369
tempus184_Pre	12.9393709267545	10.6998287897957	11.6155668826083	12.1533142368938	6.63083079585493	6.15825000639651	6.65494322691391	6.0298316790035	7.8779538127485	6.06126339950613	6.95026319739321	6.13689185884366	7.44132853270927	6.51564970593834	11.0581973281485	11.4903843735422	14.6446948181096	10.4812364801579	7.81758926045704
tempus185_Post	12.8105881701921	11.0911555537702	13.353702069979	13.8832244011636	6.89105490806829	5.97867591201128	6.1987757870587	6.04171909968323	8.65413270735328	5.97867591201128	7.36612528621278	6.32950471043029	7.50797014587471	6.77368839634128	10.2143632579501	12.678809738415	13.0280304632076	11.4242177528055	6.8073106814947
tempus186_Post	13.4730249375122	10.4902539033488	13.2056086771419	13.5803826690653	6.0785166154303	6.61517010675222	6.98005296099385	5.82623464204499	7.51443101912011	5.82623464204499	7.0972916073727	6.0785166154303	5.82623464204499	5.82623464204499	11.4202467494017	13.718594696312	11.6461699471611	8.58264514187082	7.26081840470146
tempus187_Pre	13.7073606781909	11.629812436504	13.2157940067662	12.8726520638986	7.21951607589792	6.70339923437221	6.94005980032115	5.9944729624362	7.74920777289994	6.06402513241522	6.89271245857876	6.23717557204323	7.20188274956132	6.23717557204323	10.8476559637366	13.2953243628272	14.7032542520227	10.8244683231626	6.68805077020015
tempus188_Pre	14.5368465716437	11.4328886657555	13.1803389220623	13.2345203570328	6.16475047001537	5.97790120071764	6.22640734281166	6.39037915121998	7.62146993029319	5.97790120071764	7.12230834190304	6.16475047001537	6.73415441448162	6.34900031831673	11.0203041883763	13.0548581000721	15.2876579290457	8.81463268001892	7.19017188833853
tempus189_Post	12.6619931023648	11.0505141812311	13.6553936554312	13.7939264873179	8.39968484661032	5.82623464204499	6.12458767951472	6.24742443846114	8.98438557035873	6.12458767951472	7.40967307438833	6.60743114245953	8.81274333438621	6.91829978894504	10.0266088434867	13.1985827016423	11.7989647583432	7.73336149041734	7.56206981765284
tempus190_Post	12.592318604118	11.3850962886461	13.1666669885715	13.1524482050004	7.96599359643807	6.88898599182808	6.82576721173	6.20170248631687	8.53198882322515	6.04341826706707	7.35165272984072	6.1330900335084	7.84275613799183	6.62922371488797	9.38876069072322	12.7929053764581	9.68971537741508	6.80363547670093	8.490226988952
tempus191_Pre	13.448563020114	11.0393247025224	13.4842953026208	13.6532751071387	6.09610009652948	5.94706285525332	5.94706285525332	5.99706167290204	7.94826724002491	5.82623464204499	6.85124808542403	6.06767983324067	7.05626667732346	6.26037438768277	11.165570104431	13.3708616127103	14.5337717679296	12.2980379938945	7.02953399289949
tempus192_Post	12.3254440243123	11.5110540789978	14.0173819758143	14.1435523174647	6.89260037483197	6.78019323015579	7.02367642637018	5.82623464204499	7.99553453642443	5.82623464204499	7.40437411498494	6.17621619298981	7.24322999993738	6.31998461260623	9.71230898245754	12.4763653820701	13.1652314062571	9.80941911418794	6.78019323015579
tempus193_Pre	13.2438117220601	11.0310026389654	13.001738835765	13.126011168208	7.52300134646836	7.90533661386663	7.54961301844489	5.82623464204499	7.87192477680433	6.02091909664418	7.40021014169593	6.1013519379746	6.54768909323124	6.1013519379746	10.8437011551281	12.6672788700923	13.9709156700417	13.9290333351735	6.85359288871122
tempus194_Pre	11.5245346951962	9.34947739246459	14.0393395246033	14.6537812400592	6.9555592216856	6.55120628377543	6.24771459141688	6.12479393555131	8.45363017346481	7.66128445070968	8.68106953892642	6.12479393555131	9.31091975508416	9.00690643722529	13.9719703152868	12.4206419735995	11.6271199069651	9.98727587839072	7.52154933997121
tempus195_Post	11.1963572888103	11.0206743470181	13.8079743783294	15.2881653968643	6.42013482003154	5.82623464204499	6.27652769889608	6.21659284162077	9.24529875312347	6.86403604847477	9.11229327583745	7.43350495338878	9.68933180295978	7.78164494406085	11.4955418751846	13.2796262591678	8.54583636970202	7.02926509063178	8.16042726561116
tempus196_Post	12.3280757092365	10.6949660446589	14.1789166393531	14.9871102786731	7.84316295468668	5.98902645993937	6.43122639383239	6.18948110347063	8.44882465711759	6.05633522971463	7.13396928665667	6.45213895658294	8.1247519170677	6.78572269554326	10.7050128873793	14.6506737293606	9.80029440100219	7.04111111840668	7.73197117218696
tempus197_Post	13.3452707714042	12.1362292308767	13.0536326966095	13.7399626564973	7.11123716698951	6.46621892759647	6.89695504427976	6.85415260295366	8.15537085391525	5.82623464204499	7.30230116197164	6.26715085273938	7.00534577577673	6.5021800867377	11.204541127203	13.8085631439135	13.4183544854051	7.48329867299055	7.04190683943443
tempus197_Pre	12.8701078267261	11.7281765230082	13.1842055648655	13.4752897423977	6.10493348589841	6.18566274608557	6.50372429685348	6.05390896523136	8.10451790607659	5.9873081378252	7.12101335585877	6.42492447951227	6.96933918432659	6.93806855083212	11.3941699417908	13.240910132966	14.3059162467479	7.1384645115454	7.06680409861251
tempus198_Pre	12.9321822688138	11.6893571389548	14.2323667033961	14.8462463588993	5.82623464204499	6.87170788770056	7.51593187979988	5.82623464204499	7.78290139770877	5.82623464204499	7.05318852008026	5.82623464204499	6.40753582410878	5.82623464204499	11.364282363858	13.3723872480364	13.944406267994	11.6324919119985	6.96678295179984
tempus199_Post	12.4170717468883	11.482569034338	13.535100072279	13.8970109687456	6.78434075793837	6.55217520491771	6.55217520491771	5.82623464204499	8.5040199442007	6.0295368853396	7.21119227095969	6.17778547189784	6.94871058512873	6.2318385090189	11.2910955906969	12.3707828374175	14.4473641249164	9.3498527131278	8.15485482531451
tempus200_Pre	13.0306240336258	12.4295601352361	12.3695702125656	12.8351524639301	7.01466878919984	6.60817510893027	6.87827007831005	6.04555894670956	8.26667806852033	5.82623464204499	6.93917250591793	6.04555894670956	7.1660321227247	6.5139376276394	10.4566480840716	12.8047440081881	13.664515082749	7.6323708505202	6.85702438381943
tempus201_Pre	12.2461669761164	11.2540604279415	12.9766702674809	13.3309817007116	8.50735627132768	7.75787936873823	7.52331376199928	6.06604354359012	8.18470059115682	5.82623464204499	7.39390245880319	6.06604354359012	6.4564180544701	5.82623464204499	11.0562873385866	13.0808160381542	13.8798663266134	10.6963091519396	7.15766369974419
tempus202_Pre	13.598329507769	11.8744598509576	13.7138253728851	13.7838360953746	6.01060663675077	6.01060663675077	6.51013937689975	5.82623464204499	8.00466420971577	5.82623464204499	6.80112918543948	6.2373907237235	6.34526864722835	6.01060663675077	10.8333822767796	13.4875374591515	14.8719722641074	10.838513829739	7.18099702763425
tempus203_Pre	12.9474729098225	10.5757566423631	14.3710354261195	15.3055958694392	7.71628981628013	6.0649818252601	6.2716286819962	6.0649818252601	8.44273942395998	5.99515059739265	7.23347026202222	6.20308567348546	7.97115251511661	6.53611082858238	9.91691643908037	13.0251332295354	14.2591824015219	13.5409504075275	6.64326120926841
tempus204_Pre	13.8142366701158	12.927664826836	13.6169987193371	14.0332771029373	6.57494677479018	6.2710094220386	6.49016768394927	5.98403109819287	7.99485056503912	5.98403109819287	6.90598307323078	6.14135807270458	6.79392187272291	6.14135807270458	10.9653106240178	13.0752342556132	15.1106857118861	7.31428035313437	7.40246753615187
tempus205_Post	12.8020573139846	12.8467107918619	13.523527999859	13.3463536730255	11.1744786444268	5.82623464204499	9.56198476124287	6.09580115079489	7.91395765478645	6.15614600933445	6.91339706989847	6.20690876802391	7.49205708622567	6.86638823886135	10.6901374071168	13.9547586403005	11.5507329836642	6.94344728077801	8.18048543547444
tempus206_Post	12.6713411662929	11.5571174883749	14.9416540261037	15.5361477999466	10.7298460803759	6.12098163149098	6.36221523456961	5.99660399377459	8.38527819352446	6.12098163149098	7.10445682043202	6.12098163149098	7.34513002502605	6.63321082849846	10.5906045703282	13.6461282995461	10.3495963416269	7.36102452925	7.59604020930974
tempus207_Pre	13.8006242762718	10.5228679269677	13.6237326426742	14.3927117090825	5.82623464204499	5.82623464204499	6.92015571006861	5.82623464204499	8.06753423625967	7.15127046264569	7.8591623305337	5.82623464204499	7.42382124823608	7.38276195250841	12.4588945482502	13.0452043867573	14.8693446471494	11.6439819051546	6.77904549367597
tempus208_Pre	12.9691996510015	12.1353507143982	13.1992414943496	14.1355630154012	6.02002508238514	6.02002508238514	6.54443810784781	6.65993400062113	8.45266425887652	5.82623464204499	7.51598370535245	6.25827289885631	7.01856976781979	6.21294820131823	11.0812427526834	12.9363625845757	14.5038405736445	7.67490321820701	7.91672165685538
tempus209_Pre	13.4810474516211	11.9893058968711	13.8486551022383	14.5800084862371	6.49956733428367	6.535290962766	6.42123666252557	6.05248956844011	7.98400703725697	5.82623464204499	6.95229313714007	5.82623464204499	6.46168700148325	5.82623464204499	10.7467478053369	13.5282578030727	12.1032911813526	8.80565581408256	6.66193766769331
tempus210_Post	13.1809928693376	12.7363658044077	14.2578055096824	14.6561119848998	8.35986218864299	6.85715571808942	6.4981901077428	6.11061023313561	7.993925431562	5.82623464204499	7.04232634354442	5.99059599432831	6.76830904072381	5.99059599432831	10.4357228935541	13.6728801457284	11.9559034962436	7.44843321775177	7.48198594628033
tempus210_Pre	11.870462402116	11.4351387633238	13.1117454373466	14.0040323298322	8.91704942617971	9.71796893850495	8.83673763788208	5.82623464204499	7.52074845996716	5.82623464204499	7.42756198485298	5.82623464204499	6.2596178522202	5.82623464204499	11.2518808022224	13.3109060949829	11.4079962884948	11.6725930690848	6.43686979454058
tempus211_Post	12.5392477439318	12.4328216470592	13.7402905164778	13.9214037508813	9.31730899202865	6.0851456289947	6.27349046495494	5.82623464204499	7.71360956888009	5.82623464204499	6.6354331519237	5.82623464204499	6.67385425748254	6.0851456289947	10.9397684154866	12.9028135907523	13.0400191691762	8.11782048603771	6.90113972889085
tempus211_Pre	12.4360312979108	11.6430515502491	13.1917284770515	12.9789585081994	7.47004911203219	8.97855194616659	8.19873166350612	5.99074737168667	7.78631569700112	5.99074737168667	6.82108034702873	5.99074737168667	7.32014119616416	7.06301402853372	11.3059251159783	12.254714326459	13.4173098258106	7.92337884893235	7.46333452902421
tempus212_Pre	13.2432068628677	11.2099480265288	13.7688129340891	14.3863078930289	8.7280989874937	10.4623819197473	9.79321152566119	5.82623464204499	7.51509251829573	5.82623464204499	7.05254900900688	6.06061545830363	6.60659793154681	6.06061545830363	10.7269971663805	12.9422719710429	13.2438766376195	13.9742570938614	6.61771513523355
tempus213_Post	12.8063503225416	12.6482223141247	13.9444318618075	14.3915166085772	6.08604574038465	7.99932256939441	6.90472172277321	5.82623464204499	8.0633764688957	5.82623464204499	7.26090374982252	6.40410448856179	6.27503712347229	6.08604574038465	11.2843386225723	13.1714725279926	13.9917687078253	8.89963642278214	7.49597479700703
tempus214_Post	12.8147168932948	11.4516929532934	13.3337269129327	14.177626604403	6.1547053547245	6.21455315431992	6.21455315431992	6.31218783961342	8.24669223896868	6.03424653009218	7.26691757232848	6.31218783961342	6.74185369872333	6.1547053547245	11.1757398216714	12.3054197794589	12.3176610953631	6.81596068822986	7.38237543702685
tempus215_Pre	12.5747698923699	12.6142008197086	13.4388173971602	13.6490624968894	7.80571462788041	5.82623464204499	6.79237949511751	6.26473711582553	8.04422484665719	5.82623464204499	6.8108094140007	6.10420656112622	7.13092309475293	6.21874297704057	11.0150450222724	12.4544620231552	11.2850973658483	9.30947582634826	7.49278549847226
tempus216_Post	12.6639526525677	11.4020532041542	13.0306749644793	14.0875915062497	6.61694788139042	6.24838965793219	7.17279722747722	6.42115997201387	8.5467967750257	5.98628202149461	7.43605900213361	6.05246005451827	8.04921433429311	5.82623464204499	10.1046069495322	13.1435236741324	8.11155935863393	6.66183138559437	7.24472385664442
tempus217_Post	12.2942976680042	12.0054770068498	14.7681306915729	15.8356966043749	6.18228079503733	6.03214523605379	6.18228079503733	6.43985511528338	8.20917462176531	6.03214523605379	7.44017308855274	6.1171900940425	7.05880081842099	6.50350636015319	11.6122766375334	12.9946710058901	12.6332836602469	7.29089025187649	7.66512863132118
tempus218_Post	13.1845636843119	12.5441285330994	13.4820595145701	14.8727993925581	6.72663214454259	6.80951443941796	6.52811168417769	6.32495869020503	7.95951419563981	5.82623464204499	6.92055284502956	5.82623464204499	6.76911040808746	5.82623464204499	10.7773870960275	14.0633230110301	9.76850640251316	7.66240284760972	7.29341231264879
tempus219_Post	13.2570193221485	11.7401780357599	13.6109502375353	13.5701793116125	7.55625489025541	6.0164350726225	6.0164350726225	6.0164350726225	9.1472680323046	6.0164350726225	6.77934522229128	6.09502458678518	7.2753110161088	6.20581526142334	10.041060837321	13.328293773469	9.82480979890197	7.09030336633713	7.55625489025541
tempus220_Post	7.50450796916705	5.82623464204499	13.557071000278	14.2151126888703	11.9464614454165	8.85860650199637	13.4836916037589	6.83036154173451	8.79183977088747	7.74489608931682	8.77063729691869	6.46002483876712	9.40131272587539	8.00403330482765	13.4578348193057	13.444524831436	8.38516943409747	7.23808967836455	8.81789797455425
tempus221_Pre	12.5229085101188	10.9756849327787	14.9280430242638	15.6175675450604	6.17739575572154	6.80315044263889	6.92642291570995	5.82623464204499	7.95077956057116	5.82623464204499	7.25077663976752	6.00213997728057	6.25579142493234	6.00213997728057	10.993736893723	12.2804296319855	14.4115489620621	9.14778440100088	7.46949334089052
tempus222_Post	12.3953755653765	10.9574969474749	13.5334660010595	13.6192216865255	7.38189076678623	6.14772704967394	6.24071196892408	6.08891257747365	7.94599997347845	5.82623464204499	7.25509860400879	6.19720779797501	7.01222670431078	6.31598416572403	10.0830639188788	13.5511431575309	13.4198687313822	9.90803839524763	6.9990751392642
tempus223_Pre	12.649670924464	9.4274082169358	12.8173217492828	13.9716344727627	6.82997898420677	7.55190002659189	7.50390901322047	6.56222753869422	8.03117462501767	5.82623464204499	7.11595227728626	6.0673394255252	7.12582432817455	6.61688784484652	11.6259319087003	12.7324831496726	13.9771157132965	9.86416940644992	7.59156093156056
tempus224_Post	12.6380718995767	10.4775638675741	11.9483736829514	11.3628184134662	6.74807208869866	6.4835184149848	6.74807208869866	5.82623464204499	8.1013773620427	5.82623464204499	7.06551284653835	6.07650477978868	7.08773344532564	6.6090137356039	11.6347386363711	13.0778101459637	12.5477412197014	8.89090514126691	7.42424916772787
tempus225_Pre	13.3669657703164	11.631397662332	13.7198014730878	14.2305025468158	7.38227936957606	9.40925315634476	8.80457424949162	6.11739509415693	8.39131405520297	5.82623464204499	6.89303573882665	5.82623464204499	6.79006648246425	5.82623464204499	10.6872689762151	12.6026679973709	13.399837458693	11.6973727855501	7.04936519309439
tempus226_Pre	13.3120177992109	10.8410978194026	13.6729482766892	13.7942581946592	6.12773634071625	6.00051768032196	6.34657677762947	5.82623464204499	7.54368518014807	5.82623464204499	7.13201670429592	6.00051768032196	6.12773634071625	5.82623464204499	10.6396920048632	13.156836773003	14.8343393544665	12.0941440281271	6.97815486216852
tempus227_Pre	12.7479795990111	10.9734751670589	13.0261883390218	12.5541589632848	7.52147789153797	7.54791668354625	7.45268355108811	5.99420725428051	7.74097567168736	5.82623464204499	7.11676894692081	6.26915790766319	6.85394782911763	6.20099049455721	11.5256614864049	12.2317600331312	14.4098696703672	11.8245054743403	7.11676894692081
tempus228_Pre	13.6524416284682	12.1432894814475	13.0799662668441	13.4246711798028	6.0897078156138	6.4929473339417	6.7072063240458	6.01266757152757	7.58156761168901	5.82623464204499	6.91927958026231	5.82623464204499	6.64935838828584	6.0897078156138	10.6669075787309	13.4616638422489	14.7412738507716	9.70640857592152	6.94782500189965
tempus229_Post	12.592062936155	12.11597481788	13.1243112931685	13.6569968826186	6.11668849092086	6.14430395161525	6.52021196701249	7.14453924332927	8.49648074035414	6.01011968578983	7.81486128614116	6.53184653139562	6.98059220625838	6.80668543553321	11.5940564939221	11.4131845579225	12.5786279197028	10.5958052733675	7.19383167043672
tempus230_Post	13.2880114465788	11.9323382621789	14.108813089248	14.2899696944384	6.95625364683768	5.98689374339508	6.66494149109125	5.98689374339508	7.92612141532781	5.98689374339508	7.38121916145772	6.14705743981883	6.84656453804611	6.24999336133281	10.5236319902661	12.8378725119304	13.5415276505326	11.0109747403458	7.23412989867911
tempus231_Post	14.7400332704873	12.1969482574236	14.2541060005405	14.0866240611897	7.3849086301005	6.2296238887438	6.52048545177093	5.82623464204499	8.02433089840684	5.82623464204499	6.79902077423101	6.15595648160002	6.74524274728811	6.05963632169615	10.845167951607	13.3508851595981	7.83850560537714	6.84958765655402	6.9203984407273
tempus232_Post	11.8619213977918	8.03659876126332	12.7097393841093	13.2248928729065	6.61480198040443	6.34610628638298	6.42546704513653	6.2514674168387	8.82633343659727	6.12746177641251	7.76724753971163	6.49501884128452	8.05082921054275	6.84999678813287	10.041340169729	12.2384120531916	11.0466627505044	7.19030238031093	8.09262121079026
tempus232_Pre	12.6448046881623	10.9942956417017	12.3095545376816	12.7379515638551	5.82623464204499	6.11546227465964	5.99340653246969	6.2670604664359	8.0559026495581	5.82623464204499	7.03136334590445	6.23458510020438	6.98901924359931	6.06251950798987	10.1029291819219	12.5883891448348	11.5048265054772	6.94472588567132	8.17194717889454
tempus233_Post	13.4754551221153	12.2864659600261	14.1850013907958	14.6215048078777	5.99997300514184	6.4713098484351	6.34496596230218	5.82623464204499	7.55982280643837	5.99997300514184	6.7312166648006	5.82623464204499	6.4713098484351	6.31558866253003	11.0790370238904	14.3581535007577	14.6877647830653	7.2795342011713	6.07178977625202
tempus234_Pre	12.6881393004476	11.2932302400914	12.9853982662744	13.3431058929621	6.06370695802087	6.73204775980423	6.40469485597651	5.82623464204499	7.71883041956454	6.06370695802087	7.46712437551981	5.82623464204499	6.76077157357888	6.40469485597651	11.5446813778771	12.9652479154414	14.1306145314884	10.6685154745249	6.86674377258943
tempus235_Pre	12.6640310845432	11.6681228124207	14.0663610654622	14.9580586369903	8.98444372388958	11.6158832922437	11.1426852473116	5.82623464204499	7.75686523334075	6.01819934730946	7.15110125929382	5.82623464204499	7.43777157792572	7.2551565791301	11.2937819764903	13.2274407462843	13.182403870848	14.2632886737044	7.67497525921285
tempus236_Post	13.1156274880176	12.6459442868229	13.3780223954978	13.7894302809859	7.5838668742511	9.76330157362652	10.6530391998878	6.29130960489102	8.23375157440778	5.82623464204499	7.60009412583565	6.29130960489102	6.81575671474931	6.09551887899892	11.2860303497737	12.9516459996577	12.8491625433087	7.46368247722537	7.88668927707981
tempus237_Pre	13.0276851012154	12.1276316520819	14.295759600267	14.823270218067	6.51051174533383	7.28217376729805	7.54940759654405	5.82623464204499	7.48328166373785	5.82623464204499	6.76578648350926	5.82623464204499	6.27033012634217	5.82623464204499	11.0675593328555	13.9733916727874	14.4049474121196	11.7329718388038	7.36045061621148
tempus238_Post	12.9896841085427	12.0082387273872	13.3164927383844	12.9290258702307	6.03330740869497	5.82623464204499	6.11882947592349	6.03330740869497	7.70090151855419	5.82623464204499	6.82168609717454	6.03330740869497	6.84141308929298	6.18428354091141	10.4707441526012	12.6256678018549	13.3737933169584	7.13945826670573	6.61890443353429
tempus239_Post	13.1847964600385	12.0931461669746	13.4411948114361	14.0936940704205	7.06844375500994	6.21573340731682	6.74733466612871	6.10206875642138	8.68463026757014	6.02142711578789	7.82815282173883	6.21573340731682	8.28154518618109	6.54953608020975	10.1029791450399	13.2198249641595	13.4807211975589	10.2274043776478	7.53593844970034
tempus240_Pre	12.4826432896576	10.1179192095924	12.6966421160613	13.3214600805159	6.14549517124486	6.14549517124486	6.1946358829734	6.01081022728553	8.18107855643062	6.01081022728553	7.89811122026675	6.37698866466901	7.37197987502573	7.24587326880707	11.5930303325286	12.2728058883437	13.975372000223	6.99131803397515	8.1906567439298
tempus241_Pre	13.8673896324928	12.6187679213563	13.1441685217516	13.6094860498624	6.14526610707356	6.36126811902683	6.43387747895742	6.21657174135655	8.13820415091478	5.95669977252958	7.48024872811205	6.23754776767151	6.81754088305662	6.23754776767151	11.9720870752902	12.7142700531548	10.4237336747804	10.2751333288714	7.05416980278139
tempus242_Pre	7.48842955310179	7.05206280568051	11.9367494677353	13.6774653479358	14.8293377334941	8.31211634754237	15.5717323073981	7.34882320439327	8.64206657604008	6.25965283938072	7.53360564777244	6.49812254217809	7.98050294966514	8.43431480407703	11.8077027471951	13.3033750090572	11.4295906071844	8.97405514556521	7.29562720925407
tempus243_Pre	12.4143979204001	12.1065399679608	13.1189016421324	13.5693226027923	12.3013732028577	12.0441342008409	12.1582172361144	6.0694312911491	8.22027168736812	6.16976186455485	7.31795291461529	6.21008454860118	6.92823958068904	6.21008454860118	10.9712172241622	13.2920761693051	16.0191019379819	8.97211618927205	7.38295170039391
tempus244_Post	13.4159723005738	11.6760799363352	13.076176010796	12.4495374691341	6.16882181091052	6.80831564652618	6.46347069947043	5.82623464204499	7.69510241245839	5.82623464204499	6.80831564652618	6.4168746686502	6.54715628796182	6.06876423340958	11.07115163887	12.7409684595429	13.2759465725493	8.16537030063781	7.22740379797024
tempus245_Post	13.203190528204	10.352104671204	14.4717996113369	14.9212431520643	7.09652389085018	6.02382986028482	6.30837370596689	6.02382986028482	8.3210518749284	6.02382986028482	7.67467918208906	6.02382986028482	7.87058224134926	7.45148290636206	11.3408869830616	12.8194859624805	12.3052564670635	7.04073286939801	7.54578819997508
tempus246_Post	12.8192572193061	12.4955198249261	14.365080301098	14.9129229173771	11.1047903853454	11.4992760493734	11.4309934610933	6.35787333432099	8.62305559059161	6.09317961341193	7.50342004586948	6.20321718308546	8.07169905799075	6.52661464890274	10.9598182871112	13.3954822038315	10.0983771271082	6.61822987546004	8.46104730155981
tempus247_Post	13.0391014368949	12.6991671446554	12.9802766000559	13.6721234149054	11.0341682567411	10.5752025493242	10.947600865572	6.27053766828538	8.10511483299997	6.21138991754859	7.47667506098427	6.1410225266135	7.31984454499137	6.3693329560406	10.893047651657	13.3230117773753	8.92638751773527	7.7684259210865	7.66828632620536
tempus248_Post	12.1865006930562	12.0118606464379	14.1370972990729	15.1554301878505	6.46299770458282	5.82623464204499	6.23090789948823	6.02906814759824	8.14444742786865	6.02906814759824	7.70947932314679	6.17697757291336	8.07083379181146	7.52982645038682	11.7453274961248	11.1612923696922	12.5307247254713	11.1232674709987	7.16894848405738
tempus249_Post	12.5589326010362	11.7801415885228	13.6209538248054	13.1588957424588	6.63733586023716	6.0682938254278	6.24451879737337	6.39096740677817	8.22314090064652	5.82623464204499	7.25159482777234	6.0682938254278	6.71870131916757	6.30867011705519	10.9141698273468	13.8362551271835	13.9558370935517	8.67014690584369	6.65432166706054
tempus250_Pre	13.167795858729	12.2074170413916	13.9070131458974	14.1814165601493	7.33839825084741	8.39340224230138	7.16277314997807	6.05679737996866	7.77696060586433	5.82623464204499	6.90765567296241	6.05679737996866	6.70643556162155	6.15195447013763	11.1732093420857	13.2686866919669	11.3514481790648	8.41250750100132	7.21355701324746
tempus251_Post	12.6553624180382	11.8651991810939	13.320247011233	14.1208653330321	8.04166381624587	10.0181381794885	9.47011663114984	5.82623464204499	7.55703050720331	5.82623464204499	7.18407169981145	5.82623464204499	6.3975173500091	6.08305328116722	11.4011774285443	13.3588844050911	12.7033390152102	8.22501485477642	7.41179701872366
tempus252_Post	12.3510996893075	11.1242300415243	12.4220742303337	13.2696816673229	6.36344860175594	5.99700009041749	6.59993218006407	5.99700009041749	9.36483182173063	5.99700009041749	7.56023489822686	6.06759289427942	7.4771595238387	6.8309959039078	11.2907681164153	12.6307354210948	9.48585415984481	6.36344860175594	9.4400046887692
tempus253_Pre	12.536593446165	11.3440839299194	13.6983958374616	14.9062996298246	12.5980016842961	7.57005918447775	7.77712583610281	5.82623464204499	8.25103146974837	7.63007035680432	7.24067165372205	6.12611833079201	7.54937555083115	6.55436709904652	11.6571848376576	12.8591516131687	10.7279389384436	7.87713100361083	7.36943606921325
tempus254_Pre	12.9295431712993	11.1715833181901	13.4143810429111	13.4877838313787	7.11826279066265	10.2415006607832	9.90954968423468	5.82623464204499	7.63107818057406	5.82623464204499	7.10260462771187	5.82623464204499	6.3885253669952	6.03991291258255	11.4301958748354	12.2125975181998	14.2254291987893	7.66037843750894	7.17863404641944
tempus255_Pre	13.2564075399471	11.7935124714698	13.0403432839057	13.5162300389508	5.82623464204499	6.04134191320754	6.13016179970385	5.82623464204499	7.99447270686766	5.82623464204499	6.85883436096399	6.04134191320754	6.93782864825189	6.39224525978139	10.8567003744998	13.3303122599897	15.0248269032042	11.4183593184836	7.28565405457293
tempus256_Pre	13.0037082328311	11.6510524174117	12.7349950410474	13.2620684705274	7.55587243445456	7.84261394164221	7.42468232044896	6.05841817765933	8.28206464746354	5.82623464204499	7.52653458211575	6.05841817765933	6.69311606128277	6.05841817765933	10.5130093594331	12.0022203775494	14.4258287447196	10.6696814718396	6.91493308429547
tempus257_Pre	13.1216003391125	11.402820652852	13.8080004378714	13.869176311454	6.57352523153997	6.14778866138551	6.3330983604689	6.05384247747074	8.63256496895559	5.82623464204499	7.03823115068254	6.14778866138551	7.48367269390575	6.38091339544979	10.3439745166426	12.7446639926159	13.2867907349133	8.50617227773092	6.80075042012328
tempus258_Pre	12.5586194485874	11.6598113522874	12.8868801863815	13.5958070757591	7.84800250029122	8.59707386773708	7.74567335252956	5.82623464204499	8.17254953946499	5.82623464204499	7.21942517509919	6.08594497586911	6.84516912908127	6.08594497586911	11.1230611778673	13.4069396879878	11.8987239490409	8.40128306192745	7.61957611577367
tempus259_Pre	14.006386638263	11.525411243795	13.12202514563	13.2719735708295	6.86185115913988	6.59351599024218	7.0354649804613	6.53776736874603	7.98490168884202	6.23979702663311	7.33651719970897	6.23979702663311	7.47158897181558	6.47684808145825	11.3855346371989	12.9559419516377	14.6370390514699	12.3017694694599	7.09703218363134
tempus260_Post	13.2820757082486	11.6415822127781	12.648610471769	12.6683796205119	6.12966436468799	6.94860090858363	6.99706274161927	6.04098920262958	7.97634235975947	5.82623464204499	7.0544179134249	6.00163489533233	6.59222915805203	6.37787395967863	10.6357009859384	14.1441227984275	12.6022127959122	6.7705834629063	7.19476886006589
tempus261_Post	12.9000993669694	11.8914381085747	13.3390698411533	13.8059633804407	6.71635105778045	5.97901816875901	6.19960834969564	6.09061704991657	8.11722896260379	5.97901816875901	6.99739191498901	6.09061704991657	7.41255638937096	6.37406364441782	10.2317850169949	13.6486497319274	13.6746725585845	7.61799690345566	7.27745805799853
tempus262_Post	12.4918883620428	11.3347318085572	12.8135345426244	13.2904007985282	6.35509951813579	6.02708565857831	6.5435855527387	5.96831505703833	8.39366096980306	5.96831505703833	6.8307882360974	6.22697161608815	7.12305745716375	6.90212452099281	10.656319778432	13.0862759294178	13.4374550234091	10.1954271135842	8.128559184034
tempus263_Post	12.9295097945076	11.4616505942744	13.3802528487806	13.3755708156431	7.00715587731801	5.82623464204499	6.2501981698103	6.2501981698103	8.44363949384656	5.98697186926176	7.38191040344633	6.37992830903962	7.85426690337976	6.79906205742409	10.7211025349181	12.9488076831217	9.2714614222549	7.17821702204337	7.28850890272989
tempus264_Post	12.984157936353	10.8291354740756	14.2874854546699	15.6077745463748	7.16424648009165	6.73005070169994	6.59772764540887	6.13188566292521	8.11349592101369	6.04256425784114	7.20900773393194	6.20023154571684	7.80101176332665	6.65348113791132	11.5201274998753	12.0423426561983	13.1125461712897	8.99368742964788	6.9992561016146
tempus265_Pre	12.2918850222445	11.3562392730814	13.9645662396787	14.7415330986489	8.98569050830153	7.13649339867497	9.63490878161403	6.25770526618197	8.51547472947907	6.76808405991831	7.59595224549656	6.44898180503736	7.35134403143672	6.27859785994517	12.0706745701831	12.9202774669597	13.2879033496888	10.4576480215315	7.43071683618358
tempus266_Post	12.7619930767146	10.5849166145081	13.0415126100397	12.5521641374848	5.82623464204499	6.15824533169164	6.29474404732182	6.06126008309121	8.3041033916263	5.82623464204499	7.01490502163532	6.06126008309121	6.52523373203641	6.63081970338569	10.9742763017635	12.2655474203504	13.6270970280093	10.1469407905206	7.05573869540325
tempus267_Post	13.0605054314239	12.045031155865	13.5004521110674	14.166350087239	5.9939685341427	6.44933660536603	6.26853261574954	5.9939685341427	8.14626699100973	5.9939685341427	7.04553327381365	6.06331296629283	6.20046026874607	5.9939685341427	10.641302074291	14.0262554926297	13.7542468465065	8.22917598009703	7.27503881621265
tempus268_Post	13.3246343614762	11.224894818276	12.5990964209526	13.5983127512209	7.79603071638423	11.0723355499579	11.5177532640263	5.82623464204499	8.00351898261115	5.82623464204499	7.15821434471606	6.1074385760542	6.38601511168225	6.1074385760542	11.1277967705553	13.4691922456157	12.7108161389461	12.3719151060717	6.70331825130287
tempus268_Pre	12.130084348046	10.5273716602313	12.3212095049858	12.833749662829	6.26913422993404	5.82623464204499	6.38516371986469	7.68374254859621	8.26067853496866	5.82623464204499	8.01339166898448	6.22268494065422	6.97227260324894	6.31103013242107	11.4453774975945	12.9207552843616	12.9879558670371	11.5916661126806	6.76332264505524
tempus269_Post	13.4252985574219	11.6768909092739	13.8321071727256	14.5976521948939	6.03858204246445	6.12626937804372	6.24979012529287	5.82623464204499	8.05044237682046	5.82623464204499	6.73744940328322	6.16153337764338	7.3203933954595	6.34406289732132	11.514778390661	13.849121504319	14.0583695326596	12.6149523747141	7.26163766966569
tempus270_Post	12.9824463668105	11.3539792846124	13.3987781070611	14.1914946928762	8.15236773260787	8.08874221820776	6.52885743795561	6.04500837879326	7.82038624034817	5.82623464204499	6.8964439856095	5.98100507090703	7.24543884208518	6.95590411711452	11.9037472082987	12.6164838798668	12.175523234531	7.67919925441145	7.14716002951835
tempus270_Pre	10.7060856510885	10.2801632087436	12.2230509326079	13.5952895670733	9.7337435595134	6.62335664447601	7.2749191884643	5.82623464204499	8.02811706650685	5.82623464204499	7.17487513974455	5.82623464204499	6.51871053216853	5.82623464204499	11.0034160866595	12.7606452443668	10.2645874942864	8.10322687076603	7.17487513974455
tempus271_Pre	12.8557428629627	10.8308332256188	13.6586978867258	13.9631602299953	5.98044052788946	6.20306805844323	6.09307371878317	6.13420815437083	7.64812476175182	6.09307371878317	7.24063640189985	6.04421113413566	7.18899580834878	6.96149948851215	11.4621144552274	12.6297980372161	13.5266712921694	10.7466231918597	7.16607617646686
tempus272_Post	12.1059452579711	12.198989028496	14.0055233979901	14.6700412836063	8.30705926655039	6.05521330575113	6.1497212906616	5.82623464204499	8.10369057669316	6.05521330575113	7.25289872241312	6.1497212906616	7.10111075256752	6.38422008575068	10.7542262297352	13.4853517867406	12.5527047455733	7.9454871980883	7.42722105648696
tempus273_Post	13.3483774187558	12.8159070422998	14.7648750217687	15.423395635493	10.4825015229732	7.0914121446823	7.25569845708541	6.0046885331069	7.70009853553418	5.95246079446966	6.68815798154635	6.35890686464348	7.1919977965153	6.57538784325877	10.9543020950125	13.9986343901106	12.6348176384674	6.34406028745175	8.69136242089763
tempus274_Pre	13.7879557735648	11.6762195196742	13.9351170394141	14.5504325749001	7.42253901436154	7.46421563093643	7.84115729795559	6.36778586426388	8.35712539211115	5.82623464204499	7.1114476440007	6.36778586426388	7.08286332668897	6.04840272430523	11.4984413752758	12.9935305195196	13.1537161093674	6.93286373450446	7.35256032216387
tempus275_Post	13.2951409598944	10.9012870221696	12.856806956054	12.9805410075628	6.49327577788515	5.82623464204499	6.03886297513482	6.38579172806095	7.86826557957911	5.82623464204499	7.27008890113933	6.03886297513482	6.44202349276719	6.19385573999873	11.2545638909752	12.6598896985428	14.062165932526	11.1192958612056	7.23621249178715
tempus276_Post	12.5619292825634	11.3234159901229	13.3398106892247	12.9229519476049	8.06713306071829	5.99480017397249	6.20230739625799	5.82623464204499	7.85417978422653	5.99480017397249	6.76374490339191	6.16279381252811	6.94212663033445	6.27071089632931	11.621441668247	12.1506330410132	13.5552247699645	11.9378213327517	7.00906144513766
tempus276_Pre	11.3933714593081	10.66044197853	12.4178560623653	13.0443607360678	8.21320837829248	9.62898285919565	8.82753266339945	5.82623464204499	7.36718535556232	5.82623464204499	6.95473114095671	5.82623464204499	6.28424764542709	6.09140702821776	11.0318653008676	12.2577423090589	12.7967778913547	13.2106825654392	6.61308331954636
tempus277_Pre	14.4362588419419	10.683319639091	12.8286173526496	12.2120945282967	6.3674308207508	6.15885769412094	6.21003315537987	6.21003315537987	8.26192895342891	6.01855783354568	7.31147843867705	6.39984579740894	8.10576327602441	6.56359882597754	10.2876393613987	13.2503678925184	15.8172027906682	6.87461772439449	7.59020682352264
tempus278_Post	12.0972982629151	10.0625013118449	13.2221461273272	14.0156849031745	6.58916437570098	5.82623464204499	5.98709329852818	6.46477776840308	9.09669025760528	6.73564472462518	7.64199391551537	6.33257514086613	8.52396255656045	7.41025845976526	12.7050982222589	12.6085703398952	7.93716461964282	6.14745470841073	8.41791948706043
tempus279_Pre	13.990541708064	13.2001998281344	13.1636146034055	13.7699013901955	8.90920524049769	8.7811468736053	8.18703415985804	5.997901677427	7.79462282584601	6.06886569721444	6.86265474000208	6.12322144913974	7.25471926082771	6.24550242604024	11.1843083772033	14.6922286429416	12.1149677748467	7.62738797378179	7.28942313478941
tempus280_Pre	12.5406189320827	10.5162658089715	12.2654190576736	12.3227522614186	6.48169925913813	7.6565929807055	7.7240959415446	5.82623464204499	7.78813570657054	5.82623464204499	7.43747533119695	5.82623464204499	6.01694370942037	5.82623464204499	11.2154580932496	13.3231241668977	13.6539222826873	11.4430277144815	7.19022869760085
tempus281_Post	12.3646776332884	11.8132679973753	14.3664818861336	14.5686999336112	6.02211279527694	5.82623464204499	6.26289929526684	6.1649874743538	7.85524541750316	5.82623464204499	7.31519532627964	6.02211279527694	6.8596458156963	6.6242681781657	11.0739333298679	11.842786980374	13.9610472526353	6.95680397549982	7.03073891444472
tempus282_Pre	12.6177542537749	11.1274832647816	13.8427305093187	14.2632488912694	8.41840832712446	6.28581396758134	6.92964440875238	6.15189028661176	8.8006908575034	6.28581396758134	7.57723272730749	6.28581396758134	7.85597529255707	6.54840628262119	10.7937803905697	12.4422125710786	12.4560707778737	6.95131973559035	8.00989182903669
tempus283_Post	12.3107896122304	10.5788402542337	13.8021310597222	14.2377181836491	6.52501789143027	6.0703820021172	6.27075630260136	7.02202466546779	8.35458649189216	6.0256592769708	7.83674775927975	6.3872013163417	7.77694404000189	7.07281790272989	11.7059584538205	13.1287760411534	12.2485617103492	12.7773941403089	6.99942856806976
tempus284_Post	12.7728462634157	12.2522445302698	14.8002994089812	15.2371146846533	6.89964220671251	6.04143696839515	6.13029585723377	5.82623464204499	8.47099679886995	6.04143696839515	7.67195146601735	6.04143696839515	7.11116808076367	6.30567864033606	10.0502608340717	12.8995712586356	12.7586969102781	7.07892146909879	7.43728788470489
tempus285_Post	12.9637098713362	11.384497273717	14.5668476724211	15.1875027742228	8.68149584821029	12.7596301360672	13.5199654747225	6.22192501097994	8.21602692398835	6.05516305354239	7.00575417455562	6.05516305354239	7.453528038474	6.22192501097994	12.2931993368114	13.1845597275709	11.4539065363323	7.453528038474	7.59012589099149
tempus285_Pre	12.4119083418822	11.0281143307725	13.6853335445649	14.6300063073485	7.1447756381885	12.9426119377231	12.8213132338183	5.82623464204499	8.57838438504807	5.82623464204499	7.37531135844455	5.82623464204499	7.11874752631056	6.30658237135971	12.0997519198271	12.8864662816244	14.2801933488756	7.35430079959914	7.24290183334379
tempus286_Pre	13.7976997387541	11.4087158234433	12.8373306618192	12.9028126892508	6.12463314968045	6.38203916605564	6.60754778708556	5.82623464204499	7.84415868215914	5.82623464204499	7.14925754835414	5.82623464204499	6.12463314968045	5.82623464204499	10.5575809537383	13.0698918046995	14.2516969748932	7.00724343675774	6.91845927169941
tempus287_Post	13.6497234103921	11.2075533380272	14.4294076355043	15.2510884427263	9.79686574112149	6.09493202633093	6.73046464670804	5.98151649779891	7.85695237677646	5.98151649779891	6.82491777880487	6.13635088726479	7.54736654795116	6.40366468514493	10.9996814008146	14.6692764838934	12.730395208782	12.8385462699574	7.536137325078
tempus288_Pre	12.1711007107206	11.6957206093352	13.2766662769839	14.0548626814431	9.09935562927274	9.12787243250235	9.74932681176365	6.21603675330151	7.74953288164155	6.21603675330151	7.37267262520676	6.21603675330151	6.95693332070937	6.6534346462064	11.5496960681638	12.7993216786651	12.8425289070387	10.8787048759721	7.74351360453073
tempus289_Post	12.368010124105	11.9699686253252	13.9921366192856	14.7512548050858	10.0425836729012	11.7871594130508	11.6741612255306	6.29133535832232	8.26068352619832	7.33991593496839	7.27785378205827	6.29133535832232	7.62016727863506	6.96429049023544	12.2891836370129	10.956359678456	12.5068218370165	10.9498616607155	6.91996217701282
tempus290_Post	13.1639745987193	12.155881120896	13.5873933031024	14.0009121546208	6.85088993860302	6.16057904187557	6.2677956375624	6.11594675425864	8.18706532764933	5.82623464204499	7.1320093391885	6.11594675425864	6.69941875454917	6.11594675425864	10.5605128224185	13.9286959323952	10.1633890341676	7.31328831782275	7.87297636866969
tempus291_Pre	12.8568253724346	12.1889948556366	13.2792531884887	13.7685319411293	7.41058580439706	6.10927867594663	5.9679267852482	6.10927867594663	8.45208471090982	5.82623464204499	6.86444014796207	5.9679267852482	6.9732423307679	6.33468283704363	10.903471103316	13.4980975343615	14.3328022259756	7.42615692686385	6.61811056036293
tempus292_Post	12.9671983223014	12.1121705096933	12.7102859789152	13.5590273755156	7.16517813524048	7.07659885954754	7.39401502491722	7.00693224140905	8.0176033288916	5.98032995838116	7.15743083392155	6.09288275002812	7.01591434919928	6.52584851833232	11.0274967506008	12.5905082997258	14.621121090361	7.07659885954754	7.16517813524048
tempus293_Pre	13.4011739200541	12.1452566645042	14.4631482010325	15.5196704199929	7.43210118924577	7.66407758672237	7.03327865595916	5.82623464204499	7.93998593623884	5.82623464204499	6.95920321575816	6.02254893258996	6.82691976997359	6.217961755871	11.0545465852774	13.7869634345841	14.5453131784021	11.4147681745711	7.21563763577505
tempus294_Post	12.7831227163374	10.7146148706134	14.0182484003831	14.4942827811539	6.73781361889534	6.9084432825527	6.891042433678	5.82623464204499	8.32587661177783	6.0283179116324	7.47486324771816	6.17568445626931	7.48488745392357	7.08130394213173	11.3687949641519	12.6014207825024	9.69292214967461	6.52013612406981	7.92452170234974
tempus294_Pre	13.3420688244168	10.8869758209812	13.1486319179866	13.9589372355971	6.18874809074368	5.82623464204499	6.10733082158742	6.10733082158742	7.78532494183988	5.82623464204499	7.14030819178068	6.10733082158742	6.40835212149071	6.10733082158742	11.4345662898392	13.1495470748549	13.5397369110609	9.51588913769387	6.77091279130468
tempus295_Post	12.9715545264033	11.7647107345971	13.9480980192288	14.4224272079282	12.4321961037101	5.99370717710594	6.16061882855622	6.11598126800183	8.8771344860273	6.06294397221561	7.66722075677025	6.26784800965445	8.30773281189138	6.61981301212495	10.5139562720142	13.9824113386537	9.68327793240254	6.49061469300162	8.13919107688841
tempus296_Post	12.4465838248045	12.2509062217276	13.4840356050969	13.9960986899361	13.1690253860361	13.4847767106412	12.8678451966307	6.1541352909732	8.55927178416785	6.05834438040441	7.74656043791996	6.1541352909732	7.95219200540989	7.15358206627314	12.3404376622748	13.4130040676075	7.78837403571252	6.84413575262428	9.1049593845311
tempus296_Pre	12.9817714868958	12.2109701795938	13.7687395922597	14.9092850843207	6.17693385401837	6.87690511307162	6.57719160857338	5.82623464204499	8.05153779560144	5.82623464204499	7.05622287363393	5.82623464204499	6.3602034448548	5.82623464204499	10.9427198846211	13.726091620414	14.0804233975776	9.78729825965762	7.14177929608484
tempus297_Post	12.4932581971491	11.3398332339257	12.0401839892586	12.8283118378323	7.47720287090274	6.92433921475941	6.64920845710472	6.26023138815419	8.47656535430919	5.82623464204499	7.32818643095084	6.26023138815419	7.49263918126166	6.48591609304399	10.866680378351	15.4295714076015	9.60761501799339	8.06049344336904	7.04705282265675
tempus298_Pre	12.9011782395198	11.3489959932223	12.5807135876157	12.3547305007848	8.88666996147837	10.0507499752864	9.78934562752473	5.82623464204499	7.91721441238235	6.01938091505273	7.37890376777836	6.16027701314278	6.43299132109909	6.01938091505273	10.343785122811	13.1398156640643	14.9855893868206	12.45261459448	6.91087850083228
tempus299_Post	12.2365079900201	11.9882238153494	14.0950073234125	14.9144537094159	7.28177767747428	12.1730299960228	12.2698536055105	6.20080559011648	8.55234049156241	6.04289753621493	7.41111305628229	5.82623464204499	6.73140173878971	6.53825140791306	11.3239067241073	13.256543349288	12.8135727238175	6.98283819722003	7.59204807762905
tempus300_Post	13.4091386090117	11.7642569072272	14.3960763466883	14.9210479266954	6.0984418576359	6.6550346320381	7.39481120232517	6.54018832676216	8.62956914470186	6.23379480792172	7.25415129772209	6.06206020233079	6.89226145952018	6.29632860993382	11.3000399447242	12.7410357741612	12.4164624344197	10.1882130367761	7.18536947338707
tempus301_Post	11.4369718519111	11.4231598737794	14.0067337565586	14.6113454534834	11.1136470037554	6.22209144209361	7.16178926363223	6.78138621993754	8.16861744371284	6.038302423627	6.93211225109662	6.29874492093102	7.81415036082248	5.82623464204499	10.4257631229403	13.2000210915893	7.07774245866024	5.97625664702081	8.94056703355236
tempus302_Post	12.4876739147401	12.4338912738489	12.7095853363659	12.9169649491212	6.76639256022049	5.99799430021149	6.06899645481641	6.16914907184852	8.64427141416571	5.82623464204499	7.19187755456032	6.20940062280304	7.86095123424182	6.4640725228254	10.6628005204581	13.1842490797649	14.2619688945279	7.42677092721362	7.41152153621751
tempus303_Post	12.523061805824	11.2894814633483	13.4033477477206	13.4991815933631	5.82623464204499	7.27066462261052	6.80033589142237	5.82623464204499	7.74108146848137	5.82623464204499	7.17993021718971	5.82623464204499	5.82623464204499	5.82623464204499	10.8106063678945	13.1743222796546	13.2225610915437	9.61406341323887	6.58636202519862
tempus304_Post	13.0631333653657	12.4280021776598	15.8096943678579	16.8948194029159	6.21246289163387	6.49129664131684	6.43423113255854	6.09974576052398	8.234522218737	6.09974576052398	7.52296341640786	5.82623464204499	7.5918700914482	7.01714457254182	11.9226847020588	13.6416253798969	12.0747859549679	7.70379797184868	8.1721468305566
tempus305_Post	13.1026424240628	11.0201787097796	12.7151280771896	12.8459015503285	6.51212943745132	5.82623464204499	6.24230768702151	6.33494627223363	8.73702985997855	5.82623464204499	7.66801348698904	6.51212943745132	7.88557647788523	6.76617260460087	10.9482128607281	12.2739881318821	11.1313931115167	6.6245285686627	7.74764911788141
tempus306_Post	11.940516243043	10.4154420374982	13.3493250107299	13.8320566916866	6.31333468314615	6.31333468314615	6.14597845281368	6.01109038809644	8.56691336411682	6.01109038809644	7.75562553186234	6.14597845281368	7.26825521741754	6.69996413971642	10.7487475068546	12.3066134121361	12.5189366612711	12.2483313297838	7.95914625335363
tempus306_Pre	13.4026542214407	12.1264078240539	13.9311805891603	14.9415193021704	7.58432373181377	10.8438064056225	10.807143793788	5.82623464204499	7.79323910137451	5.82623464204499	7.04556527094323	5.82623464204499	6.56858984900407	5.82623464204499	11.2851689760836	13.6601698974214	13.0052027374834	13.6377474367918	7.5059228171655
tempus307_Post	12.6379824565476	11.5838507067695	13.8245356357097	14.4175200082003	6.52957906837552	5.82623464204499	6.30922404979816	6.14326583012801	8.12364132663064	6.08526261202542	7.55499784277565	6.14326583012801	7.1949806111001	6.87258463084294	11.3559340813982	12.0952989047377	12.3468848427301	12.5751971169769	7.63726802670275
tempus308_Post	13.1487696050119	11.4427174317288	12.9262805637949	13.6404091227107	8.52759223373927	6.03913479927483	6.91750345687386	6.84864493228006	8.55943765291998	6.34539891840075	7.56976219379534	6.03913479927483	7.6053536787553	6.25088677446196	10.741040831238	12.8769198733992	13.8428491905685	9.41203622874017	7.84596020058744
tempus309_Post	12.6520666691005	11.0358456721566	13.0591361095329	12.8545563772422	7.30120527318201	6.3031483006637	6.497690850848	5.82623464204499	8.3521931214345	6.10241439399909	7.48305690537651	6.21622000495062	7.53786644006033	6.64500701867167	10.341744925635	12.1453189328757	14.9423783932811	9.46228639501298	7.64051054882577
tempus310_Pre	13.1339366904184	12.6259373167396	13.479264048253	13.2701395522297	6.02047405419872	6.02047405419872	6.30024655098615	6.33784705254766	8.06794521645464	5.82623464204499	7.10259136392623	6.02047405419872	6.49364080780381	6.10072397315034	11.0247391019331	12.6681054733277	14.1981473345771	7.47386554854543	6.79888747981407
tempus311_Pre	12.6108032270956	11.8036915462998	13.513178518462	13.8975604093333	7.09184300432614	7.55352825028851	9.12094639519649	6.06451204157499	7.99091147552316	5.99481784383286	7.04098887274556	6.11789852299162	6.70514579176488	6.11789852299162	10.83309879033	14.0320893764573	13.7437290116775	8.13542042835041	7.23954935767876
tempus312_Pre	13.3461892212867	12.0620272564197	13.6487131052147	13.7913321392809	6.38160228180941	6.83718234910578	6.58940275144404	6.11756480518116	8.21949796439997	5.82623464204499	7.02919186313614	6.06423910059782	6.8813927641991	6.11756480518116	10.2979473477519	13.4511973781285	14.0472145315616	8.19992437516867	6.91762937973719
tempus313_Pre	12.8112697933514	11.3300475396592	13.1309487968905	13.0374876555261	6.5853954213734	6.29035850961574	6.56558478076449	6.00230513548495	7.99846594158242	5.82623464204499	7.4785301576906	5.82623464204499	6.4066349375592	6.00230513548495	10.1084065145903	12.7251865280808	14.0648538607499	12.9813813876955	6.86099068738748
tempus314_Pre	13.0934000702217	11.7564203340507	13.5339225431079	14.4040413760993	7.37672455579614	6.8057011469988	7.43514993151427	6.27544267209054	8.34857380431287	5.9688032001395	7.1408495140897	6.27544267209054	7.01890124605294	6.41030222316619	11.5095318417079	13.2488466662808	15.0540944757225	8.89490322926011	7.52485893528508
tempus315_Post	12.3504124670119	11.9474062299431	13.4871520378107	13.8403951273373	8.632651784869	5.99368354882896	6.1998272693586	5.82623464204499	8.34297998865184	6.32635544515972	7.05378866488322	6.11594047947799	7.92201367356468	6.51059719677819	10.8202917085909	13.5950243192314	12.069058556758	10.152677354287	7.02282394959809
tempus316_Pre	13.4057709923713	11.1920030472082	13.0523058556162	13.3485048584235	6.33284080774916	6.08051190928782	6.00615202760798	6.00615202760798	8.43575983919881	5.82623464204499	7.20243573438089	6.56058051749781	7.4955132193534	6.33284080774916	10.4892911029191	13.4882868013816	13.0605361034995	7.47176015983679	7.36283909451596
tempus317_Post	12.9870791002733	11.6062686399968	13.112188159149	13.4046687096909	6.50207171262139	6.08367744999244	6.18983393975516	6.00839479304255	8.43465095917682	5.82623464204499	6.7898371246661	6.08367744999244	7.41531263903409	6.52534614546662	10.1793516405318	13.5706699630913	12.4900962924343	7.02751985350571	8.06165686280412
tempus318_Post	13.2751580328383	11.6984834388336	12.6559331021663	12.4757621792638	8.03716383779139	8.5662465734773	8.40571592724375	6.00041142384442	7.80826331463611	5.82623464204499	6.98930296835897	6.00041142384442	6.8502953982208	6.12755296488656	11.0621037939034	14.0875772351626	13.3890001864481	7.30047233781848	7.65073633870937
tempus319_Pre	12.3567912451119	10.5630889045975	11.311527334795	12.3009188665724	6.20650318197918	7.39862708590111	6.98561304178476	6.09551311781638	7.78667966007514	5.82623464204499	7.26706101473504	6.09551311781638	6.53263540722075	6.01678126512386	11.3909216892926	11.9546968982054	13.2187734462055	9.3959067917426	7.49044677838638
tempus320_Post	12.9272900621199	11.316561543569	14.3278140761321	14.9802317990613	6.49638323231222	6.64342600279207	7.09444146444815	6.0650311483843	7.83740682894437	5.82623464204499	7.05389309985864	6.23890633127264	6.5738447193293	6.16356061636732	11.5055305590287	13.0941550769869	15.1882700055107	7.50320273595247	7.70505552552083
tempus321_Pre	13.0481656064719	12.2659486860335	12.6544576770158	13.0563460084125	7.06294222046524	6.09169962062813	6.95591974695628	6.61393298639602	7.79628157815723	5.82623464204499	7.44256835847733	6.09169962062813	6.92718719249523	6.09169962062813	11.0388594593148	13.3481024390208	14.2994938844493	8.18594052924663	7.11241409433954
tempus322_Post	13.0915600970746	12.1591430669202	13.1696428244188	12.7563267613598	7.57922063152627	8.922502473034	8.08143862420235	6.19533448197089	7.94261604294333	6.03972135278298	7.13258645958503	6.03972135278298	6.83060935233134	6.12787625300913	11.3465584281941	13.8433686405385	12.101868495014	8.25659361254506	6.85135397585376
tempus323_Pre	13.0060205716471	11.2120716015718	12.7662843868824	13.0923757029562	6.92411175603248	6.16974758926666	6.50850887361242	6.02487382407588	7.87988300661655	5.82623464204499	7.24293494803967	6.10693186095757	6.89077074934843	6.6352502038604	10.1892723395865	12.7080083528303	13.9968481035972	8.85180495530262	6.83832759576751
tempus324_Post	13.4304798545625	12.3686130665211	13.9181177950159	14.352224813877	5.82623464204499	6.14355151519704	6.45710981538067	6.14355151519704	7.57178764899436	6.27409310112736	7.06011102003706	5.82623464204499	6.27409310112736	5.82623464204499	11.4928585460282	13.1759157598793	14.5748053655111	7.37243261460596	6.5302030947925
tempus325_Post	13.4896941436696	11.5325585897702	13.3472722310823	13.8401194898667	6.21269559351206	6.91590164887965	6.8792930937451	6.21269559351206	8.43384872826115	5.9726773901827	7.23468789028259	6.11874460930399	7.00973616699199	6.68044129546653	11.1584314107353	13.2830051483435	13.4514718109564	10.9767157387853	7.15329623173246
tempus325_Pre	12.9953662772611	11.2896334839699	13.661650068547	14.348908983887	6.68514240742571	10.6654062223921	10.3804842219765	6.04741696773057	8.05752344099427	5.98271067109334	7.37079845560608	6.13872886628226	7.18448775795116	7.00575941728371	11.2493980660509	12.7733784702327	13.3579416572499	11.8172907170784	7.10326966265364
tempus326_Post	13.4453333376413	11.559380663493	13.5114417143484	13.4178521281283	6.64663437649737	6.06599156401886	6.06599156401886	6.3041127832627	8.74121191947739	5.82623464204499	7.37828311632574	6.35991646018423	7.95499809246123	6.85084418822234	10.1600131493796	13.838988632912	14.245301714722	8.9510149358181	8.13478451262183
tempus327_Post	11.7203401886185	11.0823753629446	13.3573105270996	13.3387381780117	6.64545868769705	5.82623464204499	6.13943367909023	5.82623464204499	8.90664152555274	6.13943367909023	7.5514279642965	6.26830378359107	7.97144425396653	6.97021380450269	10.1499148256381	12.2552040022063	13.4463996308822	7.63907423127876	7.21058790591323
tempus327_Pre	13.1010416947341	12.1750321882743	13.6136484421436	13.8442931511097	6.67396178399865	5.82623464204499	6.47093733693938	6.15059130479295	8.42884699655233	6.05583042983532	7.17466449181823	6.38570850727466	7.73880713598464	6.64393854309489	10.8520534368087	12.9825715774408	15.2046682710023	7.1400987689037	7.6180149102485
tempus328_Post	11.9859720248041	11.8079133125999	14.1614047733512	14.8949160286287	12.0702887735718	10.1569177123849	10.0303494281976	6.14219963090363	8.61530871883343	6.27219256689456	7.66740046265757	6.19083812113039	8.84214075224881	7.05513129169097	10.5848137209818	13.5790254874559	10.499215738874	7.0671382699486	8.16090734334584
tempus329_Post	13.5678849821805	11.8269175294464	12.6870750817335	13.1025998075448	6.75441512353053	5.82623464204499	6.04858144984122	6.21059414420963	8.41664886118318	5.82623464204499	7.11804604779613	6.21059414420963	7.55606819785934	6.45085892435614	9.90815243226385	12.7407203262272	13.4226862928589	12.9578009817101	8.89698643134828
tempus330_Pre	11.9774734775411	10.3779934823525	13.2257875035583	15.0234607547656	6.81068305138995	6.32556815685272	6.2346120365979	5.82623464204499	8.72777195718743	6.68279263137994	8.5503951311158	6.88630172568284	9.53722374827263	7.87512540260189	9.81275594153282	13.6420020574149	9.33593810050415	8.09444767445435	7.76605503619926
tempus331_Pre	12.1105462562064	11.3793517523294	13.3737260869329	13.3771068358279	6.45605342005253	6.05779389334638	6.31562365276868	6.05779389334638	8.27785824444354	5.82623464204499	7.45713047160829	5.82623464204499	7.08677225569469	6.34182464996328	10.6033483293626	11.7176937823099	14.0316639269733	10.6242785910774	6.55161073428691
tempus332_Post	12.3631587572522	11.661603277165	13.3372360343654	13.2562430101064	7.0813207896765	7.59675191344884	7.88593603847478	6.44469610516953	7.80228710387187	5.95905611747328	7.75830242643265	6.20098869893812	7.11194691868457	6.65512048143396	11.7786984856255	11.904128125993	14.4131629127986	8.8306963315846	9.22282681618829
tempus333_Post	13.3949086016856	12.0833833687645	13.6627543508955	13.8683696129556	5.82623464204499	6.1141801214786	6.1141801214786	5.82623464204499	7.65706881080727	5.82623464204499	7.46692284080442	6.1141801214786	6.23278080425002	6.23278080425002	11.9190410652487	12.2980612314751	11.3149870130925	11.2559810261513	7.31280059762738
tempus334_Post	12.4208262807295	12.1626600461746	12.8840477673504	13.8775518018428	6.0935076103048	6.20367907701002	9.58751955191186	6.47633934469126	8.45264876729092	6.0935076103048	7.25710490621977	6.20367907701002	7.16811614541283	6.28785554787495	11.2630148562223	13.1640213357645	9.1364137079981	7.89869033138632	8.0407798325191
tempus334_Pre	12.2906712691132	10.9411017385016	13.2940161652466	13.9612616939962	9.06111641920995	9.36935203795501	9.4681342316181	6.57235376701864	8.4619365950832	6.20239919069231	7.8286217040503	6.20239919069231	7.53391804270616	7.31469727947072	11.3902524686453	12.3265287937387	12.2805818255981	11.0079015635595	7.09201024172593
tempus335_Post	13.6144823858636	12.2656887591692	13.0167632418914	13.5406091408505	7.2833233193281	5.82623464204499	6.1080086901038	6.28516400518128	8.44655578342548	5.82623464204499	7.25989168004269	6.1080086901038	7.32875011297803	6.59842186874677	10.4947833148212	13.4668115808887	9.75469887310384	7.15205097375482	7.05123703403225
tempus336_Post	12.576889963244	11.3795674578124	14.3135924192808	15.4010277249204	8.07947140958297	8.86572060329295	9.12622956469606	6.20046591468353	8.40570115128619	6.24434716786078	7.52599047009825	6.09122597180021	8.40149406293807	7.59845227950803	11.9016446024014	13.5688893832598	8.16249018255899	7.69604560645565	7.77301841680767
tempus337_Post	13.0126654268762	11.3254187379043	13.2165204629423	13.0625888271016	6.94513749354513	5.82623464204499	6.26607020447033	6.26607020447033	8.44589116657266	5.82623464204499	7.31972992150727	6.26607020447033	7.57704629080089	6.55080807622834	10.3923703872999	12.7738178739562	13.871706684406	7.58800689196236	7.54355400183271
tempus338_Pre	12.6783949189227	11.7459331441618	13.796361438274	14.7326848850124	6.6866202498853	8.75761784052713	6.94398889099678	5.82623464204499	7.54116483571282	5.82623464204499	6.97773338817906	5.82623464204499	6.4390574230475	6.18181336563014	11.0771006753896	13.3359989191044	13.9442498703057	13.401048373704	7.11661407976516
tempus339_Post	13.1933749541372	11.2556785756841	13.8221767331503	14.5567986524623	6.50616075549822	5.82623464204499	6.43548560773699	6.07649874240726	8.54528574514953	6.00330887909556	7.18214285626903	6.38308107859599	7.89311415113297	6.7792942500522	10.7841164685035	12.4471098199618	13.2465586832358	10.8545582229069	7.44817252370975
tempus339_Pre	13.3508133874896	11.6176867235721	13.2275551562223	13.6045096112918	8.76991488653105	9.87984325771438	9.77221005834205	6.26092108717899	7.86898960361292	6.0042537054814	7.1888933657574	6.3860193616627	7.15822391370265	6.3860193616627	11.9465840196843	12.5223885435892	13.2616282903052	13.1025963691017	6.73665390192288
tempus340_Pre	13.34126107633	12.0905258167541	14.1305203009529	14.9612185897186	7.08413397268117	6.03392162139269	6.18534195385256	6.24054223057153	8.28366660360886	6.03392162139269	6.9011251670698	6.18534195385256	7.21243312397742	6.47800881157965	11.2936438981441	12.6806360992373	13.7631641727998	13.3304134620145	6.47800881157965
tempus341_Pre	13.8322622083578	11.6322100754436	13.2145221293982	13.2787483803792	7.83338057849355	7.7072693851381	7.3405623367807	5.82623464204499	7.71743280638398	5.82623464204499	7.01951608204643	5.82623464204499	6.45516645001441	6.0501358132774	10.3453435188332	13.1613876621318	15.0556303201525	7.12652979311624	7.00050539882191
tempus342_Post	12.736575929269	10.2182528097598	14.3198383774323	14.792493057125	10.4026267427151	7.3735168510637	9.0650709860414	6.95123081069871	8.20186366176979	6.72184784951287	7.59698389503697	6.39299591384658	7.16434696056882	6.27940136199563	11.4331204028639	13.2827400299707	12.5699815219962	12.1439447180218	6.97474187363091
tempus343_Post	12.6829954510652	12.0044568786254	13.4516802109802	14.2317275471135	9.81105535109965	6.3400111009195	5.97526783869071	6.03690590808561	7.83989093158273	5.97526783869071	6.88759782024606	6.03690590808561	7.29681047113481	6.21949609044697	11.0664303450369	12.9483376586247	13.1409690198423	7.07785169427181	7.02956209603246
tempus344_Pre	13.4200499114212	11.6051589664105	13.0252444760342	13.2963639303257	7.87383155802383	6.08016320829088	6.13703259784459	6.13703259784459	8.03592724597807	5.82623464204499	6.80817929998811	6.1848833499193	7.79059039573368	6.41835422518814	10.2254612063918	14.1663216204399	12.3614349921339	7.7782406716989	6.69387033198277
tempus345_Post	13.5306876381812	12.256374826918	13.0725084746286	13.6290944673443	6.19359250050567	5.82623464204499	6.21880627626578	6.24246050646454	9.36333235079037	5.82623464204499	7.16314150396047	6.10425152642304	6.68303863061005	5.82623464204499	10.4587240025348	12.5849405738809	8.45557381555843	5.82623464204499	7.43526363613406
tempus346_Pre	13.3300493161198	11.0749006178897	12.2315791951622	12.0925942362597	6.06232547475282	8.01926195981121	7.04072443071633	5.82623464204499	7.61498729261553	5.82623464204499	7.08088767966958	5.82623464204499	6.48890485261711	5.82623464204499	11.4138955425306	12.9859254852546	13.727044926111	7.53928342472204	6.99886341729444
tempus347_Post	12.4179244108137	12.3869329030426	15.2441727994437	16.0328825268341	6.81341562194852	5.82623464204499	6.15211028609015	6.15211028609015	8.54027876535874	6.05690790835672	7.61386700076851	6.15211028609015	7.55398309269753	6.88539414111969	11.8037379375936	13.8777881071063	12.8819094314628	10.2456697572893	7.91362432739836
tempus348_Post	13.4243632499441	10.7851669175628	12.9631255967928	13.4417783302742	6.06391290269903	6.20140409402049	6.20140409402049	5.99439346962784	8.66159519727221	6.11716596983578	7.12768682762771	6.06391290269903	7.70883860112856	7.43285144961298	11.6157761139954	12.1948333017052	7.04845332323825	6.45089274477347	8.40667459152758
tempus349_Pre	12.8867933372185	12.013401581802	13.5236521449959	13.7005726237244	6.14303940309485	6.08507736526922	6.5516681355214	6.00938665879902	8.03540097743642	5.82623464204499	7.22544751151689	6.14303940309485	6.48139790102413	6.27337316417098	10.8138961143859	13.4191105527771	14.1198095235265	12.7328692400954	7.33335474683188
tempus350_Pre	13.3917005690672	12.6612532760249	13.6984508688485	14.338631524784	6.00118367926393	6.17549365139	6.25347028228859	6.00118367926393	7.99172442279975	6.00118367926393	7.04024913063755	6.25347028228859	6.70519276886896	6.21648147664465	11.472855120855	13.3048060225052	14.323545123214	14.0920859603062	7.70867371513203
tempus351_Pre	12.5853097503193	10.9847691104755	13.1464264680058	13.6160334006967	5.82623464204499	6.36243021448698	6.2064666921106	5.98183795696388	7.89923815968063	6.04618456088459	7.4268011298933	6.09548720412098	7.20808923632214	7.02694133988155	11.4090055926965	13.0249766542605	13.8620892624181	13.5799823528384	7.81620863939549
tempus352_Post	12.8154622375128	11.8073063016411	13.0281065678005	13.4276453382819	7.36949987664545	7.23223401879717	7.354494276538	5.82623464204499	8.5277522574297	5.82623464204499	7.11340056994277	5.96195617359181	6.91948944903682	6.18453097774252	10.4611353038162	13.7717363895642	12.8147580196527	6.75097558140392	6.85592197938451
tempus353_Post	12.9466989778758	10.0413030179583	12.7579709356959	12.8800531514456	7.08330788153213	5.82623464204499	6.1850926644255	6.11949181094261	8.21878383041854	5.82623464204499	7.17051098691628	6.33244511597576	8.01480632916365	6.62066082372722	10.8405336921336	13.3626567486206	12.432890271692	8.34829025257562	7.05250469789512
tempus354_Post	13.31625053141	11.3623104750948	13.3570201758569	13.6434320281198	6.76302054401373	6.17350265180529	6.2510405639667	6.07208586357198	7.97124087165573	6.07208586357198	7.22681848219679	6.2510405639667	7.94086837253019	6.42486973764972	10.7260943806204	12.5781466335459	13.6428732698835	10.637515814206	6.84900300325374
tempus355_Post	12.2997953162463	11.9912781004511	13.6386710847356	14.1319007607105	8.14087668625691	6.3369749584499	6.37442336991696	6.39217792768299	8.62965517322943	6.3369749584499	8.45922733397765	6.31713294725311	7.90274040032456	7.33002799206666	12.3230169869306	13.429590044396	8.94797465375935	6.80416749512428	7.93413107903903
tempus356_Post	12.7693622882301	11.893280032147	14.5767920588017	15.3115953940823	6.93237909706504	6.14830903665489	6.49215178445048	6.19787844137437	8.20785296785457	5.82623464204499	7.26780031808442	6.31686594412347	7.20449591498119	6.74244102900593	10.6895321051519	12.7831831375318	14.8673281147943	8.89142335763128	7.25750212439301
tempus357_Pre	12.5170739901295	11.8342183516355	12.8035877312841	13.5773575520872	5.82623464204499	7.55200367197243	7.27163751894874	5.82623464204499	7.67065894552295	5.82623464204499	6.74075059567552	5.82623464204499	6.39204919711458	6.15429820897705	11.6911005170852	13.0129907382803	10.2371051305523	8.83626418755864	6.74075059567552
tempus358_Pre	12.1119779197978	10.7760683900904	14.7085846998062	15.2219398889301	7.06891186239999	7.3113591866232	7.52532461606513	6.18246078972132	8.07294112186765	5.95245952695887	7.19198501399848	6.20395037883135	6.73057975340624	6.04472343679215	11.2237628600717	12.3325074109863	12.1889373746541	8.74293057998994	7.51399067625769
tempus359_Post	12.6213143500504	12.3842594963534	13.4623077122753	13.5561781746512	7.2876099496292	6.5354652423012	6.63073507399151	6.28401380919417	7.83666474820239	5.99988085070124	7.33053821302932	6.07165968511742	7.26996271296712	6.68237212427421	11.2253222998807	13.1320477307924	12.9866128568272	12.0094662110004	7.1674228379826
tempus359_Pre	12.5277351729562	11.4753023436808	13.2855908530256	13.0938381326838	5.82623464204499	5.97446369588371	6.29314194229685	5.82623464204499	8.04633317257129	5.97446369588371	7.57526151654936	5.97446369588371	6.88210936138969	6.87251932718863	11.9028947443213	12.0863434745244	13.2289733502379	11.9913861047847	7.14684786448094
tempus360_Post	12.510321545823	10.9389327355376	13.9941693059749	14.709724778706	6.74117607537349	6.25258096013813	6.0839250091944	6.11424587285151	8.00316939812456	5.95520822079535	7.20412649391991	6.37037437879904	7.18307641904421	6.71521902638218	11.4151428146659	13.6534864454933	14.4582069768266	7.86756690629975	7.32250807365967
tempus361_Pre	12.303161932958	11.2098720381829	13.5007891405769	13.5989162105665	8.78801034059303	5.82623464204499	6.06315115465352	6.16091085127394	8.63201146970578	5.99385392343441	7.12376740764327	6.23567189361496	7.71493269403245	6.62049210076942	10.7599551098471	13.1161325615253	9.54368643466232	6.72998987180527	7.76502942243107
tempus362_Pre	12.5103648669949	12.0873853249329	14.1755728385809	14.4576797852855	5.82623464204499	6.07120876941194	6.24953221268389	6.07120876941194	7.72381413246946	5.82623464204499	7.39335609443241	5.82623464204499	6.07120876941194	5.82623464204499	10.709373767433	12.7863459796276	13.5134649424726	7.45519418108283	7.39335609443241
tempus363_Post	12.5283279507432	11.0258613994674	13.4294985011533	14.3654922890658	9.34426563779372	7.22824189446158	7.97861545974541	6.11167295447604	8.89666483690952	6.51985406194819	6.92508524510996	5.82623464204499	6.81744717186302	5.82623464204499	11.1407340425711	13.0323306620268	12.505287635995	10.1634012353267	8.01175167112704
tempus364_Post	13.2738658964782	11.9583879383978	13.0692932878183	13.532584684286	7.10551748086108	9.50104984069135	8.64866956956576	5.82623464204499	7.52706202194425	5.82623464204499	7.30083017069542	5.82623464204499	6.32329370591861	5.82623464204499	11.2497069303462	13.9271653506433	13.5209439668227	8.80205798046667	7.43546209330866
tempus365_Pre	13.4765093598817	12.0521135949602	13.8149513415886	14.2591666802059	8.15781439475545	10.6827339384869	9.13769574220984	5.82623464204499	7.927256193797	5.82623464204499	7.08679559623246	5.82623464204499	6.47944996773896	6.12035351907414	10.4774577197248	13.3145446075179	13.3527392591943	9.67430226030221	6.80640777316533
tempus366_Post	13.1575440837774	11.6726864527862	13.2008449320031	14.0384758886737	6.2307626495686	6.11274606367143	6.27814398664489	6.43058784374323	8.13176677668021	6.2307626495686	7.34065247860123	6.17685147651384	7.38530686628426	7.08526785662251	11.4842327013283	12.5065083355825	11.8446263393519	6.67489309057347	7.40699580857654
tempus367_Pre	12.5179990399171	10.8942246960622	12.654508154964	12.3582845460714	7.0386437605417	8.23382762016624	7.68252271661601	5.82623464204499	7.83441426921611	5.82623464204499	7.18094259335064	6.05392430093194	6.28021138203989	5.82623464204499	10.6113850048918	12.7489549442783	14.1123100765016	13.0892550528074	6.91669567381156
tempus368_Post	12.6367405536521	12.2478829950002	12.8275646840941	12.3953253892377	6.70269921551248	5.97879821698062	6.28223807777584	6.22876111633588	7.83047575193634	5.82623464204499	7.03093733252294	6.32990481052035	6.56586222955301	6.09023714244413	10.704013899335	13.9205120875619	11.448582556723	7.36725638501516	7.7689197513911
tempus369_Post	13.3988742192262	12.5306010764599	14.5483283300714	15.4617767447051	10.5774046992267	7.55881789948673	6.76693906446837	6.49719639930155	7.93056879590884	5.82623464204499	6.84810467364105	6.06532543531344	7.3431515503421	5.82623464204499	10.8667230569497	14.3124317757216	9.24786877169914	7.17256908808471	7.64747661262441
tempus370_Pre	12.6873834660038	10.8401170129479	13.114264212065	13.6781830256176	6.4718500983573	7.29820277765914	7.12922650466352	5.82623464204499	8.22044141821867	5.82623464204499	6.91434839528217	5.82623464204499	6.42465912786906	6.07199834377642	11.0530495744008	13.3124259241553	13.5757177176257	10.0286793815651	7.17890400639807
tempus371_Pre	12.829935975821	11.7647955223413	12.9058161690473	13.3099860948438	6.17648427874418	6.42996092964065	5.82623464204499	6.0287819467065	8.05550922485827	5.82623464204499	7.31620247034262	6.0287819467065	6.67402479168774	6.11244551539657	10.8279310388793	12.2855010931969	13.2183370058517	7.80352423696019	7.32775523224831
tempus372_Post	13.2481863873254	11.9485173782503	12.3175596737843	12.7795198701621	9.19112761361271	11.3525402226215	11.9032697783116	6.1881112599034	8.32935246154829	5.82623464204499	6.99718603149324	5.98840998234722	7.02701417922625	6.10683598893755	11.247377707653	14.0703465446132	10.5680198210894	7.787341475549	7.19782503473519
tempus373_Post	12.7614777723748	10.7062278562934	12.8839045717427	13.8092082324524	6.98417762711862	5.9960331471388	6.27393997773053	6.27393997773053	8.36072021231431	5.94633494488382	6.93229793957248	6.06622779959619	8.39932053486265	6.77037600517578	10.3305895770006	12.578144282535	10.3637678251835	6.39862029738285	10.3363193808637
tempus374_Post	12.7875868822059	12.2008256902103	13.3023280871447	13.8075235775542	6.96744563764746	6.94037646515622	6.22174267234082	6.12561029791697	8.08093270226076	5.97612376250526	6.93117710878727	6.08561750099197	7.40291496974566	6.40316197235251	10.8781115038289	13.967342568159	13.3708856785187	7.68448682900182	7.69836768456803
tempus375_Post	12.1414465873092	10.5202483798789	13.61793684625	14.5036371414953	7.09273307035582	6.077556790602	6.11631465522572	6.11631465522572	8.95573555829116	5.97145777444068	6.95071345740827	6.15041807942869	7.14294592470942	6.36667378993919	10.4506629413391	13.2706833645367	12.7570041967022	14.3958989873859	7.32296443899216
tempus376_Pre	12.81455410499	11.6269288200218	14.5942210121145	15.2664698128107	8.657045915595	9.21891896223036	8.70981011185186	5.82623464204499	7.84633957632339	5.82623464204499	7.07597317622581	6.02268118173767	6.34360812216939	5.82623464204499	11.3477028267594	13.161047382728	12.8541003534684	12.9413349222272	6.86252648010554
tempus377_Post	13.0453582114577	12.2547523050434	13.0717611291414	13.569014759483	5.98464897088519	5.82623464204499	6.21330192759159	6.2727389847596	8.56829521659063	5.98464897088519	6.88864515730353	6.39402117883988	7.16811666246411	6.5106573656669	10.9735207978763	12.6137237431436	8.87939855716296	6.68175137836466	8.75014453617664
tempus378_Pre	12.7689954047018	10.7664578608378	13.2390706529168	13.3782935978567	7.05324422807618	6.49242814168412	6.64872315834779	5.82623464204499	8.08304784074726	6.3820355789791	7.23716217548736	6.01252002314367	6.96092174168716	6.28097106336038	11.4150061629926	12.402457422556	13.6033935771707	14.4679074745857	7.10237380051717
tempus379_Post	13.781565809535	12.4138599104453	13.1039279034119	13.0232725494789	8.19400989874253	7.79973919808892	7.71301816553896	6.10991262449962	8.08856560982546	5.82623464204499	7.32685434321683	6.14326916217888	7.61096805025318	7.1757017646959	11.3079070279243	13.6752071714138	14.2089577916993	7.9161587457405	7.30977580466936
tempus380_Post	12.6654225184453	11.7254390297168	13.3800446732139	13.8499968078172	5.82623464204499	6.23843649980707	6.34196594730721	6.04710025542244	8.12847901948168	5.82623464204499	7.013415881823	6.09660707020302	6.93670372312275	6.73593834573539	11.3918303305398	13.4414660745582	12.6965977914556	9.37261952441624	7.5053848310069
tempus381_Pre	12.8208271909066	12.3109688860897	13.3538372274228	14.1822570103602	6.81157207041208	7.18270650615448	7.18888774137395	6.32603184681969	7.90182005065783	5.82623464204499	7.29448845773657	5.96549360157512	6.42909036443327	6.02310024411517	10.5401167009322	13.3851381543153	13.6276170201254	7.66048090231433	7.49868487569816
tempus382_Pre	13.7579142074251	11.7365136241932	12.6027767495538	12.9459622970606	6.17751124648957	6.01433080174822	6.20163351242259	6.01433080174822	8.05279703445791	5.95928577854136	6.91387427690649	6.17751124648957	6.72414775435568	6.12332625312943	10.3723954857209	13.1282797389973	14.2962622150523	12.7947359921846	6.79501336785982
tempus383_Pre	13.1393110691743	11.9078677236292	13.7168660974002	14.6602506062036	6.89379056989669	6.27031893316145	6.17783102965691	5.82623464204499	7.82862245272638	5.82623464204499	6.92516369199718	5.82623464204499	7.30506879907997	6.98490831610373	11.5056329442394	13.6763129026898	13.691681944643	14.7056825466073	7.16933726631101
tempus384_Post	12.9338332373349	11.5886840716194	12.5253071355312	13.5848148748502	5.9868780627073	5.82623464204499	6.05330168818991	6.37960874795712	8.04007760907746	5.9868780627073	6.89193869934031	6.14702622296679	7.12650993491025	6.27897754963139	10.7930183404704	14.3223411397658	10.8015905193416	7.257348037156	8.13758353319729
tempus385_Post	12.3378236216548	11.4534600325624	14.040520331796	14.6667829376143	8.69301588124347	6.38124827402271	6.55714276401695	6.18577657984261	8.75214495558198	6.28032432250066	7.44589698342852	6.30762374164919	7.84908388573642	7.03893114602363	11.6344770612753	11.8333188576292	7.02933469429247	6.89499653960708	7.9791195547058
tempus386_Post	12.6470181942337	12.3583825670456	13.4689835017191	14.86647638971	7.74240999753012	5.82623464204499	6.29075984542017	6.29075984542017	8.16065358342455	5.82623464204499	6.68625015452908	5.82623464204499	7.06544347576242	5.82623464204499	10.2066426571482	15.1552094921567	8.2363152515116	8.75607670448206	8.45335113089749
tempus387_Pre	12.6275825189928	11.3969562825041	12.1754850342142	12.3649300802098	6.85652975759571	6.25427449209741	6.42939475710851	7.25530649796125	7.86960697924993	5.82623464204499	7.69298799601118	5.82623464204499	6.79980159397184	6.07396651652034	10.9329057059591	13.2456613828969	11.6232744019366	11.8181691501862	7.07565646791536
tempus388_Pre	12.7544945191421	11.563068461608	12.641557190048	12.5152402291724	6.80057384550788	7.3898584947048	7.29255750771815	5.95887805249578	8.00806763129475	5.95887805249578	7.33738483268869	6.01375479936807	6.8882108780959	6.75757523096949	11.3479319245421	13.2039229942305	13.3443651301689	8.7299021250006	7.30770078734147
tempus389_Post	12.2689570912306	12.0852852935244	13.0179929577639	14.2212107731526	7.97582603037234	6.73075079327443	7.95400342578413	6.06335665464081	8.23590547145837	6.06335665464081	7.07944899605405	6.0999372062353	6.98931277006371	6.31801484182866	11.2611157253163	13.3457830823227	11.663898015197	10.6907254748006	7.77556666881169
tempus390_Post	7.85241089333303	5.82623464204499	13.0899877691137	13.6453309391071	9.48552684540003	6.59110983426787	10.5844856961844	6.35415119040999	8.70351661315405	6.56877070239911	8.16801670808323	6.15063898031097	8.75340058966268	8.01969763559902	11.5890397574454	13.2444447247705	9.10920811708815	8.91952516403168	7.51806005048237
tempus390_Pre	13.0230592574529	11.3968913028609	13.1494457188943	13.1813436072666	7.94974980899558	8.83867247813851	8.12073012818415	5.82623464204499	7.92205833891759	6.05919713729499	7.30731146040855	6.05919713729499	6.2288680978484	5.82623464204499	11.027089551956	13.1463819490047	14.0541816607208	11.6502312394665	6.65563664798154
tempus391_Post	12.8521856577335	10.2065696882121	12.620136036764	13.6691393837159	9.60338903805174	12.0201469508581	12.5758212781781	6.29881974337413	8.42490279797257	6.01988503944882	7.47859125168095	6.16114629722294	7.03175377089497	6.61539953993051	11.6704878458133	12.3901667696314	12.4694042003548	12.9558436487023	6.9744990426794
tempus392_Post	13.0184732672103	11.7943741032526	13.6031805775161	13.204333937836	7.27251011268127	6.76562976571065	7.31524566067869	6.34474111471676	7.81449157403642	5.98333536032319	7.42186085642982	6.7018674339985	7.40906508011264	6.34474111471676	10.8213539447592	12.7060342984438	12.6987450457165	7.18954531680311	8.04586757952271
tempus393_Pre	12.4815658953026	10.9730907934772	14.1476961272475	15.0655064785434	6.35513651913481	6.43583854895266	6.30949955160496	5.82623464204499	7.72344538657149	5.82623464204499	7.10476170802754	5.82623464204499	6.62830798709236	6.30949955160496	11.5044050201897	13.6995205819741	13.9578795008045	7.73286457390317	7.50689734604077
tempus394_Pre	12.7345433168935	12.3179688850909	12.3108439322507	12.9021563377598	6.03565929662007	5.82623464204499	6.18833614740565	6.03565929662007	8.28326587881398	5.82623464204499	7.47600388313376	6.37744795787864	7.06301270059647	6.45018612976171	11.2214161944518	13.4880845795176	12.4999238760097	7.27597212488697	7.40932256134743
tempus395_Pre	12.5129479737842	11.3269543517207	13.699210390483	13.4466143118022	6.69162859384558	6.52596209437777	6.77373769206038	6.12698761182555	8.24768930715067	5.97681520920138	7.4894416207689	6.90776945949837	6.87859642597074	6.32341666742754	11.2885583152909	12.180151226514	14.9465744407898	14.6252825386984	7.9751959971024
tempus396_Post	12.7961203276611	10.8698554025524	12.9043176183624	13.4924408632269	6.90408159430883	5.82623464204499	6.41183260992701	6.21811303582351	8.41804085925285	6.02262509456629	7.14185608827843	6.28522852763966	7.58501594748158	6.69214177031098	10.5259287675593	12.1933372976844	13.322667431524	8.94819245538667	6.57887495632307
tempus397_Pre	13.2410099057426	11.5010162749846	12.7155540274998	12.0671547144728	6.44824778414748	6.02430390377045	6.8355324409726	5.82623464204499	7.7729602736888	5.82623464204499	6.67785811777735	6.02430390377045	6.38342966755389	6.22144743823133	11.2701254449577	13.1553546361408	14.3223534811969	11.4293946866795	7.29713721904061
tempus398_Post	13.8687654247856	10.8655763457902	12.9251075275558	12.080552122743	6.24722008925543	6.41952308782813	6.52013174950635	6.03728672674995	8.14001443813377	6.03728672674995	7.10332297571849	6.12444241820538	7.99633879331701	7.05609691870175	12.0137859522652	12.6165728927686	13.1593248315126	6.79853393884611	6.79853393884611
tempus399_Post	12.7264804809065	11.5980960558759	13.2844396071375	13.7677553842477	7.01528567365343	6.2183819158575	6.05310477723936	6.1467486028871	7.80412424592406	5.98673861064136	8.06647975623156	6.18439706480625	7.46609123860601	6.86862416485555	11.5201005341667	13.6289477385412	13.7878294750547	12.0512493176252	7.31609064670781
tempus400_Pre	12.3546262895256	11.331343622357	14.1577340138667	14.4657055255929	6.06969679678384	5.82623464204499	6.24693187354596	6.10724976251937	8.01182643404534	6.14029552651485	7.21414261284279	6.22302678776729	7.69332759086628	7.29119644992847	11.8602740027815	13.1157569313186	15.3481734761566	6.63614595201332	8.27025572813919
